segment_id,road_id,road_class,district,climate_zone,chainage_km,traffic_volume_vpd,pavement_thickness_mm,pavement_age_years,rainfall_mm_year,avg_temperature_c,crack_density_pct,surface_roughness_iri,deflection_mm,years_since_maintenance,remaining_life_years
DI-123/03,DI-123,District Road,Dharwad,Arid,3.0,7380.0,94.0,6.2,624.0,32.5,4.9,3.25,0.352,6,17.35
DI-144/03,DI-144,District Road,Nashik,Arid,3.0,6400.0,71.2,17.2,723.0,36.4,72.0,7.92,0.709,7,0.0
ST-075/07,ST-075,State Highway,Latur,Wet,7.0,14850.0,161.5,9.5,1851.0,22.0,28.9,5.17,0.449,9,1.93
ST-088/03,ST-088,State Highway,Dharwad,Wet,3.0,19710.0,186.1,7.2,1693.0,25.2,8.7,3.05,0.354,1,8.6
DI-141/06,DI-141,District Road,Erode,Moderate,6.0,4240.0,119.4,13.6,1492.0,28.0,9.4,4.54,0.423,9,6.87
ST-044/09,ST-044,State Highway,Dharwad,Arid,9.0,16210.0,170.2,1.5,402.0,27.1,1.3,2.49,0.356,1,16.49
ST-093/08,ST-093,State Highway,Anantpur,Wet,8.0,10990.0,162.6,18.7,2563.0,21.5,72.0,7.15,0.533,4,0.0
ST-045/12,ST-045,State Highway,Anantpur,Wet,12.0,7730.0,136.4,6.0,2473.0,33.3,31.1,4.42,0.414,6,1.34
NA-018/02,NA-018,National Highway,Chittoor,Wet,2.0,28810.0,296.6,1.2,1755.0,30.2,0.2,2.52,0.22,1,19.95
NA-022/07,NA-022,National Highway,Latur,Moderate,7.0,19990.0,291.4,4.7,1186.0,27.3,0.2,2.26,0.224,4,20.33
ST-072/04,ST-072,State Highway,Kadapa,Moderate,4.0,6120.0,160.1,22.2,908.0,88.0,20.8,5.3,0.392,7,0.11
NA-008/02,NA-008,National Highway,Bilaspur,Arid,2.0,17770.0,250.4,6.2,299.0,30.1,0.2,3.08,0.303,6,15.81
ST-073/04,ST-073,State Highway,Chittoor,Moderate,4.0,18190.0,142.0,17.2,1264.0,21.7,36.4,4.25,0.361,8,3.38
ST-066/06,ST-066,State Highway,Chittoor,Wet,6.0,8680.0,186.0,3.6,3020.0,28.1,0.3,2.39,0.331,3,14.18
DI-137/01,DI-137,District Road,Bilaspur,Wet,1.0,5270.0,132.7,11.3,2399.0,23.6,12.0,4.09,0.432,6,8.21
NA-006/08,NA-006,National Highway,Chittoor,Arid,8.0,34590.0,324.2,1.1,416.0,30.8,0.2,1.89,0.188,1,22.04
DI-150/09,DI-150,District Road,Chittoor,Wet,9.0,2860.0,143.6,17.5,2539.0,26.6,9.9,5.57,0.291,5,3.28
ST-071/07,ST-071,State Highway,Dharwad,Wet,7.0,15700.0,196.1,23.2,1630.0,32.4,36.9,6.13,0.381,6,0.0
ST-050/02,ST-050,State Highway,Latur,Arid,2.0,17580.0,158.1,8.3,761.0,35.6,16.5,3.77,0.33,2,4.85
DI-097/10,DI-097,District Road,Erode,Wet,10.0,4500.0,151.1,12.9,1628.0,23.6,8.5,4.23,0.409,9,9.61
DI-127/11,DI-127,District Road,Kadapa,Moderate,11.0,1950.0,132.3,21.7,852.0,76.1,11.9,5.53,0.338,2,2.43
ST-054/10,ST-054,State Highway,Nashik,Moderate,10.0,11330.0,172.9,11.0,1123.0,23.6,4.9,2.81,0.316,3,14.84
DI-106/09,DI-106,District Road,Kadapa,Wet,9.0,7540.0,85.8,13.0,2772.0,87.8,72.0,7.03,0.577,2,0.0
ST-071/03,ST-071,State Highway,Dharwad,Wet,3.0,13710.0,180.9,23.5,1672.0,31.7,56.1,5.72,0.402,4,0.0
ST-072/08,ST-072,State Highway,Kadapa,Moderate,8.0,6010.0,167.4,22.0,901.0,88.5,15.2,5.0,0.315,9,0.29
NA-020/04,NA-020,National Highway,Chittoor,Arid,4.0,19920.0,280.9,1.2,341.0,32.5,0.4,1.63,0.267,1,22.84
NA-041/07,NA-041,National Highway,Kadapa,Arid,7.0,32690.0,241.3,12.4,392.0,90.7,14.1,3.72,0.315,2,10.05
NA-039/03,NA-039,National Highway,Latur,Moderate,3.0,23450.0,304.5,17.2,1420.0,22.6,5.6,4.28,0.228,4,7.39
ST-092/11,ST-092,State Highway,Kadapa,Wet,11.0,21550.0,158.8,18.5,2003.0,73.2,72.0,7.36,0.714,7,0.0
NA-039/06,NA-039,National Highway,Latur,Moderate,6.0,27810.0,323.1,17.4,1376.0,21.3,0.6,4.3,0.286,8,7.71
DI-128/08,DI-128,District Road,Erode,Arid,8.0,2940.0,74.2,10.2,724.0,28.9,3.8,3.72,0.44,7,15.65
DI-148/05,DI-148,District Road,Chittoor,Moderate,5.0,4210.0,63.8,7.7,1328.0,22.1,8.4,4.38,0.467,6,5.4
DI-119/10,DI-119,District Road,Nashik,Arid,10.0,7850.0,123.9,8.3,462.0,34.8,2.8,3.89,0.37,1,15.17
NA-035/03,NA-035,National Highway,Kadapa,Moderate,3.0,39490.0,231.4,7.0,1201.0,74.7,10.3,3.14,0.292,3,6.72
DI-119/04,DI-119,District Road,Nashik,Arid,4.0,6300.0,140.4,9.2,489.0,35.2,0.5,3.76,0.242,9,14.04
NA-027/06,NA-027,National Highway,Chittoor,Arid,6.0,37070.0,220.1,15.7,511.0,33.0,70.7,4.99,0.417,4,0.0
NA-013/01,NA-013,National Highway,Chittoor,Moderate,1.0,17460.0,291.0,4.9,1160.0,23.5,0.2,2.3,0.223,4,21.15
NA-022/01,NA-022,National Highway,Latur,Moderate,1.0,18340.0,301.3,4.9,1128.0,26.6,0.2,2.02,0.213,4,20.53
DI-136/03,DI-136,District Road,Nashik,Wet,3.0,5460.0,89.5,9.8,1664.0,32.3,9.3,3.47,0.462,1,9.83
ST-090/04,ST-090,State Highway,Anantpur,Wet,4.0,11500.0,187.6,16.8,2140.0,30.7,25.2,4.8,0.393,8,4.17
DI-145/03,DI-145,District Road,Kadapa,Wet,3.0,2580.0,137.2,6.9,2536.0,90.0,4.1,3.71,0.309,5,12.49
DI-136/06,DI-136,District Road,Nashik,Wet,6.0,5410.0,89.6,8.8,1561.0,34.9,7.4,4.43,0.451,6,10.33
NA-007/03,NA-007,National Highway,Latur,Arid,3.0,37440.0,210.5,19.4,,36.2,72.0,7.39,0.615,4,0.0
NA-010/07,NA-010,National Highway,Erode,Arid,7.0,45360.0,250.4,11.3,642.0,35.8,14.5,3.68,0.251,1,9.46
ST-061/01,ST-061,State Highway,Dharwad,Wet,1.0,18520.0,166.7,10.5,1742.0,25.1,20.9,3.96,0.376,3,4.62
DI-140/07,DI-140,District Road,Anantpur,Wet,7.0,5200.0,111.4,11.1,2365.0,29.0,40.6,5.42,0.555,8,1.41
ST-069/01,ST-069,State Highway,Erode,Moderate,1.0,7900.0,229.8,7.4,1026.0,31.2,0.2,3.26,0.251,7,14.78
NA-028/06,NA-028,National Highway,Bilaspur,Wet,6.0,31790.0,288.6,9.2,2166.0,28.1,0.2,3.22,0.269,6,11.39
DI-143/05,DI-143,District Road,Latur,Arid,5.0,3170.0,65.1,-21.8,372.0,33.6,72.0,5.93,0.554,8,0.0
DI-113/07,DI-113,District Road,Anantpur,Moderate,7.0,6810.0,62.6,18.4,1070.0,32.5,72.0,7.68,0.686,9,0.0
ST-060/08,ST-060,State Highway,Kadapa,Moderate,8.0,8660.0,217.9,12.5,826.0,85.6,5.9,3.56,0.299,9,11.6
DI-148/07,DI-148,District Road,Chittoor,Moderate,7.0,4750.0,88.7,7.9,1354.0,21.8,6.3,3.77,0.403,2,13.5
NA-022/04,NA-022,National Highway,Latur,Moderate,4.0,24020.0,297.6,5.1,1145.0,27.5,1.9,2.31,0.176,5,20.02
DI-104/07,DI-104,District Road,Latur,Moderate,7.0,2580.0,139.4,22.5,824.0,29.4,10.8,5.76,0.315,7,0.0
ST-059/05,ST-059,State Highway,Latur,Moderate,5.0,13930.0,167.3,18.9,1565.0,29.8,12.9,4.85,0.29,3,0.97
NA-006/10,NA-006,National Highway,Chittoor,Arid,10.0,30030.0,291.4,1.0,363.0,33.4,0.5,1.56,0.235,0,21.52
ST-056/01,ST-056,State Highway,Kadapa,Arid,1.0,8230.0,145.4,3.8,594.0,95.4,-1.0,2.52,0.337,3,13.22
ST-086/01,ST-086,State Highway,Nashik,Moderate,1.0,12060.0,215.1,17.0,1428.0,24.4,3.4,4.1,0.274,8,7.43
NA-002/02,NA-002,National Highway,Chittoor,Arid,2.0,20250.0,256.4,7.9,366.0,28.5,0.8,2.63,0.262,1,15.59
NA-032/07,NA-032,National Highway,Latur,Wet,7.0,35860.0,279.8,11.4,2529.0,32.5,6.9,3.84,0.245,6,7.41
ST-053/10,ST-053,State Highway,Chittoor,Wet,10.0,10440.0,234.1,1.6,1975.0,27.9,1.5,2.11,0.278,1,17.91
ST-062/02,ST-062,State Highway,Bilaspur,Arid,2.0,8750.0,131.5,17.0,656.0,33.6,21.8,4.63,0.307,6,4.44
DI-104/04,DI-104,District Road,Latur,Moderate,4.0,2580.0,133.3,22.8,759.0,29.4,12.5,6.2,0.321,8,0.0
ST-049/05,ST-049,State Highway,Chittoor,Arid,5.0,5900.0,158.2,9.5,842.0,27.8,1.5,2.93,0.305,3,16.02
NA-032/01,NA-032,National Highway,Latur,Wet,1.0,33210.0,272.6,11.0,2479.0,31.0,5.2,3.78,0.308,5,8.33
DI-150/01,DI-150,District Road,Chittoor,Wet,1.0,2750.0,122.4,16.7,2502.0,26.6,6.1,5.05,0.325,8,4.21
DI-137/11,DI-137,District Road,Bilaspur,Wet,11.0,4770.0,135.4,12.4,2386.0,23.1,17.0,4.68,0.366,4,7.29
NA-011/06,NA-011,National Highway,Kadapa,Moderate,6.0,18290.0,260.3,15.7,1074.0,79.7,6.2,3.91,0.287,9,9.57
DI-136/02,DI-136,District Road,Nashik,Wet,2.0,5450.0,90.3,8.2,1525.0,31.4,7.4,3.83,0.425,8,12.08
NA-020/03,NA-020,National Highway,Chittoor,Arid,3.0,23240.0,274.2,2.9,433.0,34.5,0.2,2.38,0.295,2,20.34
ST-088/04,ST-088,State Highway,Dharwad,Wet,4.0,16130.0,196.0,6.5,1681.0,25.5,2.3,3.14,0.292,1,14.41
NA-041/04,NA-041,National Highway,Kadapa,Arid,4.0,30410.0,247.1,13.4,275.0,87.6,9.1,3.43,0.31,4,9.82
NA-012/05,NA-012,National Highway,Dharwad,Wet,5.0,20130.0,300.7,15.4,1774.0,31.1,8.3,4.06,0.268,4,3.83
NA-035/09,NA-035,National Highway,Kadapa,Moderate,9.0,37180.0,233.1,7.3,1126.0,77.2,5.4,2.83,0.307,7,7.19
ST-067/02,ST-067,State Highway,Nashik,Arid,2.0,12250.0,225.6,10.2,312.0,36.6,1.3,3.49,0.254,9,12.22
ST-082/09,ST-082,State Highway,Erode,Wet,9.0,14170.0,168.8,15.5,2554.0,30.4,72.0,7.48,0.589,5,0.0
ST-083/03,ST-083,State Highway,Anantpur,Moderate,3.0,14700.0,212.6,15.5,980.0,29.0,6.5,4.33,0.246,8,7.14
NA-002/10,NA-002,National Highway,Chittoor,Arid,10.0,22050.0,262.0,9.1,332.0,28.5,6.1,3.15,0.249,9,14.53
ST-088/05,ST-088,State Highway,Dharwad,Wet,5.0,16620.0,199.1,7.3,1705.0,24.9,3.1,2.77,0.332,3,14.53
ST-051/06,ST-051,State Highway,Kadapa,Arid,6.0,15910.0,177.6,12.4,443.0,83.1,5.9,3.48,0.294,8,10.25
DI-121/09,DI-121,District Road,Chittoor,Moderate,9.0,3730.0,125.1,15.9,1225.0,23.0,6.1,5.12,0.356,2,8.61
NA-042/07,NA-042,National Highway,Latur,Wet,7.0,34110.0,247.0,17.4,1684.0,32.5,16.1,4.84,0.309,7,3.87
DI-135/02,DI-135,District Road,Dharwad,Arid,2.0,2270.0,126.7,14.8,591.0,39.0,9.3,4.8,0.378,9,6.37
ST-072/06,ST-072,State Highway,Kadapa,Moderate,6.0,7370.0,151.1,22.3,904.0,84.2,20.5,5.19,0.371,9,0.66
DI-097/04,DI-097,District Road,Erode,Wet,4.0,4500.0,137.0,12.4,1489.0,23.7,12.7,4.19,0.455,2,10.44
ST-079/06,ST-079,State Highway,Anantpur,Moderate,6.0,15260.0,151.1,10.2,,25.8,5.5,3.5,0.312,8,11.03
NA-038/08,NA-038,National Highway,Erode,Moderate,8.0,23020.0,237.5,11.6,793.0,22.0,4.6,3.09,0.328,3,12.07
DI-105/06,DI-105,District Road,Chittoor,Arid,6.0,5950.0,92.5,18.5,605.0,32.0,14.7,5.29,0.301,5,4.7
ST-088/07,ST-088,State Highway,Dharwad,Wet,7.0,20920.0,186.5,7.2,1618.0,23.4,6.0,2.83,0.294,1,8.74
DI-112/03,DI-112,District Road,Bilaspur,Moderate,3.0,2420.0,99.7,6.9,1118.0,32.2,5.5,3.43,0.47,3,13.19
ST-086/09,ST-086,State Highway,Nashik,Moderate,9.0,13090.0,209.4,16.2,1306.0,24.4,8.8,4.3,0.258,4,8.5
ST-061/08,ST-061,State Highway,Dharwad,Wet,8.0,16960.0,175.3,10.6,1670.0,25.1,11.1,3.43,0.371,1,8.56
ST-067/04,ST-067,State Highway,Nashik,Arid,4.0,11950.0,207.2,10.5,330.0,37.3,4.8,3.31,0.242,5,11.65
DI-109/06,DI-109,District Road,Anantpur,Arid,6.0,3410.0,115.9,6.2,580.0,34.6,0.4,3.44,0.343,3,14.93
DI-103/04,DI-103,District Road,Nashik,Moderate,4.0,4490.0,145.8,6.5,1126.0,26.7,0.2,3.97,0.305,6,15.94
NA-041/01,NA-041,National Highway,Kadapa,Arid,1.0,30930.0,235.3,11.7,456.0,89.6,15.2,3.4,0.29,2,9.73
DI-149/03,DI-149,District Road,Anantpur,Arid,3.0,1580.0,148.0,9.2,649.0,26.7,0.2,3.69,0.26,1,13.55
NA-033/07,NA-033,National Highway,Erode,Moderate,7.0,27910.0,231.1,16.8,1271.0,29.3,11.8,4.66,0.306,6,3.44
DI-147/04,DI-147,District Road,Chittoor,Moderate,4.0,2020.0,99.9,11.6,866.0,26.1,8.5,4.27,0.448,6,10.5
ST-063/07,ST-063,State Highway,Chittoor,Arid,7.0,12580.0,181.4,23.3,703.0,29.8,25.5,5.28,0.344,7,0.0
NA-021/06,NA-021,National Highway,Kadapa,Arid,6.0,41800.0,271.5,7.4,315.0,91.6,4.7,2.89,0.266,2,12.73
ST-052/02,ST-052,State Highway,Kadapa,Moderate,2.0,10790.0,225.8,19.0,1007.0,82.2,6.2,4.55,0.247,6,4.36
NA-005/05,NA-005,National Highway,Nashik,Wet,5.0,19030.0,273.5,1.3,1829.0,22.7,0.2,2.1,0.244,1,19.44
ST-053/03,ST-053,State Highway,Chittoor,Wet,3.0,10650.0,216.4,0.9,1964.0,28.5,0.2,1.73,0.342,0,16.1
DI-116/02,DI-116,District Road,Latur,Moderate,2.0,5460.0,108.6,17.3,1126.0,24.4,13.4,5.14,0.39,7,4.78
DI-122/08,DI-122,District Road,Anantpur,Arid,8.0,1830.0,86.1,16.9,690.0,34.9,19.1,5.25,0.423,5,3.76
DI-101/04,DI-101,District Road,Erode,Arid,4.0,4300.0,105.6,14.3,512.0,30.3,10.4,4.83,0.414,6,7.1
DI-104/01,DI-104,District Road,Latur,Moderate,1.0,2480.0,126.2,22.4,859.0,27.9,12.7,5.84,0.301,3,0.0
NA-015/10,NA-015,National Highway,Latur,Wet,10.0,23080.0,300.3,8.8,1549.0,21.4,1.6,3.34,0.253,2,14.31
NA-037/08,NA-037,National Highway,Chittoor,Wet,8.0,30370.0,287.0,21.9,1840.0,32.1,14.8,5.25,0.238,7,0.0
ST-080/07,ST-080,State Highway,Latur,Moderate,7.0,17500.0,126.5,20.4,1138.0,26.2,44.3,4.82,0.358,1,2.18
DI-106/10,DI-106,District Road,Kadapa,Wet,10.0,6540.0,63.8,12.8,2823.0,89.4,72.0,7.94,0.805,3,0.0
NA-019/04,NA-019,National Highway,Anantpur,Arid,4.0,32680.0,264.6,13.2,454.0,33.5,8.1,3.62,0.261,9,11.5
ST-059/06,ST-059,State Highway,Latur,Moderate,6.0,11170.0,166.6,19.7,1530.0,30.0,16.0,5.09,0.293,8,0.21
NA-012/11,NA-012,National Highway,Dharwad,Wet,11.0,25680.0,302.4,15.1,1677.0,31.5,10.2,4.16,0.316,4,4.25
DI-129/06,DI-129,District Road,Dharwad,Moderate,6.0,6000.0,129.6,2.6,1163.0,27.9,0.2,2.52,0.29,1,20.71
DI-123/06,DI-123,District Road,Dharwad,Arid,6.0,6530.0,94.4,5.6,567.0,34.7,0.2,3.49,0.315,5,17.4
NA-015/05,NA-015,National Highway,Latur,Wet,5.0,22540.0,315.3,9.1,1684.0,23.6,3.1,3.36,0.241,2,13.08
ST-050/03,ST-050,State Highway,Latur,Arid,3.0,17530.0,144.4,9.7,722.0,34.9,32.7,5.0,0.416,9,0.95
NA-027/03,NA-027,National Highway,Chittoor,Arid,3.0,32670.0,237.8,16.6,604.0,33.6,36.1,4.63,0.348,2,3.69
DI-124/03,DI-124,District Road,Erode,Wet,3.0,5370.0,113.4,20.7,1460.0,28.9,11.5,5.17,0.362,8,1.47
DI-116/08,DI-116,District Road,Latur,Moderate,8.0,5890.0,102.5,18.3,1008.0,23.3,26.5,5.15,0.388,1,4.37
DI-115/06,DI-115,District Road,Anantpur,Moderate,6.0,2430.0,108.1,13.5,1385.0,25.9,5.3,4.33,0.375,1,11.3
DI-111/03,DI-111,District Road,Erode,Wet,3.0,1100.0,114.5,2.0,2431.0,31.5,0.2,2.78,0.358,1,16.82
NA-002/06,NA-002,National Highway,Chittoor,Arid,6.0,20360.0,249.2,9.1,291.0,28.0,2.1,3.07,0.293,9,14.73
DI-098/01,DI-098,District Road,Latur,Wet,1.0,1910.0,112.2,20.8,2378.0,26.9,10.9,5.91,0.385,1,0.21
ST-070/01,ST-070,State Highway,Bilaspur,Wet,1.0,17480.0,194.1,4.5,1903.0,32.9,0.7,2.48,0.321,4,6.54
ST-093/05,ST-093,State Highway,Anantpur,Wet,5.0,13270.0,143.0,19.0,2689.0,22.4,72.0,7.5,0.784,2,0.0
ST-094/01,ST-094,State Highway,Erode,Arid,1.0,7590.0,200.7,15.1,454.0,28.9,9.4,4.06,0.348,9,7.72
DI-100/07,DI-100,District Road,Anantpur,Moderate,7.0,6500.0,94.2,12.5,896.0,29.8,19.2,4.37,0.379,8,8.7
NA-004/06,NA-004,National Highway,Latur,Arid,6.0,37280.0,225.8,9.4,370.0,31.8,23.0,4.3,0.345,2,3.37
DI-115/10,DI-115,District Road,Anantpur,Moderate,10.0,2190.0,95.9,13.8,1255.0,26.5,8.1,4.12,0.425,9,11.15
NA-011/03,NA-011,National Highway,Kadapa,Moderate,3.0,18110.0,264.3,17.1,1145.0,82.8,5.8,4.07,0.276,3,7.48
NA-036/07,NA-036,National Highway,Chittoor,Moderate,7.0,33370.0,265.1,20.5,771.0,29.5,25.0,5.08,0.335,8,4.03
ST-074/01,ST-074,State Highway,Anantpur,Wet,1.0,12960.0,161.4,7.9,2953.0,30.6,7.9,3.65,0.349,5,6.2
DI-099/03,DI-099,District Road,Kadapa,Wet,3.0,4200.0,65.9,0.9,1619.0,81.9,1.8,3.1,0.352,0,4.92
NA-028/05,NA-028,National Highway,Bilaspur,Wet,5.0,26900.0,316.9,8.6,2285.0,27.7,1.7,3.11,0.256,4,11.74
DI-100/02,DI-100,District Road,Anantpur,Moderate,2.0,6520.0,73.6,13.5,835.0,29.1,56.1,5.32,0.505,7,0.22
ST-062/07,ST-062,State Highway,Bilaspur,Arid,7.0,0.0,160.3,16.6,671.0,35.3,18.0,4.58,0.309,4,4.31
DI-114/05,DI-114,District Road,Nashik,Arid,5.0,5550.0,156.1,7.8,315.0,36.7,6.1,3.39,0.268,7,14.43
ST-083/06,ST-083,State Highway,Anantpur,Moderate,6.0,13730.0,229.4,16.7,984.0,28.3,6.3,4.24,0.26,2,6.08
ST-085/07,ST-085,State Highway,Chittoor,Moderate,7.0,18250.0,156.3,2.7,1386.0,30.9,3.0,2.27,0.335,2,9.31
ST-070/05,ST-070,State Highway,Bilaspur,Wet,5.0,14580.0,205.3,4.8,2021.0,32.4,2.2,2.46,0.351,4,11.08
NA-003/04,NA-003,National Highway,Bilaspur,Wet,4.0,41640.0,290.7,23.1,1467.0,27.8,15.4,5.46,0.268,9,0.85
NA-012/04,NA-012,National Highway,Dharwad,Wet,4.0,26050.0,304.4,16.3,1646.0,31.4,8.1,4.74,0.294,1,3.19
NA-002/08,NA-002,National Highway,Chittoor,Arid,8.0,18860.0,254.6,8.4,296.0,30.0,0.9,3.21,0.239,1,14.87
DI-140/06,DI-140,District Road,Anantpur,Wet,6.0,6880.0,112.4,10.8,2336.0,30.2,63.0,6.41,0.545,5,0.0
NA-037/07,NA-037,National Highway,Chittoor,Wet,7.0,34710.0,275.2,20.7,1828.0,32.1,15.1,5.29,0.276,2,0.0
ST-086/07,ST-086,State Highway,Nashik,Moderate,7.0,11370.0,197.4,16.5,1298.0,24.9,6.9,3.91,0.24,7,8.07
ST-053/09,ST-053,State Highway,Chittoor,Wet,9.0,9790.0,207.0,0.9,1972.0,29.0,0.2,1.9,0.328,0,14.48
NA-039/08,NA-039,National Highway,Latur,Moderate,8.0,28690.0,303.6,17.6,1395.0,22.3,0.8,4.11,0.241,5,7.2
NA-018/07,NA-018,National Highway,Chittoor,Wet,7.0,25540.0,282.5,2.1,1748.0,29.7,0.2,2.16,0.261,2,19.24
ST-048/06,ST-048,State Highway,Chittoor,Moderate,6.0,8320.0,185.8,10.2,1356.0,30.5,6.7,3.57,0.254,1,10.01
ST-068/05,ST-068,State Highway,Anantpur,Arid,5.0,15650.0,187.9,18.7,284.0,29.0,9.1,4.12,0.221,8,8.05
NA-037/05,NA-037,National Highway,Chittoor,Wet,5.0,30680.0,290.0,20.5,1779.0,32.5,8.9,4.97,0.303,4,0.14
ST-047/07,ST-047,State Highway,Dharwad,Moderate,7.0,8320.0,165.9,22.7,909.0,27.8,19.3,4.92,0.329,6,0.0
NA-011/04,NA-011,National Highway,Kadapa,Moderate,4.0,18970.0,259.6,16.8,1141.0,83.5,5.0,4.45,0.252,2,7.68
NA-001/05,NA-001,National Highway,Dharwad,Wet,5.0,25810.0,315.0,15.3,2772.0,25.7,8.6,4.47,0.288,1,3.47
NA-005/08,NA-005,National Highway,Nashik,Wet,8.0,21950.0,297.4,1.8,1811.0,22.3,0.2,1.85,0.23,1,19.04
ST-044/01,ST-044,State Highway,Dharwad,Arid,1.0,16280.0,177.5,0.9,471.0,28.6,0.2,1.78,0.348,0,18.61
ST-053/04,ST-053,State Highway,Chittoor,Wet,4.0,10730.0,213.6,1.3,1860.0,29.2,-1.0,2.3,0.314,1,14.93
ST-078/01,ST-078,State Highway,Nashik,Wet,1.0,12440.0,0.0,7.5,1777.0,31.9,10.5,3.34,0.357,7,6.64
DI-138/02,DI-138,District Road,Bilaspur,Moderate,2.0,6430.0,85.3,16.0,1151.0,23.0,10.1,4.76,0.351,4,5.85
ST-089/05,ST-089,State Highway,Erode,Moderate,5.0,13820.0,162.4,0.7,1060.0,25.5,0.2,2.17,0.258,0,22.5
DI-137/05,DI-137,District Road,Bilaspur,Wet,5.0,4190.0,135.8,12.4,2297.0,24.0,13.4,4.39,0.479,2,7.33
ST-072/02,ST-072,State Highway,Kadapa,Moderate,2.0,6260.0,159.4,23.0,853.0,86.7,16.6,4.99,0.359,8,0.0
DI-123/02,DI-123,District Road,Dharwad,Arid,2.0,7370.0,92.3,6.1,635.0,33.9,7.9,3.04,0.311,4,16.82
DI-097/01,DI-097,District Road,Erode,Wet,1.0,5270.0,144.0,12.8,1569.0,24.2,12.2,4.19,0.414,4,9.71
ST-087/04,ST-087,State Highway,Dharwad,Moderate,4.0,16850.0,189.9,19.9,864.0,22.1,6.7,4.29,0.298,8,5.85
NA-012/07,NA-012,National Highway,Dharwad,Wet,7.0,22470.0,322.2,14.4,1635.0,31.2,9.0,4.4,0.269,7,5.18
ST-079/04,ST-079,State Highway,Anantpur,Moderate,4.0,17570.0,148.0,8.8,1307.0,27.1,5.8,3.37,0.311,1,11.92
NA-006/01,NA-006,National Highway,Chittoor,Arid,1.0,38340.0,302.0,2.2,336.0,32.1,2.9,2.09,0.256,2,20.75
DI-125/05,DI-125,District Road,Anantpur,Arid,5.0,760.0,106.6,2.2,459.0,37.0,0.2,2.76,0.312,2,18.23
NA-020/07,NA-020,National Highway,Chittoor,Arid,7.0,26120.0,280.8,2.0,355.0,33.8,0.2,2.34,0.179,1,21.66
DI-130/03,DI-130,District Road,Bilaspur,Moderate,3.0,950.0,85.8,11.7,834.0,29.1,2.3,3.89,0.333,9,13.66
NA-034/05,NA-034,National Highway,Anantpur,Arid,5.0,43730.0,275.4,7.7,667.0,35.8,8.8,3.2,0.293,7,8.11
ST-091/05,ST-091,State Highway,Dharwad,Wet,5.0,13600.0,185.7,15.8,1505.0,29.0,24.1,4.11,0.414,6,5.97
DI-123/10,DI-123,District Road,Dharwad,Arid,10.0,6200.0,86.4,5.5,555.0,34.5,4.3,3.04,0.329,5,17.18
ST-053/01,ST-053,State Highway,Chittoor,Wet,1.0,12200.0,207.5,0.5,1987.0,27.8,0.8,1.51,0.273,0,12.67
NA-030/07,NA-030,National Highway,Anantpur,Arid,7.0,32870.0,289.0,10.2,427.0,26.5,2.1,2.85,0.279,2,13.36
NA-035/05,NA-035,National Highway,Kadapa,Moderate,5.0,46970.0,239.2,8.7,1197.0,77.9,21.0,3.73,0.338,5,5.27
ST-069/06,ST-069,State Highway,Erode,Moderate,6.0,6110.0,235.9,8.0,1039.0,31.2,0.7,2.78,0.191,3,14.15
DI-140/09,DI-140,District Road,Anantpur,Wet,9.0,5990.0,120.7,10.9,2406.0,30.0,29.7,5.51,0.49,7,2.56
NA-037/03,NA-037,National Highway,Chittoor,Wet,3.0,37660.0,304.5,20.2,1786.0,34.0,12.3,5.31,0.273,1,0.0
NA-017/09,NA-017,National Highway,Nashik,Wet,9.0,23480.0,282.0,23.2,1535.0,24.1,7.6,5.71,0.208,1,0.0
DI-143/10,DI-143,District Road,Latur,Arid,10.0,3120.0,65.3,22.7,278.0,31.2,72.0,6.09,0.536,4,0.0
NA-042/08,NA-042,National Highway,Latur,Wet,8.0,34510.0,230.0,17.7,,33.4,34.6,4.6,0.334,1,3.28
NA-024/10,NA-024,National Highway,Anantpur,Moderate,10.0,34560.0,256.4,14.2,1338.0,29.9,14.9,3.88,0.317,4,9.03
NA-035/04,NA-035,National Highway,Kadapa,Moderate,4.0,41030.0,240.5,7.8,1106.0,77.4,9.0,3.17,0.3,6,7.55
ST-071/09,ST-071,State Highway,Dharwad,Wet,9.0,16360.0,183.7,23.7,1561.0,33.0,72.0,6.27,0.397,7,0.0
NA-026/06,NA-026,National Highway,Chittoor,Wet,6.0,31470.0,299.1,10.4,2531.0,28.1,3.1,3.78,0.296,5,9.07
ST-054/11,ST-054,State Highway,Nashik,Moderate,11.0,11960.0,185.1,10.5,1073.0,22.9,3.1,3.1,0.294,6,15.69
ST-067/11,ST-067,State Highway,Nashik,Arid,11.0,11960.0,198.2,11.0,427.0,37.3,6.2,3.49,0.28,6,10.99
NA-002/13,NA-002,National Highway,Chittoor,Arid,13.0,18860.0,263.8,9.0,378.0,26.7,2.6,2.89,0.225,4,15.0
DI-136/05,DI-136,District Road,Nashik,Wet,5.0,5210.0,100.4,7.0,1520.0,32.3,5.0,4.01,0.389,3,12.98
ST-068/09,ST-068,State Highway,Anantpur,Arid,9.0,15030.0,183.9,17.7,307.0,29.8,10.2,3.66,0.265,3,8.68
DI-146/09,DI-146,District Road,Erode,Moderate,9.0,1500.0,82.7,3.8,850.0,28.1,0.2,3.28,0.397,3,20.32
ST-058/09,ST-058,State Highway,Kadapa,Arid,9.0,15180.0,194.7,17.9,352.0,82.2,10.5,4.54,0.298,7,4.81
DI-126/02,DI-126,District Road,Kadapa,Moderate,2.0,6080.0,90.3,4.5,860.0,83.5,0.2,3.3,0.306,4,18.8
ST-086/02,ST-086,State Highway,Nashik,Moderate,2.0,14210.0,190.6,15.9,,23.9,5.9,3.75,0.282,7,9.09
DI-100/04,DI-100,District Road,Anantpur,Moderate,4.0,0.0,84.9,13.7,774.0,28.1,23.1,4.5,0.482,4,5.48
NA-022/03,NA-022,National Highway,Latur,Moderate,3.0,23120.0,278.0,5.2,1186.0,26.8,0.2,2.36,0.239,1,20.01
ST-055/07,ST-055,State Highway,Erode,Moderate,7.0,11580.0,158.9,7.5,810.0,32.8,4.4,3.22,0.313,1,15.87
ST-096/09,ST-096,State Highway,Bilaspur,Moderate,9.0,18660.0,214.1,17.7,1480.0,32.0,9.9,4.4,0.276,1,4.34
DI-147/08,DI-147,District Road,Chittoor,Moderate,8.0,2360.0,83.1,11.8,846.0,25.8,13.8,4.13,0.467,3,8.33
DI-148/10,DI-148,District Road,Chittoor,Moderate,10.0,3950.0,65.2,7.7,1275.0,21.2,11.2,4.1,0.471,6,7.01
ST-089/09,ST-089,State Highway,Erode,Moderate,9.0,14320.0,167.1,2.2,927.0,25.6,0.2,2.45,0.293,2,21.37
DI-139/08,DI-139,District Road,Kadapa,Moderate,8.0,5820.0,111.1,9.8,1081.0,87.4,3.1,3.68,0.357,4,10.58
DI-109/07,DI-109,District Road,Anantpur,Arid,7.0,4420.0,103.2,6.1,527.0,32.4,1.9,3.67,0.295,3,15.77
DI-101/06,DI-101,District Road,Erode,Arid,6.0,5480.0,114.3,14.3,368.0,29.4,11.3,4.62,0.409,4,7.7
ST-079/01,ST-079,State Highway,Anantpur,Moderate,1.0,14990.0,152.4,9.1,1304.0,28.6,3.2,3.16,0.287,1,11.26
NA-035/07,NA-035,National Highway,Kadapa,Moderate,7.0,44780.0,235.7,8.1,1187.0,74.3,10.7,3.49,0.342,5,5.93
DI-148/08,DI-148,District Road,Chittoor,Moderate,8.0,4170.0,65.4,7.0,1423.0,22.4,7.9,4.37,0.445,1,6.29
NA-013/11,NA-013,National Highway,Chittoor,Moderate,11.0,19830.0,250.8,6.2,1193.0,23.4,0.2,2.61,0.307,6,19.84
ST-087/07,ST-087,State Highway,Dharwad,Moderate,7.0,20630.0,209.3,20.1,900.0,22.7,12.0,4.75,0.271,7,5.34
DI-148/01,DI-148,District Road,Chittoor,Moderate,1.0,4350.0,74.9,6.3,1289.0,21.3,1.8,3.56,0.462,1,10.24
DI-119/02,DI-119,District Road,Nashik,Arid,2.0,6990.0,127.5,8.4,600.0,34.1,1.8,3.65,0.294,8,14.88
ST-044/08,ST-044,State Highway,Dharwad,Arid,8.0,18130.0,180.2,1.9,500.0,29.1,0.2,2.35,0.296,1,17.07
DI-143/06,DI-143,District Road,Latur,Arid,6.0,2650.0,70.4,21.4,273.0,31.9,47.7,5.91,0.525,7,0.02
ST-085/10,ST-085,State Highway,Chittoor,Moderate,10.0,15980.0,174.1,3.7,1541.0,30.8,3.2,2.33,0.294,3,14.89
ST-064/05,ST-064,State Highway,Dharwad,Wet,5.0,7450.0,181.9,17.0,2158.0,26.4,10.8,4.77,0.347,8,3.66
ST-059/02,ST-059,State Highway,Latur,Moderate,2.0,13180.0,164.7,17.3,1464.0,31.4,8.6,4.3,0.295,2,2.44
DI-145/07,DI-145,District Road,Kadapa,Wet,7.0,2340.0,132.5,6.7,2445.0,90.3,0.2,3.72,0.346,1,12.78
DI-137/07,DI-137,District Road,Bilaspur,Wet,7.0,4500.0,116.7,11.9,2390.0,23.1,26.9,4.49,0.422,6,4.56
NA-038/06,NA-038,National Highway,Erode,Moderate,6.0,26920.0,226.0,11.5,970.0,22.1,16.3,3.55,0.371,9,7.2
DI-128/01,DI-128,District Road,Erode,Arid,1.0,3050.0,82.8,9.6,750.0,31.1,6.2,3.96,0.391,2,15.37
ST-044/06,ST-044,State Highway,Dharwad,Arid,6.0,17010.0,194.9,0.9,386.0,28.3,0.9,1.99,0.25,0,24.43
ST-054/03,ST-054,State Highway,Nashik,Moderate,3.0,14040.0,171.1,10.6,1033.0,21.4,2.5,2.82,0.326,2,16.21
NA-016/05,NA-016,National Highway,Kadapa,Wet,5.0,25330.0,225.1,9.6,2207.0,71.4,5.6,3.35,0.293,9,13.18
NA-003/07,NA-003,National Highway,Bilaspur,Wet,7.0,35170.0,301.7,22.3,1560.0,27.5,8.5,5.25,0.283,1,1.5
ST-094/03,ST-094,State Highway,Erode,Arid,3.0,9940.0,205.3,14.5,617.0,29.3,-1.0,3.63,0.309,8,7.89
ST-066/03,ST-066,State Highway,Chittoor,Wet,3.0,9310.0,170.8,3.5,2914.0,27.3,0.2,2.5,0.309,3,13.94
ST-073/01,ST-073,State Highway,Chittoor,Moderate,1.0,21220.0,140.3,17.5,1324.0,22.4,47.1,5.34,0.429,2,0.27
NA-030/08,NA-030,National Highway,Anantpur,Arid,8.0,32280.0,257.6,9.3,562.0,27.3,9.1,3.35,0.332,9,11.95
DI-113/03,DI-113,District Road,Anantpur,Moderate,3.0,6710.0,70.4,19.0,1052.0,30.8,-1.0,6.29,0.532,6,0.0
ST-069/04,ST-069,State Highway,Erode,Moderate,4.0,7320.0,215.4,7.8,1070.0,31.5,1.3,3.39,0.209,5,14.18
NA-012/02,NA-012,National Highway,Dharwad,Wet,2.0,26740.0,308.7,16.3,1736.0,31.6,11.6,4.81,0.264,3,2.85
ST-088/10,ST-088,State Highway,Dharwad,Wet,10.0,15900.0,156.2,6.4,1705.0,24.5,13.3,3.96,0.374,1,4.3
NA-029/08,NA-029,National Highway,Erode,Arid,8.0,29150.0,283.6,17.9,399.0,35.3,9.7,4.43,0.294,4,6.21
ST-049/06,ST-049,State Highway,Chittoor,Arid,6.0,7120.0,141.6,9.2,734.0,27.2,7.0,3.07,0.355,2,14.07
NA-039/05,NA-039,National Highway,Latur,Moderate,5.0,25620.0,308.8,18.1,1642.0,21.6,4.9,4.23,0.208,4,6.21
DI-111/04,DI-111,District Road,Erode,Wet,4.0,1090.0,123.5,1.0,2524.0,31.5,0.2,2.61,0.329,1,17.54
DI-125/10,DI-125,District Road,Anantpur,Arid,10.0,860.0,128.2,2.8,306.0,36.2,2.0,2.87,0.319,2,18.23
DI-147/06,DI-147,District Road,Chittoor,Moderate,6.0,2630.0,111.9,10.5,805.0,28.6,6.0,3.87,0.418,1,11.09
NA-028/02,NA-028,National Highway,Bilaspur,Wet,2.0,26820.0,305.5,9.3,2205.0,28.5,0.2,3.34,0.255,3,11.07
ST-066/04,ST-066,State Highway,Chittoor,Wet,4.0,9180.0,188.7,2.9,2991.0,26.6,0.2,2.39,0.285,2,15.4
ST-063/05,ST-063,State Highway,Chittoor,Arid,5.0,13560.0,194.2,20.9,,32.3,28.1,5.28,0.35,6,0.02
DI-120/01,DI-120,District Road,Nashik,Moderate,1.0,2390.0,61.5,5.2,1246.0,28.5,0.2,3.46,0.378,2,16.36
DI-145/08,DI-145,District Road,Kadapa,Wet,8.0,2230.0,112.4,7.0,2473.0,89.8,0.2,3.74,0.327,1,12.5
ST-044/04,ST-044,State Highway,Dharwad,Arid,4.0,14310.0,180.7,1.5,531.0,29.5,1.1,1.72,0.28,1,21.05
DI-107/04,DI-107,District Road,Latur,Arid,4.0,2750.0,102.0,16.5,402.0,28.2,9.2,4.41,0.387,7,10.36
NA-037/11,NA-037,National Highway,Chittoor,Wet,11.0,31660.0,299.3,21.4,1798.0,32.6,11.4,4.93,0.268,5,0.0
DI-145/05,DI-145,District Road,Kadapa,Wet,5.0,2330.0,130.1,6.7,2558.0,92.5,0.2,3.46,0.335,1,12.08
DI-139/01,DI-139,District Road,Kadapa,Moderate,1.0,5730.0,104.8,8.5,1054.0,86.9,12.4,4.01,0.35,4,12.02
DI-100/05,DI-100,District Road,Anantpur,Moderate,5.0,6410.0,80.0,13.1,910.0,27.6,32.8,5.32,0.437,8,3.43
NA-013/10,NA-013,National Highway,Chittoor,Moderate,10.0,20320.0,278.7,5.7,1153.0,24.4,0.8,2.51,0.275,4,20.05
DI-119/03,DI-119,District Road,Nashik,Arid,3.0,6780.0,135.4,9.2,585.0,36.4,3.2,3.76,0.297,4,13.5
DI-099/04,DI-099,District Road,Kadapa,Wet,4.0,3760.0,91.5,0.6,1497.0,75.4,0.9,2.11,0.408,0,12.9
ST-092/10,ST-092,State Highway,Kadapa,Wet,10.0,18270.0,165.0,17.9,2083.0,75.0,72.0,7.07,0.603,4,0.0
NA-037/01,NA-037,National Highway,Chittoor,Wet,1.0,33320.0,299.5,21.3,1793.0,32.8,12.4,5.08,0.236,3,0.0
ST-089/03,ST-089,State Highway,Erode,Moderate,3.0,13770.0,159.7,1.6,1098.0,25.4,1.3,2.13,0.271,1,21.53
ST-089/01,ST-089,State Highway,Erode,Moderate,1.0,14820.0,178.1,1.2,918.0,27.7,0.9,1.9,0.283,1,21.74
ST-076/08,ST-076,State Highway,Latur,Wet,8.0,16790.0,175.7,22.4,2688.0,23.1,31.5,5.46,0.341,6,0.0
ST-086/13,ST-086,State Highway,Nashik,Moderate,13.0,11400.0,190.0,16.1,1271.0,24.4,2.3,3.96,0.286,9,8.68
NA-018/05,NA-018,National Highway,Chittoor,Wet,5.0,24650.0,291.9,1.9,1750.0,30.7,0.2,1.96,0.314,1,19.12
ST-068/06,ST-068,State Highway,Anantpur,Arid,6.0,12600.0,170.0,19.4,361.0,30.5,8.8,4.47,0.264,3,6.62
DI-106/04,DI-106,District Road,Kadapa,Wet,4.0,6700.0,80.0,12.5,2759.0,89.6,72.0,7.8,0.586,6,0.0
DI-127/07,DI-127,District Road,Kadapa,Moderate,7.0,2430.0,143.6,21.2,834.0,73.9,7.1,4.97,0.286,4,3.33
NA-028/07,NA-028,National Highway,Bilaspur,Wet,7.0,32530.0,286.2,9.8,2168.0,29.0,6.7,3.33,0.282,8,10.54
ST-062/08,ST-062,State Highway,Bilaspur,Arid,8.0,8400.0,135.5,16.5,582.0,35.6,20.9,4.48,0.267,7,4.59
ST-047/09,ST-047,State Highway,Dharwad,Moderate,9.0,7290.0,162.9,23.1,988.0,28.9,17.0,4.97,0.284,5,0.0
DI-135/07,DI-135,District Road,Dharwad,Arid,7.0,2350.0,125.0,16.2,703.0,38.3,10.0,4.99,0.367,1,4.91
ST-086/12,ST-086,State Highway,Nashik,Moderate,12.0,11920.0,181.6,16.5,1272.0,23.5,6.6,3.98,0.284,9,8.56
DI-137/02,DI-137,District Road,Bilaspur,Wet,2.0,5190.0,139.0,11.2,2283.0,24.1,9.5,4.07,0.369,6,8.54
ST-044/03,ST-044,State Highway,Dharwad,Arid,3.0,16820.0,189.3,1.2,347.0,28.4,3.2,2.05,0.286,1,22.2
ST-074/02,ST-074,State Highway,Anantpur,Wet,2.0,14780.0,172.3,8.7,2932.0,29.9,10.6,3.67,0.401,2,7.59
ST-090/05,ST-090,State Highway,Anantpur,Wet,5.0,11070.0,160.2,18.1,2201.0,29.5,67.1,5.61,0.44,6,0.0
DI-119/10,DI-119,District Road,Nashik,Arid,10.0,7850.0,123.9,8.3,462.0,34.8,2.8,3.89,0.37,1,15.17
ST-076/02,ST-076,State Highway,Latur,Wet,2.0,15620.0,189.2,23.1,2609.0,21.0,18.1,5.49,0.292,4,0.0
NA-023/02,NA-023,National Highway,Anantpur,Wet,2.0,40750.0,299.3,2.0,2340.0,32.0,1.4,2.29,0.266,1,16.75
ST-082/12,ST-082,State Highway,Erode,Wet,12.0,16650.0,148.6,16.6,2630.0,33.3,72.0,7.28,0.963,7,0.0
ST-089/06,ST-089,State Highway,Erode,Moderate,6.0,12580.0,178.0,1.8,967.0,27.0,0.6,2.16,0.264,1,21.21
DI-116/07,DI-116,District Road,Latur,Moderate,7.0,6360.0,101.4,17.6,,23.6,26.2,4.88,0.468,4,4.56
DI-098/03,DI-098,District Road,Latur,Wet,3.0,1960.0,130.3,21.1,2364.0,28.5,7.2,5.51,0.34,8,0.0
NA-021/05,NA-021,National Highway,Kadapa,Arid,5.0,42520.0,285.6,8.2,354.0,92.8,7.9,3.07,0.289,8,14.33
ST-048/04,ST-048,State Highway,Chittoor,Moderate,4.0,9720.0,198.3,10.4,1402.0,30.2,5.6,3.63,0.232,7,9.78
DI-143/08,DI-143,District Road,Latur,Arid,8.0,2910.0,74.4,22.1,184.0,32.3,51.1,5.87,0.432,3,0.0
ST-075/02,ST-075,State Highway,Latur,Wet,2.0,16100.0,171.5,8.6,1799.0,22.8,17.9,3.88,0.455,8,4.07
ST-052/01,ST-052,State Highway,Kadapa,Moderate,1.0,10030.0,192.2,-18.4,978.0,79.9,8.3,4.26,0.319,9,5.39
NA-023/05,NA-023,National Highway,Anantpur,Wet,5.0,44560.0,280.8,2.3,2389.0,30.6,4.6,2.33,0.261,2,16.73
DI-099/08,DI-099,District Road,Kadapa,Wet,8.0,3990.0,79.6,0.6,1514.0,77.0,0.9,2.18,0.406,0,8.78
NA-027/07,NA-027,National Highway,Chittoor,Arid,7.0,37220.0,254.9,16.0,716.0,34.0,25.6,4.32,0.326,8,3.94
NA-016/06,NA-016,National Highway,Kadapa,Wet,6.0,28220.0,240.6,10.1,2160.0,75.6,0.4,3.14,0.314,2,12.1
NA-020/12,NA-020,National Highway,Chittoor,Arid,12.0,21780.0,286.6,1.4,285.0,33.6,0.2,2.19,0.222,1,22.52
DI-115/02,DI-115,District Road,Anantpur,Moderate,2.0,2820.0,96.7,13.8,1353.0,26.1,9.3,4.39,0.407,9,11.01
NA-007/08,NA-007,National Highway,Latur,Arid,8.0,36490.0,218.3,19.9,682.0,36.3,72.0,7.13,0.504,5,0.0
NA-014/02,NA-014,National Highway,Erode,Arid,2.0,21170.0,311.0,4.3,653.0,32.6,-1.0,2.67,0.228,4,19.92
ST-081/03,ST-081,State Highway,Latur,Wet,3.0,17930.0,160.6,21.3,1834.0,22.8,71.3,5.9,0.427,2,0.0
DI-130/04,DI-130,District Road,Bilaspur,Moderate,4.0,750.0,64.6,11.6,961.0,29.2,0.2,4.23,0.352,9,13.46
DI-139/07,DI-139,District Road,Kadapa,Moderate,7.0,6520.0,105.7,9.9,1023.0,89.1,14.4,4.27,0.385,4,9.27
DI-126/04,DI-126,District Road,Kadapa,Moderate,4.0,5400.0,71.2,4.5,863.0,83.1,2.4,3.26,0.363,1,12.18
ST-072/01,ST-072,State Highway,Kadapa,Moderate,1.0,6680.0,147.2,21.1,851.0,89.4,24.7,5.08,0.363,7,1.09
DI-131/02,DI-131,District Road,Anantpur,Moderate,2.0,2860.0,100.5,12.4,740.0,32.0,9.6,4.21,0.436,1,11.41
NA-026/05,NA-026,National Highway,Chittoor,Wet,5.0,30430.0,299.2,8.9,2315.0,28.7,5.0,3.29,0.274,6,10.96
ST-057/01,ST-057,State Highway,Latur,Wet,1.0,17740.0,199.4,18.7,2425.0,23.3,18.3,4.98,0.363,6,2.68
NA-020/05,NA-020,National Highway,Chittoor,Arid,5.0,24010.0,277.3,1.1,,32.9,0.2,2.06,0.244,1,22.89
DI-139/05,DI-139,District Road,Kadapa,Moderate,5.0,5890.0,107.6,8.2,1084.0,84.7,2.9,3.62,0.395,5,12.58
ST-049/10,ST-049,State Highway,Chittoor,Arid,10.0,5770.0,151.1,9.6,742.0,27.4,3.7,3.31,0.321,1,16.3
DI-104/08,DI-104,District Road,Latur,Moderate,8.0,2440.0,142.3,22.1,767.0,30.4,12.3,5.79,0.283,3,0.0
ST-096/01,ST-096,State Highway,Bilaspur,Moderate,1.0,16800.0,209.7,16.8,1421.0,32.3,9.3,4.84,0.317,9,5.29
DI-118/01,DI-118,District Road,Latur,Wet,1.0,3890.0,133.9,12.6,1665.0,24.0,6.8,4.44,0.303,8,9.94
DI-099/05,DI-099,District Road,Kadapa,Wet,5.0,3290.0,92.4,1.7,1502.0,79.3,0.2,2.84,0.346,1,13.27
NA-030/06,NA-030,National Highway,Anantpur,Arid,6.0,30290.0,262.4,10.2,491.0,29.5,5.6,3.06,0.313,7,12.32
DI-131/06,DI-131,District Road,Anantpur,Moderate,6.0,3600.0,100.8,11.8,914.0,32.5,13.2,4.06,0.468,9,10.08
DI-110/10,DI-110,District Road,Nashik,Arid,10.0,3620.0,109.9,4.2,656.0,30.4,0.2,2.87,0.326,4,18.43
ST-052/05,ST-052,State Highway,Kadapa,Moderate,5.0,11100.0,195.1,17.3,929.0,79.7,8.5,4.38,0.349,3,6.61
ST-064/08,ST-064,State Highway,Dharwad,Wet,8.0,6850.0,183.9,18.3,2144.0,26.0,9.5,5.2,0.348,4,2.47
NA-012/03,NA-012,National Highway,Dharwad,Wet,3.0,25650.0,288.4,16.4,1718.0,32.3,11.7,4.47,0.302,8,2.66
DI-132/01,DI-132,District Road,Anantpur,Moderate,1.0,6710.0,106.9,8.2,1058.0,25.1,3.0,3.35,0.329,8,17.52
NA-013/05,NA-013,National Highway,Chittoor,Moderate,5.0,19810.0,261.6,4.4,1195.0,23.4,0.2,2.38,0.265,2,21.66
NA-042/03,NA-042,National Highway,Latur,Wet,3.0,28610.0,211.0,17.7,1717.0,33.5,46.7,5.14,0.373,4,0.47
NA-030/03,NA-030,National Highway,Anantpur,Arid,3.0,28790.0,261.2,9.8,571.0,27.2,8.8,3.26,0.293,3,13.22
ST-075/06,ST-075,State Highway,Latur,Wet,6.0,17280.0,156.3,9.0,1781.0,22.1,49.0,5.37,0.512,1,0.0
DI-115/05,DI-115,District Road,Anantpur,Moderate,5.0,2670.0,103.1,13.1,1440.0,27.0,5.3,3.87,0.354,8,11.21
DI-133/04,DI-133,District Road,Bilaspur,Wet,4.0,5440.0,126.2,10.6,1798.0,27.7,10.0,4.11,0.391,3,8.48
ST-077/01,ST-077,State Highway,Anantpur,Moderate,1.0,16080.0,186.6,3.9,1173.0,23.1,0.2,1.79,0.324,1,18.48
DI-104/06,DI-104,District Road,Latur,Moderate,6.0,2390.0,142.7,23.2,818.0,29.5,12.9,6.17,0.338,6,0.0
DI-103/06,DI-103,District Road,Nashik,Moderate,6.0,5720.0,135.4,6.3,1076.0,27.1,0.2,3.53,0.288,6,16.21
DI-108/06,DI-108,District Road,Bilaspur,Moderate,6.0,5890.0,83.8,19.7,905.0,31.6,32.9,5.59,0.446,5,2.35
ST-056/10,ST-056,State Highway,Kadapa,Arid,10.0,7640.0,145.8,4.1,406.0,96.4,0.8,2.64,0.311,3,13.91
ST-045/13,ST-045,State Highway,Anantpur,Wet,13.0,7930.0,131.7,6.4,2626.0,32.3,45.7,5.13,0.419,1,0.16
DI-144/10,DI-144,District Road,Nashik,Arid,10.0,7040.0,62.5,18.3,645.0,37.3,72.0,7.46,0.938,7,0.0
NA-007/07,NA-007,National Highway,Latur,Arid,7.0,34470.0,185.5,20.2,590.0,34.8,72.0,7.32,0.812,5,0.0
ST-084/02,ST-084,State Highway,Chittoor,Wet,2.0,11330.0,176.3,10.0,2311.0,27.7,4.8,3.12,0.302,4,11.22
DI-108/09,DI-108,District Road,Bilaspur,Moderate,9.0,5050.0,96.6,19.0,1006.0,32.4,18.1,5.56,0.439,1,2.54
ST-078/05,ST-078,State Highway,Nashik,Wet,5.0,14550.0,134.3,6.0,1791.0,30.8,15.8,3.77,0.364,1,3.22
ST-093/11,ST-093,State Highway,Anantpur,Wet,11.0,10740.0,146.9,19.2,2501.0,21.3,72.0,6.99,0.649,2,0.0
ST-058/12,ST-058,State Highway,Kadapa,Arid,12.0,16140.0,188.7,16.8,421.0,84.0,12.7,4.16,0.326,4,5.54
ST-049/09,ST-049,State Highway,Chittoor,Arid,9.0,6690.0,143.2,9.6,710.0,29.0,6.7,3.0,0.353,8,14.74
NA-040/04,NA-040,National Highway,Erode,Moderate,4.0,31490.0,320.5,21.1,1272.0,25.8,8.8,5.15,0.223,7,1.56
NA-034/10,NA-034,National Highway,Anantpur,Arid,10.0,47010.0,280.1,9.5,750.0,36.5,14.3,3.47,0.282,8,7.35
DI-106/02,DI-106,District Road,Kadapa,Wet,2.0,7380.0,76.6,12.8,2728.0,88.5,72.0,8.04,0.664,6,0.0
ST-057/06,ST-057,State Highway,Latur,Wet,6.0,13640.0,190.5,17.7,2387.0,22.4,14.7,4.57,0.329,8,4.06
ST-078/07,ST-078,State Highway,Nashik,Wet,7.0,14760.0,153.6,7.5,1921.0,31.0,12.0,3.66,0.343,7,6.45
DI-114/04,DI-114,District Road,Nashik,Arid,4.0,4940.0,132.7,7.6,453.0,35.9,4.2,3.63,0.322,7,14.55
NA-014/04,NA-014,National Highway,Erode,Arid,4.0,19780.0,285.9,3.8,681.0,32.6,4.1,2.43,0.271,3,20.41
DI-110/04,DI-110,District Road,Nashik,Arid,4.0,2960.0,101.9,3.1,625.0,29.4,0.7,2.91,0.368,3,19.88
ST-044/10,ST-044,State Highway,Dharwad,Arid,10.0,14020.0,185.4,1.8,518.0,28.4,0.2,2.12,0.325,1,23.18
ST-077/06,ST-077,State Highway,Anantpur,Moderate,6.0,15620.0,192.9,3.7,1208.0,22.3,0.2,2.26,0.295,3,19.68
ST-046/01,ST-046,State Highway,Anantpur,Arid,1.0,18360.0,205.3,20.2,532.0,34.8,16.6,4.29,0.349,8,4.11
DI-129/07,DI-129,District Road,Dharwad,Moderate,7.0,6740.0,149.6,2.9,1200.0,28.1,0.2,2.99,0.277,2,20.18
DI-110/07,DI-110,District Road,Nashik,Arid,7.0,2950.0,92.9,3.3,614.0,30.4,2.0,2.48,0.337,3,19.49
NA-013/08,NA-013,National Highway,Chittoor,Moderate,8.0,19130.0,283.1,6.8,1160.0,23.9,0.6,2.86,0.233,3,19.17
ST-045/08,ST-045,State Highway,Anantpur,Wet,8.0,7730.0,141.7,6.3,2721.0,32.7,20.3,4.35,0.414,6,2.11
DI-109/08,DI-109,District Road,Anantpur,Arid,8.0,3730.0,80.7,6.9,519.0,33.4,4.8,3.11,0.37,3,14.68
ST-072/05,ST-072,State Highway,Kadapa,Moderate,5.0,7160.0,134.0,21.7,938.0,87.3,37.0,4.95,0.425,2,0.66
DI-108/08,DI-108,District Road,Bilaspur,Moderate,8.0,6240.0,82.8,18.1,918.0,31.0,33.7,5.46,0.439,9,3.39
ST-048/02,ST-048,State Highway,Chittoor,Moderate,2.0,7400.0,199.9,11.4,1411.0,30.5,1.3,3.88,0.234,9,8.65
NA-031/04,NA-031,National Highway,Anantpur,Wet,4.0,21030.0,254.3,22.8,1668.0,27.4,40.6,4.96,0.435,8,0.52
ST-087/10,ST-087,State Highway,Dharwad,Moderate,10.0,19330.0,204.7,20.6,1001.0,22.0,8.0,4.3,0.244,6,4.73
DI-122/05,DI-122,District Road,Anantpur,Arid,5.0,1850.0,59.6,17.4,855.0,35.4,55.3,5.4,0.622,3,0.42
DI-097/09,DI-097,District Road,Erode,Wet,9.0,5230.0,145.0,13.1,1709.0,24.6,9.9,4.57,0.448,5,8.9
NA-006/03,NA-006,National Highway,Chittoor,Arid,3.0,32650.0,292.3,0.9,463.0,30.9,0.2,1.56,0.202,0,22.09
ST-094/06,ST-094,State Highway,Erode,Arid,6.0,10020.0,204.4,14.6,494.0,29.8,8.2,3.86,0.315,8,7.93
DI-146/01,DI-146,District Road,Erode,Moderate,1.0,1780.0,101.3,2.8,990.0,28.8,0.2,2.83,0.334,2,20.71
ST-086/04,ST-086,State Highway,Nashik,Moderate,4.0,11650.0,174.7,16.8,1256.0,24.1,6.9,4.13,0.321,4,8.16
ST-073/03,ST-073,State Highway,Chittoor,Moderate,3.0,19680.0,123.7,17.2,1320.0,21.6,72.0,6.15,0.445,6,0.0
NA-005/02,NA-005,National Highway,Nashik,Wet,2.0,23310.0,277.4,1.2,1906.0,23.3,0.4,2.25,0.281,1,19.13
NA-036/06,NA-036,National Highway,Chittoor,Moderate,6.0,34550.0,283.4,22.0,813.0,28.4,19.3,4.75,0.314,8,2.73
ST-070/08,ST-070,State Highway,Bilaspur,Wet,8.0,14160.0,186.4,4.3,1864.0,31.8,4.4,2.9,0.306,4,7.27
DI-139/04,DI-139,District Road,Kadapa,Moderate,4.0,6490.0,79.8,8.6,1062.0,86.7,36.5,5.01,0.444,6,1.86
DI-128/07,DI-128,District Road,Erode,Arid,7.0,2980.0,86.6,11.1,632.0,29.9,7.7,3.79,0.399,3,14.64
DI-136/08,DI-136,District Road,Nashik,Wet,8.0,4860.0,95.5,7.2,1604.0,32.5,0.2,3.56,0.394,1,12.58
NA-009/05,NA-009,National Highway,Nashik,Moderate,5.0,38000.0,255.2,6.4,1322.0,27.1,6.3,2.8,0.31,1,13.05
NA-012/09,NA-012,National Highway,Dharwad,Wet,9.0,26010.0,319.5,14.7,1597.0,30.9,7.4,4.01,0.258,8,5.0
DI-116/06,DI-116,District Road,Latur,Moderate,6.0,6240.0,118.1,16.6,1004.0,25.4,11.8,5.15,0.404,1,5.52
DI-129/03,DI-129,District Road,Dharwad,Moderate,3.0,5800.0,127.0,2.7,1129.0,26.8,1.3,2.91,0.293,2,21.03
DI-144/01,DI-144,District Road,Nashik,Arid,1.0,6860.0,82.1,18.7,653.0,39.1,72.0,7.59,0.661,2,0.0
ST-077/02,ST-077,State Highway,Anantpur,Moderate,2.0,15080.0,181.3,4.3,1156.0,23.1,2.2,2.81,0.312,4,17.31
DI-129/08,DI-129,District Road,Dharwad,Moderate,8.0,5780.0,125.7,2.6,1138.0,26.0,0.2,2.8,0.281,2,21.29
NA-029/03,NA-029,National Highway,Erode,Arid,3.0,27860.0,272.4,17.3,403.0,33.9,15.8,4.51,0.251,5,7.17
DI-113/04,DI-113,District Road,Anantpur,Moderate,4.0,6460.0,85.4,18.2,1003.0,30.4,27.1,5.27,0.488,3,2.83
DI-126/07,DI-126,District Road,Kadapa,Moderate,7.0,5690.0,94.7,5.8,831.0,83.5,0.2,3.23,0.309,5,19.12
ST-058/05,ST-058,State Highway,Kadapa,Arid,5.0,12660.0,179.8,18.5,353.0,75.6,-1.0,4.88,0.232,6,5.19
ST-082/07,ST-082,State Highway,Erode,Wet,7.0,13970.0,167.3,16.3,2545.0,32.8,72.0,7.31,0.613,3,0.0
NA-040/03,NA-040,National Highway,Erode,Moderate,3.0,28640.0,304.1,21.8,1241.0,26.0,10.4,5.42,0.216,8,0.85
DI-131/03,DI-131,District Road,Anantpur,Moderate,3.0,3490.0,117.0,12.1,899.0,31.3,8.5,4.24,0.419,4,11.49
NA-011/01,NA-011,National Highway,Kadapa,Moderate,1.0,20500.0,260.7,16.1,1110.0,83.8,8.3,4.17,0.23,3,8.36
ST-054/06,ST-054,State Highway,Nashik,Moderate,6.0,13650.0,179.9,12.1,1005.0,23.3,4.8,3.37,0.282,4,14.18
DI-145/04,DI-145,District Road,Kadapa,Wet,4.0,2850.0,132.7,7.1,2433.0,91.2,3.5,3.77,0.312,3,12.24
DI-138/08,DI-138,District Road,Bilaspur,Moderate,8.0,6210.0,76.2,16.4,1273.0,24.0,16.9,5.1,0.405,3,4.83
DI-135/03,DI-135,District Road,Dharwad,Arid,3.0,2220.0,0.0,14.8,607.0,36.9,14.8,4.7,0.379,2,7.0
NA-005/10,NA-005,National Highway,Nashik,Wet,10.0,21410.0,290.0,1.0,1862.0,25.7,0.5,2.28,0.245,0,18.88
ST-077/09,ST-077,State Highway,Anantpur,Moderate,9.0,13540.0,183.4,4.1,1156.0,23.3,0.2,2.14,0.365,4,19.06
DI-112/05,DI-112,District Road,Bilaspur,Moderate,5.0,2520.0,87.0,6.9,1171.0,29.8,7.2,3.92,0.474,6,8.64
DI-105/09,DI-105,District Road,Chittoor,Arid,9.0,5270.0,119.9,18.4,511.0,32.5,8.9,4.87,0.277,3,4.86
NA-016/07,NA-016,National Highway,Kadapa,Wet,7.0,24880.0,239.0,8.8,2299.0,74.1,0.2,2.98,0.285,8,13.25
NA-026/02,NA-026,National Highway,Chittoor,Wet,2.0,35400.0,299.9,8.9,2288.0,29.3,6.2,3.17,0.259,7,10.84
NA-006/04,NA-006,National Highway,Chittoor,Arid,4.0,36380.0,312.3,1.1,385.0,32.9,0.2,2.12,0.234,1,21.5
NA-042/05,NA-042,National Highway,Latur,Wet,5.0,30120.0,210.0,18.3,1648.0,32.4,51.5,5.21,0.355,2,0.0
NA-013/06,NA-013,National Highway,Chittoor,Moderate,6.0,22030.0,291.7,5.1,1290.0,22.7,2.3,2.49,0.23,2,20.86
DI-123/08,DI-123,District Road,Dharwad,Arid,8.0,6040.0,89.1,7.2,667.0,34.4,1.0,3.83,0.319,1,15.59
NA-014/06,NA-014,National Highway,Erode,Arid,6.0,21160.0,298.5,3.2,650.0,32.7,0.2,2.32,0.298,3,21.04
NA-029/01,NA-029,National Highway,Erode,Arid,1.0,23900.0,278.8,-18.2,394.0,34.3,13.8,3.95,0.271,3,6.23
NA-041/03,NA-041,National Highway,Kadapa,Arid,3.0,39710.0,232.0,13.0,333.0,89.6,25.9,4.23,0.273,2,4.63
NA-011/02,NA-011,National Highway,Kadapa,Moderate,2.0,18930.0,252.5,17.5,1185.0,85.5,12.2,4.26,0.281,9,6.44
NA-024/02,NA-024,National Highway,Anantpur,Moderate,2.0,34220.0,283.6,13.8,1314.0,30.2,4.8,3.76,0.29,2,9.36
NA-005/03,NA-005,National Highway,Nashik,Wet,3.0,18720.0,285.2,1.6,1942.0,23.6,0.2,1.94,0.208,1,18.62
DI-099/09,DI-099,District Road,Kadapa,Wet,9.0,3840.0,63.2,1.9,1529.0,76.6,1.6,2.98,0.413,1,4.63
DI-145/02,DI-145,District Road,Kadapa,Wet,2.0,2170.0,125.9,7.1,2449.0,92.7,2.4,3.74,0.342,7,11.93
ST-086/10,ST-086,State Highway,Nashik,Moderate,10.0,13210.0,198.6,15.8,1321.0,25.0,6.8,3.75,0.288,9,8.7
ST-049/13,ST-049,State Highway,Chittoor,Arid,13.0,6830.0,152.2,9.4,682.0,26.3,5.6,3.06,0.344,3,17.02
ST-083/01,ST-083,State Highway,Anantpur,Moderate,1.0,12450.0,217.6,16.9,1052.0,27.4,9.2,4.3,0.212,5,6.01
ST-080/05,ST-080,State Highway,Latur,Moderate,5.0,18550.0,141.1,21.3,1072.0,26.3,26.8,5.15,0.411,7,3.69
ST-060/12,ST-060,State Highway,Kadapa,Moderate,12.0,8790.0,223.1,14.5,931.0,85.6,7.3,4.25,0.319,8,9.26
NA-002/05,NA-002,National Highway,Chittoor,Arid,5.0,17580.0,267.1,8.1,279.0,28.5,3.9,3.4,0.326,4,15.63
DI-127/08,DI-127,District Road,Kadapa,Moderate,8.0,2330.0,148.0,22.2,859.0,74.5,7.2,5.39,0.246,6,2.17
ST-067/01,ST-067,State Highway,Nashik,Arid,1.0,11580.0,220.2,11.7,186.0,36.6,5.7,3.8,0.279,5,11.09
ST-061/02,ST-061,State Highway,Dharwad,Wet,2.0,19010.0,176.8,9.9,1626.0,24.7,15.1,4.05,0.307,8,8.03
DI-106/07,DI-106,District Road,Kadapa,Wet,7.0,7260.0,64.1,13.0,2712.0,88.3,72.0,8.3,0.783,7,0.0
ST-092/12,ST-092,State Highway,Kadapa,Wet,12.0,17270.0,164.5,17.7,2006.0,68.4,72.0,6.65,0.567,5,0.0
ST-078/03,ST-078,State Highway,Nashik,Wet,3.0,13890.0,150.8,7.5,1790.0,32.3,11.3,3.38,0.368,4,6.16
ST-064/09,ST-064,State Highway,Dharwad,Wet,9.0,8550.0,197.1,17.1,2082.0,27.4,7.1,4.63,0.302,7,3.48
DI-125/03,DI-125,District Road,Anantpur,Arid,3.0,740.0,127.0,2.5,380.0,37.4,0.3,2.83,0.324,2,18.1
DI-134/03,DI-134,District Road,Bilaspur,Wet,3.0,4210.0,124.4,6.6,1849.0,26.4,0.2,3.63,0.334,5,14.3
ST-054/04,ST-054,State Highway,Nashik,Moderate,4.0,12370.0,170.8,9.2,1004.0,23.9,6.9,3.16,0.281,8,16.91
DI-110/01,DI-110,District Road,Nashik,Arid,1.0,2950.0,97.2,3.7,812.0,30.6,1.7,3.08,0.327,3,18.5
ST-061/10,ST-061,State Highway,Dharwad,Wet,10.0,17110.0,148.9,9.5,1615.0,25.1,31.1,4.17,0.422,5,1.61
DI-134/07,DI-134,District Road,Bilaspur,Wet,7.0,3450.0,129.4,6.0,1762.0,28.6,2.5,3.32,0.318,2,14.56
DI-126/10,DI-126,District Road,Kadapa,Moderate,10.0,6070.0,91.7,5.7,852.0,83.7,1.2,3.22,0.31,1,18.78
ST-058/03,ST-058,State Highway,Kadapa,Arid,3.0,15890.0,195.9,17.9,357.0,83.3,9.9,4.35,0.31,1,4.61
DI-141/05,DI-141,District Road,Erode,Moderate,5.0,4330.0,125.3,14.0,1544.0,29.0,16.4,5.45,0.373,5,6.09
ST-070/04,ST-070,State Highway,Bilaspur,Wet,4.0,18190.0,201.9,2.0,1963.0,33.0,4.8,2.3,0.269,1,9.54
NA-036/03,NA-036,National Highway,Chittoor,Moderate,3.0,37730.0,283.6,20.4,828.0,28.5,13.1,4.77,0.355,8,4.22
NA-025/04,NA-025,National Highway,Bilaspur,Wet,4.0,20930.0,285.4,7.8,1805.0,24.3,1.8,3.08,0.309,5,14.15
DI-147/02,DI-147,District Road,Chittoor,Moderate,2.0,2170.0,112.5,10.8,914.0,27.8,5.0,4.42,0.421,4,10.77
DI-099/11,DI-099,District Road,Kadapa,Wet,11.0,3260.0,70.1,1.3,1699.0,77.0,0.3,2.53,0.412,1,7.49
ST-090/07,ST-090,State Highway,Anantpur,Wet,7.0,10090.0,167.7,17.8,,30.8,41.1,4.63,0.437,6,1.44
ST-074/04,ST-074,State Highway,Anantpur,Wet,4.0,12300.0,0.0,8.6,2970.0,29.7,20.8,4.03,0.41,8,2.84
NA-032/04,NA-032,National Highway,Latur,Wet,4.0,39000.0,251.8,11.0,,34.0,13.1,3.74,0.303,4,7.37
ST-086/05,ST-086,State Highway,Nashik,Moderate,5.0,14130.0,210.8,15.5,1289.0,23.4,5.4,3.81,0.238,5,9.63
DI-107/03,DI-107,District Road,Latur,Arid,3.0,2780.0,97.8,16.3,328.0,28.1,9.7,4.62,0.333,1,10.8
ST-068/07,ST-068,State Highway,Anantpur,Arid,7.0,13850.0,170.0,18.1,356.0,30.9,9.0,4.55,0.244,2,7.87
NA-022/02,NA-022,National Highway,Latur,Moderate,2.0,19490.0,284.4,4.6,1143.0,25.1,0.2,2.49,0.234,1,21.31
DI-099/01,DI-099,District Road,Kadapa,Wet,1.0,3850.0,74.0,1.9,1624.0,80.6,0.2,3.18,0.383,1,6.21
ST-048/03,ST-048,State Highway,Chittoor,Moderate,3.0,8870.0,177.8,11.3,1199.0,30.0,5.6,3.75,0.267,1,9.44
ST-073/11,ST-073,State Highway,Chittoor,Moderate,11.0,21180.0,136.0,-17.9,1231.0,21.4,60.0,5.27,0.409,8,0.0
DI-110/11,DI-110,District Road,Nashik,Arid,11.0,3120.0,76.7,4.0,643.0,31.5,0.7,2.97,0.321,2,18.37
ST-089/07,ST-089,State Highway,Erode,Moderate,7.0,13500.0,156.9,0.9,1066.0,25.7,0.2,1.56,0.228,0,21.27
DI-137/03,DI-137,District Road,Bilaspur,Wet,3.0,4050.0,115.2,10.9,2423.0,23.1,25.0,4.05,0.471,3,6.08
ST-074/12,ST-074,State Highway,Anantpur,Wet,12.0,13700.0,156.9,7.3,2990.0,29.7,11.4,3.11,0.354,7,4.99
DI-123/11,DI-123,District Road,Dharwad,Arid,11.0,6870.0,94.7,5.9,581.0,33.2,1.4,3.26,0.331,5,17.57
DI-116/09,DI-116,District Road,Latur,Moderate,9.0,6570.0,89.8,18.2,996.0,23.3,46.9,5.24,0.466,3,1.48
DI-145/06,DI-145,District Road,Kadapa,Wet,6.0,2860.0,123.5,7.7,2464.0,92.3,4.3,3.79,0.366,3,11.37
ST-076/04,ST-076,State Highway,Latur,Wet,4.0,12440.0,186.8,21.3,2602.0,23.3,10.4,5.22,0.315,1,0.0
DI-141/03,DI-141,District Road,Erode,Moderate,3.0,3570.0,145.1,14.0,1408.0,29.7,7.5,4.59,0.366,9,6.16
ST-095/06,ST-095,State Highway,Kadapa,Moderate,6.0,8660.0,133.0,15.1,778.0,71.8,9.1,3.47,0.393,7,10.55
ST-053/07,ST-053,State Highway,Chittoor,Wet,7.0,12110.0,200.2,1.3,2016.0,27.4,0.2,2.21,0.331,1,10.67
ST-062/03,ST-062,State Highway,Bilaspur,Arid,3.0,8290.0,153.6,16.7,713.0,33.2,13.0,4.81,0.338,9,4.7
ST-073/08,ST-073,State Highway,Chittoor,Moderate,8.0,16270.0,142.0,17.7,1299.0,20.9,28.9,4.15,0.363,1,5.1
ST-090/10,ST-090,State Highway,Anantpur,Wet,10.0,10030.0,187.3,17.7,2279.0,29.7,23.8,4.34,0.338,7,3.25
NA-017/02,NA-017,National Highway,Nashik,Wet,2.0,26490.0,272.1,22.4,1581.0,24.7,12.8,5.6,0.301,5,0.0
DI-104/03,DI-104,District Road,Latur,Moderate,3.0,2150.0,137.3,21.6,823.0,29.7,9.5,5.89,0.314,5,0.0
DI-130/05,DI-130,District Road,Bilaspur,Moderate,5.0,820.0,86.5,11.7,795.0,28.9,5.3,4.21,0.354,7,13.83
ST-049/04,ST-049,State Highway,Chittoor,Arid,4.0,6160.0,169.8,8.6,718.0,28.2,-1.0,3.0,0.342,5,17.12
NA-015/04,NA-015,National Highway,Latur,Wet,4.0,18910.0,314.9,11.0,1694.0,23.6,2.6,3.44,0.242,4,11.16
NA-017/05,NA-017,National Highway,Nashik,Wet,5.0,28050.0,319.6,23.1,1512.0,24.7,10.7,5.79,0.264,4,0.0
NA-033/04,NA-033,National Highway,Erode,Moderate,4.0,32470.0,236.5,17.4,1274.0,31.7,11.2,5.13,0.275,7,2.11
DI-111/01,DI-111,District Road,Erode,Wet,1.0,1410.0,0.0,1.4,2439.0,31.8,1.6,2.48,0.3,1,17.26
ST-067/09,ST-067,State Highway,Nashik,Arid,9.0,13060.0,203.4,10.8,318.0,36.0,8.3,3.62,0.242,1,11.83
DI-148/09,DI-148,District Road,Chittoor,Moderate,9.0,3810.0,93.6,6.3,1469.0,22.7,0.2,3.07,0.355,6,18.1
NA-042/06,NA-042,National Highway,Latur,Wet,6.0,28440.0,214.9,17.4,1664.0,31.2,35.7,4.77,0.354,1,2.58
DI-142/04,DI-142,District Road,Dharwad,Wet,4.0,5570.0,111.6,17.8,2351.0,30.5,51.6,5.7,0.434,2,0.63
NA-042/10,NA-042,National Highway,Latur,Wet,10.0,37120.0,224.6,17.3,1738.0,32.6,40.4,4.89,0.405,8,1.32
DI-099/07,DI-099,District Road,Kadapa,Wet,7.0,3440.0,90.4,1.6,1559.0,76.3,0.2,2.7,0.385,1,12.62
ST-055/12,ST-055,State Highway,Erode,Moderate,12.0,9900.0,154.2,8.0,738.0,31.9,0.7,2.68,0.306,8,15.8
ST-066/08,ST-066,State Highway,Chittoor,Wet,8.0,8530.0,182.3,4.2,,27.4,0.7,2.3,0.316,4,14.12
DI-139/02,DI-139,District Road,Kadapa,Moderate,2.0,6150.0,96.1,9.4,951.0,87.1,14.5,4.22,0.416,5,7.15
DI-112/06,DI-112,District Road,Bilaspur,Moderate,6.0,2180.0,80.8,6.9,1184.0,31.6,8.4,3.52,0.469,4,7.64
NA-024/06,NA-024,National Highway,Anantpur,Moderate,6.0,37510.0,263.8,14.2,1341.0,29.4,11.1,4.06,0.282,4,9.19
NA-031/02,NA-031,National Highway,Anantpur,Wet,2.0,24440.0,262.0,22.7,1622.0,30.0,46.5,4.71,0.423,9,0.0
DI-126/08,DI-126,District Road,Kadapa,Moderate,8.0,4860.0,79.5,6.0,869.0,86.4,0.4,2.84,0.362,6,15.76
NA-037/12,NA-037,National Highway,Chittoor,Wet,12.0,30880.0,296.0,21.3,1900.0,32.8,12.8,5.45,0.312,9,0.0
ST-085/02,ST-085,State Highway,Chittoor,Moderate,2.0,18210.0,149.8,3.5,1393.0,30.5,3.8,2.85,0.378,3,7.45
NA-039/10,NA-039,National Highway,Latur,Moderate,10.0,23550.0,291.3,18.0,1537.0,21.2,2.6,4.38,0.224,2,6.72
ST-096/07,ST-096,State Highway,Bilaspur,Moderate,7.0,20630.0,239.5,16.7,1353.0,31.3,5.0,4.71,0.261,1,5.92
ST-076/03,ST-076,State Highway,Latur,Wet,3.0,16390.0,164.9,23.0,2601.0,22.6,45.6,5.58,0.403,1,0.0
DI-133/06,DI-133,District Road,Bilaspur,Wet,6.0,5350.0,135.4,11.1,1859.0,29.6,4.8,4.27,0.355,7,7.3
ST-073/12,ST-073,State Highway,Chittoor,Moderate,12.0,21360.0,130.7,17.8,1333.0,22.4,72.0,5.99,0.423,5,0.0
ST-053/06,ST-053,State Highway,Chittoor,Wet,6.0,9580.0,205.2,1.1,1974.0,29.1,3.0,1.79,0.312,1,14.05
ST-048/09,ST-048,State Highway,Chittoor,Moderate,9.0,8730.0,181.3,10.9,1343.0,29.4,7.4,2.99,0.241,8,9.59
DI-139/12,DI-139,District Road,Kadapa,Moderate,12.0,5770.0,93.3,8.8,1040.0,86.9,12.3,4.05,0.434,8,7.34
ST-050/07,ST-050,State Highway,Latur,Arid,7.0,16190.0,153.7,9.4,652.0,36.9,21.9,3.99,0.378,6,3.63
NA-003/06,NA-003,National Highway,Bilaspur,Wet,6.0,39070.0,296.6,22.0,1547.0,28.4,12.6,4.97,0.266,5,1.58
DI-128/06,DI-128,District Road,Erode,Arid,6.0,3070.0,85.5,10.9,653.0,29.3,1.1,3.8,0.377,3,14.95
NA-038/03,NA-038,National Highway,Erode,Moderate,3.0,27640.0,239.3,11.3,835.0,22.9,8.7,3.9,0.331,8,10.2
NA-030/01,NA-030,National Highway,Anantpur,Arid,1.0,29930.0,256.1,10.3,589.0,25.8,8.3,3.45,0.278,7,12.86
ST-063/06,ST-063,State Highway,Chittoor,Arid,6.0,12950.0,193.9,21.9,546.0,30.6,19.0,5.55,0.283,4,0.0
DI-140/03,DI-140,District Road,Anantpur,Wet,3.0,5550.0,100.8,11.5,2363.0,29.5,72.0,6.85,0.661,8,0.0
NA-001/04,NA-001,National Highway,Dharwad,Wet,4.0,28580.0,294.7,14.8,2748.0,27.0,16.1,4.71,0.337,8,3.73
NA-003/03,NA-003,National Highway,Bilaspur,Wet,3.0,37030.0,327.1,20.8,1532.0,26.7,5.2,5.2,0.226,8,3.31
ST-090/08,ST-090,State Highway,Anantpur,Wet,8.0,9960.0,168.2,16.6,2282.0,29.6,37.3,4.68,0.465,8,2.66
DI-123/04,DI-123,District Road,Dharwad,Arid,4.0,6050.0,87.0,6.2,602.0,34.5,0.2,3.31,0.323,4,16.74
NA-037/04,NA-037,National Highway,Chittoor,Wet,4.0,29340.0,295.5,20.5,1841.0,33.0,11.6,5.34,0.259,3,0.0
ST-096/03,ST-096,State Highway,Bilaspur,Moderate,3.0,19960.0,238.3,18.4,1463.0,30.8,7.1,4.22,0.279,1,4.05
DI-135/04,DI-135,District Road,Dharwad,Arid,4.0,1950.0,122.9,15.8,564.0,38.4,12.4,4.89,0.355,2,5.64
NA-016/01,NA-016,National Highway,Kadapa,Wet,1.0,22770.0,223.0,8.5,2153.0,73.9,0.8,3.16,0.254,3,13.97
DI-103/01,DI-103,District Road,Nashik,Moderate,1.0,5530.0,145.7,8.2,1144.0,26.4,0.9,3.45,0.324,7,14.37
ST-081/02,ST-081,State Highway,Latur,Wet,2.0,14620.0,166.6,21.0,1646.0,22.9,34.0,4.57,0.401,7,2.19
ST-047/08,ST-047,State Highway,Dharwad,Moderate,8.0,8050.0,163.4,23.0,,28.2,19.4,5.2,0.308,5,0.0
ST-066/09,ST-066,State Highway,Chittoor,Wet,9.0,9930.0,200.9,4.0,2931.0,27.0,0.2,2.16,0.262,3,14.33
ST-066/01,ST-066,State Highway,Chittoor,Wet,1.0,9370.0,161.9,2.8,2906.0,27.5,0.2,2.31,0.288,2,11.48
DI-136/01,DI-136,District Road,Nashik,Wet,1.0,5750.0,100.2,8.7,1541.0,33.6,7.2,3.67,0.392,7,10.83
NA-040/05,NA-040,National Highway,Erode,Moderate,5.0,31500.0,297.5,22.4,1274.0,25.5,13.4,5.21,0.242,4,0.34
DI-130/09,DI-130,District Road,Bilaspur,Moderate,9.0,740.0,84.9,10.7,812.0,29.5,2.0,3.86,0.343,1,14.6
ST-073/09,ST-073,State Highway,Chittoor,Moderate,9.0,21330.0,136.4,18.1,1316.0,21.9,62.3,5.52,0.412,1,0.0
ST-067/03,ST-067,State Highway,Nashik,Arid,3.0,11700.0,221.7,10.9,325.0,38.2,0.2,3.28,0.239,4,11.04
NA-025/03,NA-025,National Highway,Bilaspur,Wet,3.0,20000.0,276.4,7.1,1866.0,25.5,4.6,3.09,0.3,4,14.34
NA-040/08,NA-040,National Highway,Erode,Moderate,8.0,25910.0,310.9,20.4,1285.0,25.8,9.8,4.6,0.237,7,2.2
ST-067/05,ST-067,State Highway,Nashik,Arid,5.0,12690.0,210.0,11.2,299.0,37.8,7.5,3.78,0.221,2,10.91
NA-008/03,NA-008,National Highway,Bilaspur,Arid,3.0,16560.0,270.0,4.9,463.0,31.4,1.4,2.54,0.287,1,16.44
NA-008/01,NA-008,National Highway,Bilaspur,Arid,1.0,16920.0,261.5,4.9,435.0,31.2,0.2,2.24,0.302,4,16.51
DI-143/09,DI-143,District Road,Latur,Arid,9.0,2580.0,84.4,21.0,443.0,31.0,26.8,5.54,0.398,2,0.2
NA-018/06,NA-018,National Highway,Chittoor,Wet,6.0,28500.0,299.4,1.2,1835.0,29.9,0.2,1.99,0.257,1,19.83
NA-018/03,NA-018,National Highway,Chittoor,Wet,3.0,29520.0,300.6,1.2,1839.0,28.0,0.5,2.41,0.25,1,20.38
ST-052/06,ST-052,State Highway,Kadapa,Moderate,6.0,9910.0,217.1,17.9,1070.0,78.6,7.7,4.45,0.304,6,5.84
ST-058/11,ST-058,State Highway,Kadapa,Arid,11.0,15410.0,194.7,16.8,352.0,82.2,12.0,4.2,0.32,3,5.9
ST-057/07,ST-057,State Highway,Latur,Wet,7.0,14270.0,196.4,18.4,2462.0,22.8,11.4,4.87,0.377,1,2.99
NA-029/05,NA-029,National Highway,Erode,Arid,5.0,23040.0,281.8,16.6,466.0,35.0,7.1,4.29,0.273,7,7.39
ST-091/08,ST-091,State Highway,Dharwad,Wet,8.0,12750.0,164.1,16.7,1581.0,30.0,49.8,5.45,0.455,4,0.0
ST-045/02,ST-045,State Highway,Anantpur,Wet,2.0,7890.0,121.3,6.7,2491.0,33.3,72.0,6.36,0.53,6,0.0
NA-010/06,NA-010,National Highway,Erode,Arid,6.0,47790.0,239.0,10.1,,34.1,12.4,3.49,0.257,6,9.51
DI-149/05,DI-149,District Road,Anantpur,Arid,5.0,1280.0,139.0,10.3,658.0,27.5,2.9,3.89,0.283,1,12.13
DI-120/05,DI-120,District Road,Nashik,Moderate,5.0,2250.0,87.6,4.8,1184.0,28.1,0.2,3.03,0.284,4,17.09
NA-005/04,NA-005,National Highway,Nashik,Wet,4.0,19650.0,283.9,2.1,1964.0,22.5,0.9,1.92,0.258,2,18.35
NA-006/06,NA-006,National Highway,Chittoor,Arid,6.0,33760.0,299.8,1.4,397.0,32.2,2.0,2.18,0.217,1,21.35
DI-121/01,DI-121,District Road,Chittoor,Moderate,1.0,3820.0,134.3,15.5,1142.0,22.7,4.9,4.45,0.332,3,9.3
ST-068/01,ST-068,State Highway,Anantpur,Arid,1.0,13790.0,175.4,17.9,381.0,29.4,6.0,4.28,0.26,9,8.5
NA-004/10,NA-004,National Highway,Latur,Arid,10.0,28180.0,243.5,9.9,369.0,29.6,4.1,3.04,0.325,5,11.4
NA-033/05,NA-033,National Highway,Erode,Moderate,5.0,35180.0,245.0,16.3,1289.0,30.9,13.4,4.59,0.284,6,3.47
ST-089/04,ST-089,State Highway,Erode,Moderate,4.0,12910.0,148.1,0.5,1093.0,26.1,0.2,1.4,0.229,0,18.76
DI-120/02,DI-120,District Road,Nashik,Moderate,2.0,1860.0,62.7,4.7,1180.0,28.4,0.2,3.27,0.327,4,17.11
ST-044/02,ST-044,State Highway,Dharwad,Arid,2.0,13740.0,190.5,1.5,442.0,31.4,0.7,1.93,0.342,1,22.78
NA-018/01,NA-018,National Highway,Chittoor,Wet,1.0,22490.0,311.9,1.9,1798.0,30.0,0.2,2.3,0.245,1,19.17
ST-056/04,ST-056,State Highway,Kadapa,Arid,4.0,9120.0,139.3,3.3,388.0,94.1,1.7,2.55,0.347,2,10.81
DI-120/06,DI-120,District Road,Nashik,Moderate,6.0,2470.0,80.0,5.3,1201.0,29.8,0.2,3.0,0.312,5,16.05
DI-144/06,DI-144,District Road,Nashik,Arid,6.0,7120.0,91.9,17.9,591.0,35.3,72.0,6.83,0.546,1,0.0
DI-107/02,DI-107,District Road,Latur,Arid,2.0,2530.0,89.7,17.6,,28.0,13.0,4.41,0.431,9,9.47
DI-143/07,DI-143,District Road,Latur,Arid,7.0,3100.0,75.0,21.3,267.0,31.5,41.1,5.54,0.515,1,0.25
ST-069/05,ST-069,State Highway,Erode,Moderate,5.0,6650.0,241.5,7.8,1038.0,30.9,0.2,2.98,0.202,5,14.4
ST-063/02,ST-063,State Highway,Chittoor,Arid,2.0,13260.0,186.5,22.1,586.0,30.6,28.2,5.63,0.279,2,0.0
NA-034/08,NA-034,National Highway,Anantpur,Arid,8.0,46790.0,286.2,8.4,685.0,35.5,9.8,3.33,0.302,5,9.41
DI-121/05,DI-121,District Road,Chittoor,Moderate,5.0,3360.0,132.4,15.6,1261.0,23.0,4.5,4.62,0.328,2,8.83
DI-129/11,DI-129,District Road,Dharwad,Moderate,11.0,5900.0,131.6,2.2,,27.9,0.2,2.31,0.266,2,20.87
DI-103/13,DI-103,District Road,Nashik,Moderate,13.0,5500.0,116.4,6.9,1238.0,27.2,0.2,3.45,0.327,6,15.16
ST-081/01,ST-081,State Highway,Latur,Wet,1.0,18130.0,165.8,21.4,1766.0,22.8,60.8,5.16,0.434,4,0.0
ST-056/03,ST-056,State Highway,Kadapa,Arid,3.0,9030.0,134.9,4.4,577.0,97.0,0.2,2.66,0.327,4,8.84
ST-070/07,ST-070,State Highway,Bilaspur,Wet,7.0,14880.0,202.9,3.1,1932.0,31.3,0.2,2.39,0.307,3,11.71
DI-120/07,DI-120,District Road,Nashik,Moderate,7.0,2230.0,74.2,5.4,1128.0,30.0,0.2,3.82,0.325,5,16.03
ST-079/07,ST-079,State Highway,Anantpur,Moderate,7.0,16660.0,161.1,8.3,1250.0,26.7,1.7,3.24,0.34,3,12.74
ST-057/08,ST-057,State Highway,Latur,Wet,8.0,17190.0,192.1,18.3,2292.0,22.5,19.7,4.58,0.379,1,3.66
DI-133/08,DI-133,District Road,Bilaspur,Wet,8.0,4560.0,138.8,9.6,1845.0,26.8,3.4,3.96,0.326,6,9.65
DI-123/09,DI-123,District Road,Dharwad,Arid,9.0,7500.0,76.9,5.1,555.0,34.0,4.3,3.24,0.314,5,10.92
ST-065/08,ST-065,State Highway,Dharwad,Arid,8.0,12070.0,182.1,21.8,698.0,35.8,22.7,5.19,0.336,1,0.05
ST-083/07,ST-083,State Highway,Anantpur,Moderate,7.0,14640.0,224.7,16.0,1017.0,29.3,7.0,4.01,0.247,8,6.4
NA-007/01,NA-007,National Highway,Latur,Arid,1.0,34780.0,206.9,19.8,635.0,36.0,72.0,7.34,0.557,1,0.0
DI-103/07,DI-103,District Road,Nashik,Moderate,7.0,5250.0,134.3,6.6,1115.0,27.1,0.2,3.23,0.339,6,15.78
ST-056/06,ST-056,State Highway,Kadapa,Arid,6.0,9220.0,144.8,3.2,487.0,93.7,1.9,2.5,0.361,1,12.27
DI-150/07,DI-150,District Road,Chittoor,Wet,7.0,2680.0,119.3,18.0,2577.0,26.0,6.1,5.14,0.39,3,2.83
DI-100/08,DI-100,District Road,Anantpur,Moderate,8.0,7170.0,76.8,12.5,867.0,28.6,46.2,5.57,0.5,4,1.02
NA-026/09,NA-026,National Highway,Chittoor,Wet,9.0,33090.0,324.3,9.9,2347.0,28.1,3.5,3.62,0.236,3,10.03
NA-003/05,NA-003,National Highway,Bilaspur,Wet,5.0,34220.0,311.3,21.1,1529.0,27.0,8.7,4.73,0.273,2,2.91
NA-024/04,NA-024,National Highway,Anantpur,Moderate,4.0,40440.0,254.8,14.9,1173.0,31.1,12.4,4.04,0.302,3,8.41
DI-118/04,DI-118,District Road,Latur,Wet,4.0,3510.0,126.6,11.4,1734.0,21.8,5.1,4.24,0.318,8,11.55
NA-011/10,NA-011,National Highway,Kadapa,Moderate,10.0,16920.0,257.5,17.0,1123.0,82.6,10.7,4.05,0.292,3,7.57
DI-140/01,DI-140,District Road,Anantpur,Wet,1.0,5170.0,98.3,12.5,2458.0,29.4,72.0,7.3,0.635,7,0.0
ST-054/02,ST-054,State Highway,Nashik,Moderate,2.0,14610.0,172.4,9.5,1168.0,23.1,2.4,3.35,0.301,5,16.4
NA-014/03,NA-014,National Highway,Erode,Arid,3.0,23300.0,306.3,3.4,723.0,32.5,0.2,2.25,0.267,3,20.71
DI-101/08,DI-101,District Road,Erode,Arid,8.0,4780.0,118.4,13.1,445.0,29.5,8.1,4.43,0.345,9,8.75
DI-119/03,DI-119,District Road,Nashik,Arid,3.0,6780.0,135.4,9.2,585.0,36.4,3.2,3.76,0.297,4,13.5
ST-054/01,ST-054,State Highway,Nashik,Moderate,1.0,11770.0,174.3,10.2,898.0,22.7,4.7,2.73,0.283,2,16.56
NA-023/03,NA-023,National Highway,Anantpur,Wet,3.0,46810.0,322.8,1.9,2360.0,30.3,-1.0,2.06,0.196,1,17.35
NA-008/06,NA-008,National Highway,Bilaspur,Arid,6.0,21930.0,284.1,6.2,381.0,32.0,2.0,2.89,0.309,5,15.1
NA-004/08,NA-004,National Highway,Latur,Arid,8.0,32390.0,259.5,9.0,554.0,30.0,3.4,3.17,0.32,2,14.08
DI-133/10,DI-133,District Road,Bilaspur,Wet,10.0,5380.0,137.3,10.5,1773.0,28.4,5.7,4.35,0.339,6,8.41
NA-006/07,NA-006,National Highway,Chittoor,Arid,7.0,32810.0,315.6,0.5,390.0,33.0,0.2,1.92,0.18,0,22.06
NA-021/02,NA-021,National Highway,Kadapa,Arid,2.0,43980.0,276.0,7.0,326.0,91.6,1.7,2.54,0.305,6,13.45
DI-125/06,DI-125,District Road,Anantpur,Arid,6.0,770.0,135.8,3.1,411.0,36.8,0.2,2.72,0.313,2,17.57
ST-094/08,ST-094,State Highway,Erode,Arid,8.0,10090.0,216.6,14.3,588.0,27.6,8.6,3.51,0.267,5,8.61
DI-124/05,DI-124,District Road,Erode,Wet,5.0,5900.0,104.6,21.2,1457.0,28.9,-1.0,5.28,0.349,8,1.0
ST-050/06,ST-050,State Highway,Latur,Arid,6.0,16360.0,158.7,8.6,545.0,37.8,16.4,3.87,0.333,8,5.05
NA-009/08,NA-009,National Highway,Nashik,Moderate,8.0,39460.0,238.8,6.2,1258.0,26.0,3.4,2.75,0.322,2,9.29
ST-058/08,ST-058,State Highway,Kadapa,Arid,8.0,16010.0,198.8,16.9,376.0,82.8,9.0,4.31,0.221,7,5.63
NA-036/01,NA-036,National Highway,Chittoor,Moderate,1.0,31540.0,271.8,21.1,764.0,29.3,14.4,4.61,0.295,8,3.45
DI-109/02,DI-109,District Road,Anantpur,Arid,2.0,4050.0,128.3,5.9,451.0,32.3,0.2,3.26,0.304,5,16.18
DI-104/05,DI-104,District Road,Latur,Moderate,5.0,2710.0,143.5,22.0,614.0,30.6,16.1,5.63,0.303,9,0.0
ST-090/01,ST-090,State Highway,Anantpur,Wet,1.0,8900.0,171.4,17.4,2311.0,30.1,27.2,4.82,0.376,5,3.34
DI-117/01,DI-117,District Road,Dharwad,Wet,1.0,2660.0,84.5,16.0,2558.0,32.9,40.9,5.29,0.51,4,2.12
DI-117/06,DI-117,District Road,Dharwad,Wet,6.0,2530.0,81.9,15.4,2587.0,33.0,38.0,5.72,0.496,7,2.18
ST-056/08,ST-056,State Highway,Kadapa,Arid,8.0,9370.0,129.0,4.1,528.0,94.5,1.7,2.83,0.384,3,7.56
ST-076/06,ST-076,State Highway,Latur,Wet,6.0,12610.0,179.3,23.2,2677.0,23.3,19.4,5.72,0.306,8,0.0
ST-044/12,ST-044,State Highway,Dharwad,Arid,12.0,13700.0,224.2,0.9,476.0,29.0,4.3,1.78,0.31,0,24.05
ST-094/02,ST-094,State Highway,Erode,Arid,2.0,8490.0,0.0,13.4,547.0,28.6,6.0,3.79,0.28,7,9.3
DI-142/03,DI-142,District Road,Dharwad,Wet,3.0,5890.0,92.5,17.8,2299.0,30.9,72.0,7.95,0.562,4,0.0
DI-098/04,DI-098,District Road,Latur,Wet,4.0,2110.0,92.8,21.8,2397.0,28.4,15.8,6.55,0.395,7,0.0
ST-059/07,ST-059,State Highway,Latur,Moderate,7.0,14070.0,181.2,18.4,1568.0,31.0,10.5,5.23,0.342,8,1.21
ST-064/07,ST-064,State Highway,Dharwad,Wet,7.0,8200.0,187.5,17.3,1990.0,25.9,9.1,4.82,0.34,6,3.94
DI-128/02,DI-128,District Road,Erode,Arid,2.0,3240.0,87.5,10.3,679.0,29.1,6.9,4.0,0.394,3,15.55
NA-035/11,NA-035,National Highway,Kadapa,Moderate,11.0,47080.0,238.2,7.9,1092.0,76.1,5.5,3.32,0.308,7,5.83
DI-119/06,DI-119,District Road,Nashik,Arid,6.0,6030.0,130.8,9.1,476.0,35.4,2.8,3.6,0.338,1,14.17
ST-060/01,ST-060,State Highway,Kadapa,Moderate,1.0,8480.0,206.4,14.0,817.0,86.5,10.4,3.84,0.259,6,9.91
DI-129/09,DI-129,District Road,Dharwad,Moderate,9.0,5970.0,131.1,2.5,1259.0,27.6,0.2,2.82,0.274,2,20.65
DI-110/05,DI-110,District Road,Nashik,Arid,5.0,3260.0,111.9,3.4,614.0,31.2,0.3,3.06,0.299,3,19.12
DI-109/09,DI-109,District Road,Anantpur,Arid,9.0,3820.0,109.3,5.1,516.0,32.6,0.2,3.44,0.325,5,16.77
ST-093/10,ST-093,State Highway,Anantpur,Wet,10.0,10840.0,129.0,18.5,2625.0,22.4,72.0,7.15,0.885,8,0.0
DI-122/07,DI-122,District Road,Anantpur,Arid,7.0,1820.0,80.7,17.7,635.0,35.2,26.3,4.91,0.432,1,3.04
DI-144/11,DI-144,District Road,Nashik,Arid,11.0,6120.0,83.2,-17.8,782.0,37.6,72.0,7.26,0.603,1,0.0
NA-002/01,NA-002,National Highway,Chittoor,Arid,1.0,21750.0,264.5,8.7,417.0,28.0,4.4,2.86,0.252,1,14.8
ST-092/03,ST-092,State Highway,Kadapa,Wet,3.0,18360.0,152.1,17.6,2052.0,73.8,72.0,6.99,0.684,2,0.0
DI-130/01,DI-130,District Road,Bilaspur,Moderate,1.0,870.0,66.3,12.1,915.0,28.2,3.3,3.81,0.354,9,13.4
ST-082/10,ST-082,State Highway,Erode,Wet,10.0,12850.0,164.6,15.9,2566.0,32.5,72.0,7.1,0.621,1,0.0
DI-100/03,DI-100,District Road,Anantpur,Moderate,3.0,5820.0,84.4,12.1,958.0,29.2,19.1,4.28,0.44,1,6.65
DI-114/02,DI-114,District Road,Nashik,Arid,2.0,5610.0,125.9,8.7,226.0,34.8,1.1,3.95,0.306,7,14.33
NA-008/05,NA-008,National Highway,Bilaspur,Arid,5.0,21180.0,262.7,6.6,467.0,31.0,0.2,2.86,0.283,6,14.78
DI-106/05,DI-106,District Road,Kadapa,Wet,5.0,7660.0,73.2,13.7,2709.0,90.3,72.0,7.91,0.732,6,0.0
ST-055/04,ST-055,State Highway,Erode,Moderate,4.0,9560.0,145.3,7.5,748.0,32.1,0.9,2.78,0.326,5,16.19
NA-036/02,NA-036,National Highway,Chittoor,Moderate,2.0,36430.0,270.4,21.2,801.0,29.0,20.3,4.33,0.318,9,3.36
ST-059/03,ST-059,State Highway,Latur,Moderate,3.0,0.0,0.0,17.2,1523.0,31.0,6.8,5.02,0.312,2,2.5
ST-061/05,ST-061,State Highway,Dharwad,Wet,5.0,19920.0,159.9,8.0,1718.0,23.5,18.1,3.69,0.39,1,4.24
NA-009/10,NA-009,National Highway,Nashik,Moderate,10.0,39680.0,239.2,7.1,1141.0,26.2,3.8,3.07,0.359,3,8.92
ST-088/09,ST-088,State Highway,Dharwad,Wet,9.0,17320.0,193.3,7.2,1737.0,24.4,6.5,3.16,0.315,2,12.59
NA-023/06,NA-023,National Highway,Anantpur,Wet,6.0,38410.0,280.8,2.4,2285.0,30.8,0.2,2.18,0.222,1,16.83
DI-131/01,DI-131,District Road,Anantpur,Moderate,1.0,3000.0,120.7,12.7,796.0,31.2,5.3,4.21,0.363,6,11.22
NA-018/08,NA-018,National Highway,Chittoor,Wet,8.0,24630.0,303.9,1.9,1784.0,29.4,-1.0,2.0,0.284,1,19.39
DI-139/10,DI-139,District Road,Kadapa,Moderate,10.0,7020.0,110.8,8.9,967.0,87.3,8.8,3.92,0.353,8,11.41
DI-103/11,DI-103,District Road,Nashik,Moderate,11.0,5310.0,124.1,6.5,974.0,28.6,0.2,3.33,0.365,6,15.82
NA-034/11,NA-034,National Highway,Anantpur,Arid,11.0,49940.0,0.0,8.2,,36.2,7.0,3.22,0.361,5,6.86
DI-132/03,DI-132,District Road,Anantpur,Moderate,3.0,6210.0,92.5,7.3,1022.0,26.2,2.6,3.09,0.315,5,18.1
DI-136/04,DI-136,District Road,Nashik,Wet,4.0,5110.0,105.0,7.4,,32.9,2.5,3.83,0.388,6,12.38
DI-137/13,DI-137,District Road,Bilaspur,Wet,13.0,4890.0,142.3,11.6,2481.0,25.1,12.7,4.54,0.416,6,7.3
NA-028/09,NA-028,National Highway,Bilaspur,Wet,9.0,26540.0,283.0,9.9,2102.0,28.2,6.0,3.0,0.236,1,10.84
NA-001/07,NA-001,National Highway,Dharwad,Wet,7.0,26030.0,316.3,14.9,2786.0,26.7,6.4,4.29,0.281,8,3.59
DI-146/06,DI-146,District Road,Erode,Moderate,6.0,1540.0,124.2,3.4,974.0,28.4,0.2,3.27,0.343,3,20.31
NA-015/02,NA-015,National Highway,Latur,Wet,2.0,24370.0,297.9,8.8,1706.0,22.6,1.0,3.02,0.24,2,13.62
NA-017/08,NA-017,National Highway,Nashik,Wet,8.0,22500.0,261.0,22.0,1561.0,24.2,14.3,5.4,0.248,8,0.0
DI-124/08,DI-124,District Road,Erode,Wet,8.0,4640.0,116.1,21.5,1638.0,28.8,13.7,5.67,0.326,8,0.22
ST-061/09,ST-061,State Highway,Dharwad,Wet,9.0,15840.0,176.2,9.3,1611.0,23.8,5.3,3.51,0.32,9,11.32
DI-134/02,DI-134,District Road,Bilaspur,Wet,2.0,4150.0,139.1,5.4,1769.0,26.7,0.5,3.31,0.275,3,15.67
DI-109/05,DI-109,District Road,Anantpur,Arid,5.0,3870.0,109.4,5.9,561.0,32.3,1.5,3.21,0.335,5,15.94
DI-144/08,DI-144,District Road,Nashik,Arid,8.0,7190.0,84.7,18.1,676.0,37.2,72.0,8.1,0.676,4,0.0
ST-055/05,ST-055,State Highway,Erode,Moderate,5.0,10180.0,156.3,8.5,877.0,32.3,0.5,2.87,0.293,4,14.84
DI-150/03,DI-150,District Road,Chittoor,Wet,3.0,2310.0,142.1,17.7,2586.0,26.0,9.0,5.42,0.356,9,3.21
ST-081/06,ST-081,State Highway,Latur,Wet,6.0,14700.0,158.5,22.0,1871.0,23.4,63.6,5.15,0.378,3,0.0
ST-060/05,ST-060,State Highway,Kadapa,Moderate,5.0,10390.0,211.6,14.9,854.0,85.3,3.4,3.95,0.282,4,9.2
DI-144/13,DI-144,District Road,Nashik,Arid,13.0,6390.0,83.8,17.7,726.0,37.6,72.0,7.37,0.602,7,0.0
NA-002/12,NA-002,National Highway,Chittoor,Arid,12.0,21130.0,255.9,8.3,286.0,28.8,1.7,2.99,0.257,2,15.32
ST-069/03,ST-069,State Highway,Erode,Moderate,3.0,7740.0,218.0,7.7,1036.0,31.4,4.7,3.18,0.233,2,14.36
ST-065/11,ST-065,State Highway,Dharwad,Arid,11.0,11580.0,180.6,21.4,804.0,35.6,17.6,5.03,0.33,7,0.17
ST-076/01,ST-076,State Highway,Latur,Wet,1.0,15800.0,176.6,21.8,2697.0,22.5,23.5,5.6,0.318,3,0.0
ST-064/06,ST-064,State Highway,Dharwad,Wet,6.0,6700.0,185.9,18.0,2029.0,26.6,10.1,4.91,0.335,4,2.98
DI-118/03,DI-118,District Road,Latur,Wet,3.0,3710.0,144.9,11.6,1688.0,23.4,3.4,4.16,0.329,9,11.06
ST-067/08,ST-067,State Highway,Nashik,Arid,8.0,10850.0,219.4,10.5,329.0,37.1,9.0,3.58,0.27,9,11.71
ST-081/08,ST-081,State Highway,Latur,Wet,8.0,16360.0,157.9,21.2,1702.0,23.7,72.0,5.83,0.43,1,0.0
DI-114/06,DI-114,District Road,Nashik,Arid,6.0,5660.0,145.5,7.2,537.0,35.6,2.5,3.47,0.306,5,14.77
NA-015/01,NA-015,National Highway,Latur,Wet,1.0,24340.0,289.8,10.5,1602.0,23.2,0.2,3.8,0.275,8,11.96
ST-058/04,ST-058,State Highway,Kadapa,Arid,4.0,14110.0,194.0,17.7,331.0,82.6,16.4,4.5,0.289,9,4.97
DI-124/02,DI-124,District Road,Erode,Wet,2.0,4920.0,117.9,20.5,1550.0,27.9,13.4,5.51,0.264,9,1.82
ST-072/03,ST-072,State Highway,Kadapa,Moderate,3.0,7390.0,165.9,22.1,917.0,84.2,20.2,4.99,0.342,1,0.82
DI-128/05,DI-128,District Road,Erode,Arid,5.0,2750.0,101.6,10.9,746.0,31.3,2.6,4.35,0.386,4,14.06
ST-090/02,ST-090,State Highway,Anantpur,Wet,2.0,9760.0,181.0,17.3,2186.0,30.3,19.6,4.92,0.357,9,3.68
NA-039/04,NA-039,National Highway,Latur,Moderate,4.0,31020.0,306.6,18.2,1526.0,21.9,8.0,4.38,0.237,3,6.31
DI-143/04,DI-143,District Road,Latur,Arid,4.0,2890.0,74.6,21.2,233.0,31.0,41.5,5.64,0.432,3,0.52
ST-077/03,ST-077,State Highway,Anantpur,Moderate,3.0,14020.0,168.8,4.4,1209.0,23.1,8.4,2.55,0.301,4,13.83
NA-035/06,NA-035,National Highway,Kadapa,Moderate,6.0,42380.0,226.4,7.1,1179.0,76.3,13.0,3.82,0.353,2,4.75
NA-034/09,NA-034,National Highway,Anantpur,Arid,9.0,38720.0,278.5,8.4,618.0,35.6,8.5,3.0,0.337,1,9.89
DI-114/12,DI-114,District Road,Nashik,Arid,12.0,5620.0,141.9,8.1,400.0,36.5,6.4,3.82,0.308,8,14.0
DI-111/02,DI-111,District Road,Erode,Wet,2.0,1060.0,91.4,1.1,2458.0,33.1,0.2,3.1,0.354,1,17.15
ST-055/10,ST-055,State Highway,Erode,Moderate,10.0,9450.0,142.8,8.9,,31.3,4.5,3.22,0.291,1,14.44
ST-055/08,ST-055,State Highway,Erode,Moderate,8.0,10850.0,153.6,8.8,902.0,31.2,0.7,3.17,0.268,1,14.85
NA-009/09,NA-009,National Highway,Nashik,Moderate,9.0,40290.0,228.4,6.6,1095.0,25.5,7.9,3.15,0.336,1,6.94
ST-051/01,ST-051,State Highway,Kadapa,Arid,1.0,15490.0,169.7,12.1,365.0,85.3,9.0,3.58,0.377,1,10.43
NA-036/05,NA-036,National Highway,Chittoor,Moderate,5.0,36060.0,289.6,21.6,766.0,29.6,18.3,4.59,0.378,4,2.87
ST-075/03,ST-075,State Highway,Latur,Wet,3.0,17190.0,169.5,9.2,1786.0,24.3,31.4,4.66,0.462,5,2.01
ST-067/10,ST-067,State Highway,Nashik,Arid,10.0,12270.0,212.5,10.1,318.0,36.8,6.1,3.2,0.181,4,12.26
NA-016/02,NA-016,National Highway,Kadapa,Wet,2.0,25230.0,237.6,8.5,2180.0,76.5,3.4,3.07,0.285,7,13.44
DI-123/01,DI-123,District Road,Dharwad,Arid,1.0,6100.0,54.9,5.8,605.0,32.8,8.0,3.68,0.4,2,6.03
DI-140/02,DI-140,District Road,Anantpur,Wet,2.0,6510.0,122.2,10.2,2394.0,29.7,28.3,5.1,0.526,3,2.68
NA-003/08,NA-003,National Highway,Bilaspur,Wet,8.0,33460.0,308.0,21.9,1565.0,27.2,8.9,4.98,0.271,6,1.96
NA-026/11,NA-026,National Highway,Chittoor,Wet,11.0,34550.0,308.7,10.0,2425.0,29.5,3.7,3.73,0.253,6,9.34
NA-039/01,NA-039,National Highway,Latur,Moderate,1.0,25180.0,297.4,17.6,1408.0,21.0,4.2,3.98,0.205,8,7.56
ST-075/05,ST-075,State Highway,Latur,Wet,5.0,16030.0,161.2,9.2,1824.0,23.1,38.0,4.83,0.431,1,1.11
ST-081/09,ST-081,State Highway,Latur,Wet,9.0,13680.0,174.1,21.6,1648.0,23.9,27.8,4.92,0.396,4,1.28
DI-118/07,DI-118,District Road,Latur,Wet,7.0,4320.0,131.5,11.2,1724.0,22.4,0.9,4.1,0.378,4,11.68
NA-021/04,NA-021,National Highway,Kadapa,Arid,4.0,42080.0,273.8,7.4,330.0,90.7,6.5,2.88,0.269,1,13.45
ST-077/10,ST-077,State Highway,Anantpur,Moderate,10.0,16640.0,188.6,3.2,1181.0,21.7,0.3,2.02,0.3,2,19.87
ST-091/06,ST-091,State Highway,Dharwad,Wet,6.0,11950.0,175.6,16.0,1446.0,30.1,26.7,4.56,0.412,5,4.09
ST-043/05,ST-043,State Highway,Anantpur,Moderate,5.0,13490.0,163.9,9.9,1242.0,23.9,1.1,2.95,0.297,4,13.95
ST-079/05,ST-079,State Highway,Anantpur,Moderate,5.0,14350.0,136.1,8.0,1228.0,28.1,6.8,2.82,0.305,6,11.6
ST-051/05,ST-051,State Highway,Kadapa,Arid,5.0,17190.0,148.0,11.9,372.0,84.9,22.1,3.84,0.378,6,5.59
NA-017/03,NA-017,National Highway,Nashik,Wet,3.0,27350.0,275.8,23.5,1634.0,23.2,10.9,5.98,0.271,2,0.0
NA-034/07,NA-034,National Highway,Anantpur,Arid,7.0,39970.0,259.3,8.8,545.0,35.6,16.6,3.32,0.335,4,5.4
NA-027/10,NA-027,National Highway,Chittoor,Arid,10.0,31130.0,243.6,16.0,721.0,32.9,24.8,4.31,0.381,2,4.21
NA-001/08,NA-001,National Highway,Dharwad,Wet,8.0,31760.0,309.1,14.9,2744.0,27.4,12.5,4.66,0.303,3,3.48
DI-101/03,DI-101,District Road,Erode,Arid,3.0,4690.0,92.7,13.3,449.0,29.1,11.0,4.24,0.375,3,8.59
NA-041/02,NA-041,National Highway,Kadapa,Arid,2.0,36190.0,238.8,11.8,328.0,87.4,10.4,3.02,0.263,4,8.88
NA-019/02,NA-019,National Highway,Anantpur,Arid,2.0,25800.0,246.3,12.8,553.0,33.6,6.6,3.51,0.261,2,11.61
DI-126/03,DI-126,District Road,Kadapa,Moderate,3.0,5280.0,93.0,4.1,899.0,84.0,1.5,2.87,0.283,4,20.51
NA-034/06,NA-034,National Highway,Anantpur,Arid,6.0,41560.0,258.5,9.1,657.0,34.6,13.9,3.55,0.335,8,4.94
NA-038/02,NA-038,National Highway,Erode,Moderate,2.0,22720.0,233.8,11.4,777.0,22.7,10.4,3.3,0.338,4,11.4
NA-032/05,NA-032,National Highway,Latur,Wet,5.0,34430.0,284.4,10.8,2527.0,32.4,0.9,3.48,0.298,9,8.04
ST-048/07,ST-048,State Highway,Chittoor,Moderate,7.0,7820.0,184.3,-11.7,1362.0,30.1,7.0,4.18,0.282,4,8.57
ST-057/03,ST-057,State Highway,Latur,Wet,3.0,16490.0,208.3,18.4,2462.0,22.7,13.5,5.14,0.33,7,3.03
ST-068/03,ST-068,State Highway,Anantpur,Arid,3.0,14270.0,208.8,18.3,332.0,29.9,8.8,4.34,0.248,4,8.03
ST-062/01,ST-062,State Highway,Bilaspur,Arid,1.0,8370.0,146.1,16.1,704.0,35.5,14.1,4.25,0.289,1,4.63
ST-084/06,ST-084,State Highway,Chittoor,Wet,6.0,9830.0,152.9,9.5,2205.0,28.3,8.1,3.29,0.366,5,10.76
DI-117/04,DI-117,District Road,Dharwad,Wet,4.0,2710.0,74.9,15.7,2510.0,31.8,66.4,6.27,0.577,9,0.0
ST-055/09,ST-055,State Highway,Erode,Moderate,9.0,12150.0,163.9,8.7,743.0,32.2,4.3,2.72,0.249,2,14.97
DI-126/09,DI-126,District Road,Kadapa,Moderate,9.0,4760.0,81.3,4.8,755.0,83.1,0.2,3.06,0.365,1,18.9
NA-017/04,NA-017,National Highway,Nashik,Wet,4.0,27720.0,285.2,23.0,1543.0,24.3,11.6,5.46,0.266,8,0.0
ST-092/06,ST-092,State Highway,Kadapa,Wet,6.0,22020.0,172.6,17.8,2141.0,74.1,72.0,6.87,0.566,6,0.0
NA-038/05,NA-038,National Highway,Erode,Moderate,5.0,28820.0,239.3,11.9,808.0,20.8,12.4,3.46,0.314,2,10.44
DI-133/09,DI-133,District Road,Bilaspur,Wet,9.0,4870.0,142.4,10.8,1790.0,28.2,5.1,4.23,0.323,6,8.17
NA-021/08,NA-021,National Highway,Kadapa,Arid,8.0,38930.0,280.0,6.9,374.0,91.4,3.1,3.03,0.304,3,15.85
ST-090/06,ST-090,State Highway,Anantpur,Wet,6.0,10690.0,0.0,16.2,2409.0,30.4,29.3,4.7,0.385,2,4.15
DI-098/07,DI-098,District Road,Latur,Wet,7.0,1620.0,112.9,21.6,2256.0,27.5,10.1,5.89,0.387,6,0.0
NA-012/06,NA-012,National Highway,Dharwad,Wet,6.0,25630.0,300.4,16.4,1658.0,32.2,11.1,4.71,0.295,5,2.8
ST-088/08,ST-088,State Highway,Dharwad,Wet,8.0,16130.0,195.1,7.3,1703.0,24.8,4.2,2.37,0.308,1,13.97
NA-033/06,NA-033,National Highway,Erode,Moderate,6.0,30640.0,224.3,16.4,1335.0,31.2,18.3,4.82,0.31,9,3.15
ST-084/05,ST-084,State Highway,Chittoor,Wet,5.0,10150.0,145.4,10.8,2277.0,27.2,11.2,3.35,0.427,3,7.41
ST-045/04,ST-045,State Highway,Anantpur,Wet,4.0,7140.0,127.6,6.4,2706.0,32.8,49.0,5.33,0.457,6,0.06
ST-092/07,ST-092,State Highway,Kadapa,Wet,7.0,19830.0,176.9,18.5,2149.0,72.1,72.0,6.4,0.523,1,0.0
DI-111/05,DI-111,District Road,Erode,Wet,5.0,1300.0,81.7,0.6,2526.0,32.8,1.9,2.45,0.346,0,17.59
DI-134/05,DI-134,District Road,Bilaspur,Wet,5.0,3670.0,129.9,4.0,1820.0,27.8,0.8,3.1,0.326,3,16.57
ST-049/01,ST-049,State Highway,Chittoor,Arid,1.0,6520.0,149.2,9.6,742.0,27.1,4.0,3.01,0.311,9,16.37
ST-096/08,ST-096,State Highway,Bilaspur,Moderate,8.0,20370.0,229.4,17.2,1472.0,32.8,10.0,4.25,0.312,6,4.6
DI-130/08,DI-130,District Road,Bilaspur,Moderate,8.0,900.0,53.3,12.2,911.0,28.4,4.4,3.85,0.344,9,13.23
ST-082/01,ST-082,State Highway,Erode,Wet,1.0,16790.0,159.1,15.4,2578.0,33.1,72.0,7.29,0.732,2,0.0
ST-091/01,ST-091,State Highway,Dharwad,Wet,1.0,11410.0,164.1,16.7,1504.0,27.9,36.6,5.08,0.5,1,1.45
ST-048/01,ST-048,State Highway,Chittoor,Moderate,1.0,9400.0,150.6,11.3,1334.0,30.6,4.9,3.55,0.309,2,8.92
ST-070/03,ST-070,State Highway,Bilaspur,Wet,3.0,13520.0,220.4,4.9,1839.0,32.6,0.8,2.67,0.31,1,12.76
ST-071/08,ST-071,State Highway,Dharwad,Wet,8.0,17100.0,201.6,23.0,1760.0,31.5,43.7,5.97,0.383,4,0.0
ST-096/05,ST-096,State Highway,Bilaspur,Moderate,5.0,16950.0,216.2,17.3,1482.0,31.6,10.5,4.24,0.255,9,4.88
NA-009/02,NA-009,National Highway,Nashik,Moderate,2.0,35630.0,233.1,6.3,1170.0,27.3,4.1,2.99,0.335,4,8.78
DI-132/06,DI-132,District Road,Anantpur,Moderate,6.0,5130.0,104.1,8.5,1074.0,25.7,0.2,3.29,0.343,1,16.98
DI-097/06,DI-097,District Road,Erode,Wet,6.0,5470.0,125.5,13.0,1524.0,25.1,31.8,5.23,0.493,7,3.47
NA-023/04,NA-023,National Highway,Anantpur,Wet,4.0,44020.0,292.4,2.6,2433.0,30.7,4.8,2.32,0.192,2,16.3
DI-112/01,DI-112,District Road,Bilaspur,Moderate,1.0,2040.0,89.8,7.1,1118.0,30.3,3.1,3.33,0.458,5,12.32
NA-004/02,NA-004,National Highway,Latur,Arid,2.0,36020.0,253.3,8.9,469.0,30.0,8.9,2.84,0.328,5,10.94
NA-026/07,NA-026,National Highway,Chittoor,Wet,7.0,29830.0,303.9,10.2,2325.0,28.1,3.7,3.76,0.255,8,9.77
DI-119/08,DI-119,District Road,Nashik,Arid,8.0,6620.0,122.8,8.7,506.0,34.8,1.8,4.09,0.259,8,14.64
ST-066/07,ST-066,State Highway,Chittoor,Wet,7.0,10230.0,175.9,3.8,2915.0,26.3,1.2,2.55,0.297,3,14.59
ST-071/12,ST-071,State Highway,Dharwad,Wet,12.0,13690.0,185.1,23.1,1586.0,31.8,47.0,5.63,0.385,4,0.0
NA-022/06,NA-022,National Highway,Latur,Moderate,6.0,20030.0,281.9,4.8,1169.0,27.6,0.4,2.56,0.219,4,20.17
DI-119/09,DI-119,District Road,Nashik,Arid,9.0,6030.0,125.5,8.3,417.0,35.3,0.2,3.53,0.3,5,15.16
ST-077/07,ST-077,State Highway,Anantpur,Moderate,7.0,15080.0,160.0,3.6,1259.0,23.2,0.2,2.7,0.328,3,10.51
DI-132/02,DI-132,District Road,Anantpur,Moderate,2.0,6080.0,72.8,9.4,1110.0,24.6,2.9,2.98,0.344,7,16.28
ST-046/04,ST-046,State Highway,Anantpur,Arid,4.0,17310.0,223.1,20.3,349.0,34.1,14.7,4.4,0.36,7,4.78
DI-133/01,DI-133,District Road,Bilaspur,Wet,1.0,5420.0,134.6,11.5,1851.0,28.6,10.3,4.72,0.348,6,7.24
DI-142/05,DI-142,District Road,Dharwad,Wet,5.0,5890.0,86.9,17.4,2288.0,30.7,72.0,7.95,0.642,1,0.0
DI-110/02,DI-110,District Road,Nashik,Arid,2.0,3180.0,97.2,4.4,657.0,30.2,0.2,2.85,0.334,4,18.33
DI-138/07,DI-138,District Road,Bilaspur,Moderate,7.0,6640.0,56.6,15.2,1222.0,24.8,49.1,5.75,0.461,3,1.29
ST-071/04,ST-071,State Highway,Dharwad,Wet,4.0,16400.0,198.8,23.3,1680.0,32.7,45.4,5.71,0.366,7,0.0
ST-057/11,ST-057,State Highway,Latur,Wet,11.0,16170.0,204.6,18.8,2367.0,22.6,11.3,4.71,0.357,4,2.91
ST-057/04,ST-057,State Highway,Latur,Wet,4.0,14880.0,190.1,18.3,2236.0,21.9,14.6,4.76,0.382,1,4.02
DI-104/09,DI-104,District Road,Latur,Moderate,9.0,2570.0,133.8,22.0,773.0,30.7,11.6,5.71,0.359,9,0.0
DI-103/12,DI-103,District Road,Nashik,Moderate,12.0,5700.0,135.1,6.1,1021.0,27.0,1.2,3.38,0.299,6,16.56
DI-148/04,DI-148,District Road,Chittoor,Moderate,4.0,3640.0,74.0,7.2,1382.0,21.4,3.8,3.87,0.439,7,11.64
DI-097/13,DI-097,District Road,Erode,Wet,13.0,4180.0,0.0,12.3,1581.0,25.1,10.8,4.04,0.385,2,9.87
ST-043/04,ST-043,State Highway,Anantpur,Moderate,4.0,12390.0,177.1,9.9,,23.5,4.4,3.19,0.249,8,14.32
DI-150/02,DI-150,District Road,Chittoor,Wet,2.0,2670.0,146.2,17.9,2531.0,28.5,4.1,5.06,0.362,6,2.32
NA-038/07,NA-038,National Highway,Erode,Moderate,7.0,23840.0,250.1,11.9,874.0,23.6,4.3,3.56,0.314,7,11.14
NA-029/04,NA-029,National Highway,Erode,Arid,4.0,24790.0,268.4,18.2,529.0,35.0,10.4,4.36,0.292,6,5.65
ST-049/08,ST-049,State Highway,Chittoor,Arid,8.0,6070.0,129.5,10.6,780.0,28.1,6.9,3.03,0.383,8,11.18
DI-135/08,DI-135,District Road,Dharwad,Arid,8.0,1880.0,131.7,15.0,718.0,36.9,4.4,5.0,0.326,1,6.43
DI-110/08,DI-110,District Road,Nashik,Arid,8.0,3740.0,79.9,3.8,622.0,30.2,4.0,3.13,0.345,1,18.96
NA-029/10,NA-029,National Highway,Erode,Arid,10.0,26290.0,271.9,18.0,493.0,33.9,12.1,4.18,0.266,9,6.29
DI-135/06,DI-135,District Road,Dharwad,Arid,6.0,1840.0,114.1,16.0,,36.1,8.1,5.07,0.373,3,5.61
DI-144/04,DI-144,District Road,Nashik,Arid,4.0,6890.0,57.0,18.1,663.0,36.3,72.0,7.95,0.982,7,0.0
ST-094/11,ST-094,State Highway,Erode,Arid,11.0,9240.0,202.3,14.5,511.0,29.1,7.6,3.81,0.315,8,8.14
ST-047/03,ST-047,State Highway,Dharwad,Moderate,3.0,7380.0,183.1,23.2,971.0,29.0,12.8,5.88,0.262,7,0.0
DI-097/07,DI-097,District Road,Erode,Wet,7.0,4270.0,137.6,12.1,1572.0,25.1,10.7,4.17,0.428,7,10.08
DI-116/01,DI-116,District Road,Latur,Moderate,1.0,6250.0,114.5,17.4,1074.0,23.5,18.1,5.01,0.387,4,5.07
ST-047/04,ST-047,State Highway,Dharwad,Moderate,4.0,7960.0,174.4,23.6,992.0,28.4,16.7,5.46,0.283,7,0.0
NA-032/06,NA-032,National Highway,Latur,Wet,6.0,36530.0,265.2,11.1,2508.0,31.0,6.1,3.83,0.276,1,8.14
DI-134/01,DI-134,District Road,Bilaspur,Wet,1.0,3380.0,115.4,4.7,1874.0,27.6,5.7,3.41,0.367,4,14.49
NA-040/01,NA-040,National Highway,Erode,Moderate,1.0,32520.0,316.7,20.5,1335.0,26.1,8.4,4.74,0.213,9,1.94
DI-144/12,DI-144,District Road,Nashik,Arid,12.0,5850.0,72.8,17.7,718.0,36.0,72.0,7.91,0.67,7,0.0
DI-137/06,DI-137,District Road,Bilaspur,Wet,6.0,4140.0,128.0,11.9,2369.0,24.3,15.4,4.34,0.471,8,7.59
ST-092/08,ST-092,State Highway,Kadapa,Wet,8.0,17410.0,160.4,18.0,2068.0,75.6,72.0,7.32,0.609,8,0.0
DI-097/08,DI-097,District Road,Erode,Wet,8.0,4970.0,132.1,11.5,1612.0,25.2,17.6,4.24,0.477,8,8.42
ST-050/01,ST-050,State Highway,Latur,Arid,1.0,15240.0,176.5,6.9,667.0,36.8,-1.0,3.04,0.301,1,12.22
DI-150/04,DI-150,District Road,Chittoor,Wet,4.0,2410.0,157.8,16.6,2674.0,25.9,7.1,5.07,0.295,3,4.07
ST-058/10,ST-058,State Highway,Kadapa,Arid,10.0,14660.0,201.8,17.4,360.0,81.1,10.6,4.4,0.258,7,5.45
DI-137/12,DI-137,District Road,Bilaspur,Wet,12.0,4560.0,130.8,12.2,2437.0,21.9,13.9,4.52,0.437,3,7.77
ST-077/05,ST-077,State Highway,Anantpur,Moderate,5.0,15150.0,184.4,3.6,1224.0,22.9,2.0,2.5,0.319,2,18.85
NA-041/06,NA-041,National Highway,Kadapa,Arid,6.0,29870.0,253.2,11.3,411.0,89.2,9.5,3.67,0.23,9,11.37
NA-003/02,NA-003,National Highway,Bilaspur,Wet,2.0,32530.0,296.3,22.1,1494.0,27.6,6.2,4.9,0.252,9,1.87
ST-082/08,ST-082,State Highway,Erode,Wet,8.0,13550.0,162.7,14.8,2524.0,31.6,72.0,7.6,0.585,3,0.0
NA-013/07,NA-013,National Highway,Chittoor,Moderate,7.0,19200.0,254.7,4.8,1247.0,24.4,0.2,2.5,0.236,4,20.77
ST-045/05,ST-045,State Highway,Anantpur,Wet,5.0,6890.0,131.0,4.6,2643.0,32.1,17.7,4.33,0.394,3,2.43
ST-080/01,ST-080,State Highway,Latur,Moderate,1.0,20410.0,147.7,20.8,1059.0,26.3,21.7,4.5,0.325,9,4.22
DI-136/07,DI-136,District Road,Nashik,Wet,7.0,5170.0,98.9,8.1,1644.0,33.2,5.9,3.82,0.373,3,11.28
ST-049/12,ST-049,State Highway,Chittoor,Arid,12.0,7390.0,140.8,10.6,,27.5,6.4,3.17,0.354,3,12.61
ST-074/05,ST-074,State Highway,Anantpur,Wet,5.0,12010.0,158.8,7.6,3083.0,29.6,9.3,3.68,0.399,1,6.81
DI-102/02,DI-102,District Road,Chittoor,Wet,2.0,7590.0,105.4,14.2,1960.0,24.1,16.2,4.53,0.388,2,8.52
NA-038/03,NA-038,National Highway,Erode,Moderate,3.0,27640.0,239.3,11.3,835.0,22.9,8.7,3.9,0.331,8,10.2
NA-015/06,NA-015,National Highway,Latur,Wet,6.0,19010.0,289.7,8.6,1649.0,22.8,0.4,2.46,0.225,5,13.84
NA-005/12,NA-005,National Highway,Nashik,Wet,12.0,20050.0,290.5,1.5,1917.0,22.1,0.2,1.6,0.206,1,19.23
NA-030/08,NA-030,National Highway,Anantpur,Arid,8.0,32280.0,257.6,9.3,562.0,27.3,9.1,3.35,0.332,9,11.95
DI-104/10,DI-104,District Road,Latur,Moderate,10.0,2160.0,135.8,22.4,768.0,30.4,16.3,6.18,0.294,5,0.0
ST-065/01,ST-065,State Highway,Dharwad,Arid,1.0,12430.0,194.0,21.8,620.0,36.0,17.8,5.06,0.349,3,0.15
DI-109/04,DI-109,District Road,Anantpur,Arid,4.0,4440.0,88.0,5.1,639.0,32.9,2.5,3.44,0.329,5,16.4
NA-009/03,NA-009,National Highway,Nashik,Moderate,3.0,0.0,234.2,5.9,1081.0,25.6,2.9,2.71,0.316,5,11.03
ST-072/07,ST-072,State Highway,Kadapa,Moderate,7.0,6970.0,149.8,22.7,711.0,88.2,22.2,4.99,0.377,6,0.04
ST-051/04,ST-051,State Highway,Kadapa,Arid,4.0,17390.0,147.1,10.9,338.0,83.8,17.4,4.01,0.384,6,5.94
NA-034/13,NA-034,National Highway,Anantpur,Arid,13.0,41590.0,265.6,8.9,645.0,36.0,11.1,3.2,0.356,1,6.09
DI-126/05,DI-126,District Road,Kadapa,Moderate,5.0,4780.0,80.5,5.4,699.0,84.6,1.7,3.26,0.306,2,17.51
ST-053/08,ST-053,State Highway,Chittoor,Wet,8.0,10830.0,241.4,0.5,1934.0,29.8,2.3,1.86,0.307,0,18.54
DI-147/09,DI-147,District Road,Chittoor,Moderate,9.0,2580.0,92.8,11.5,832.0,26.2,10.5,3.95,0.459,6,10.68
NA-007/06,NA-007,National Highway,Latur,Arid,6.0,36090.0,195.1,19.5,612.0,35.7,72.0,6.88,0.685,3,0.0
ST-090/12,ST-090,State Highway,Anantpur,Wet,12.0,11290.0,159.3,17.5,2276.0,30.8,72.0,5.92,0.453,8,0.0
DI-134/04,DI-134,District Road,Bilaspur,Wet,4.0,4420.0,133.7,4.7,1871.0,28.2,3.1,2.73,0.314,4,15.63
ST-082/11,ST-082,State Highway,Erode,Wet,11.0,15910.0,175.7,15.2,2609.0,33.2,72.0,7.1,0.568,7,0.0
ST-093/06,ST-093,State Highway,Anantpur,Wet,6.0,0.0,126.2,20.0,2642.0,21.6,72.0,7.36,1.021,2,0.0
NA-004/03,NA-004,National Highway,Latur,Arid,3.0,34140.0,249.3,9.5,574.0,31.2,5.1,3.21,0.286,8,9.94
ST-082/05,ST-082,State Highway,Erode,Wet,5.0,14160.0,158.5,16.0,2430.0,32.9,72.0,7.05,0.707,6,0.0
ST-044/11,ST-044,State Highway,Dharwad,Arid,11.0,16360.0,186.9,2.0,479.0,30.1,0.2,2.44,0.326,2,20.59
ST-065/10,ST-065,State Highway,Dharwad,Arid,10.0,13520.0,202.8,21.2,662.0,36.0,17.4,5.03,0.347,3,0.58
DI-108/01,DI-108,District Road,Bilaspur,Moderate,1.0,5520.0,72.6,19.6,937.0,31.0,56.6,5.97,0.464,1,0.0
NA-007/04,NA-007,National Highway,Latur,Arid,4.0,32630.0,215.6,20.0,670.0,34.4,72.0,7.15,0.543,4,0.0
NA-015/03,NA-015,National Highway,Latur,Wet,3.0,21790.0,302.7,9.6,1665.0,22.5,6.7,2.91,0.284,6,12.9
DI-133/07,DI-133,District Road,Bilaspur,Wet,7.0,5290.0,159.8,10.1,1801.0,27.0,1.8,4.51,0.313,7,9.17
DI-121/06,DI-121,District Road,Chittoor,Moderate,6.0,4110.0,126.4,16.4,1326.0,23.4,3.1,4.4,0.341,8,7.69
NA-008/08,NA-008,National Highway,Bilaspur,Arid,8.0,18100.0,280.6,5.7,517.0,31.3,0.6,2.47,0.287,5,15.5
ST-052/04,ST-052,State Highway,Kadapa,Moderate,4.0,11270.0,205.2,19.0,931.0,79.2,7.7,4.57,0.307,1,5.01
DI-106/01,DI-106,District Road,Kadapa,Wet,1.0,7430.0,62.6,12.8,2694.0,90.0,72.0,7.68,0.887,1,0.0
DI-114/08,DI-114,District Road,Nashik,Arid,8.0,5690.0,112.0,8.2,325.0,35.4,3.5,3.54,0.282,5,14.37
ST-056/02,ST-056,State Highway,Kadapa,Arid,2.0,8050.0,141.5,4.2,539.0,95.4,0.5,2.4,0.36,2,12.17
NA-007/05,NA-007,National Highway,Latur,Arid,5.0,29200.0,232.0,20.4,652.0,35.1,72.0,5.89,0.407,2,0.0
DI-142/08,DI-142,District Road,Dharwad,Wet,8.0,5320.0,111.8,18.4,2239.0,30.5,46.6,5.56,0.466,6,0.32
ST-090/03,ST-090,State Highway,Anantpur,Wet,3.0,9470.0,155.2,16.7,2196.0,30.8,53.1,5.25,0.451,5,0.0
DI-131/07,DI-131,District Road,Anantpur,Moderate,7.0,3430.0,102.6,12.6,785.0,30.7,9.8,4.49,0.469,5,11.53
NA-032/03,NA-032,National Highway,Latur,Wet,3.0,37190.0,0.0,10.9,2539.0,32.7,9.4,3.45,0.246,6,7.75
ST-061/06,ST-061,State Highway,Dharwad,Wet,6.0,20860.0,151.2,8.6,1670.0,24.8,35.0,4.56,0.421,6,1.09
ST-045/01,ST-045,State Highway,Anantpur,Wet,1.0,6990.0,141.3,6.5,2558.0,33.6,22.4,4.06,0.421,6,2.56
ST-079/03,ST-079,State Highway,Anantpur,Moderate,3.0,17760.0,176.4,10.3,,26.6,3.2,3.45,0.27,9,10.64
ST-046/07,ST-046,State Highway,Anantpur,Arid,7.0,18720.0,230.8,20.5,365.0,34.7,16.1,4.3,0.311,8,4.34
NA-028/04,NA-028,National Highway,Bilaspur,Wet,4.0,31830.0,289.6,9.2,2295.0,28.3,6.4,3.24,0.273,5,10.99
DI-147/07,DI-147,District Road,Chittoor,Moderate,7.0,2680.0,130.0,9.4,,25.5,2.1,3.62,0.354,3,12.4
ST-074/08,ST-074,State Highway,Anantpur,Wet,8.0,15360.0,151.7,8.8,3002.0,29.2,29.7,4.49,0.459,4,1.69
DI-140/05,DI-140,District Road,Anantpur,Wet,5.0,6620.0,103.6,10.8,2387.0,30.7,72.0,6.93,0.609,9,0.0
NA-030/04,NA-030,National Highway,Anantpur,Arid,4.0,33230.0,278.5,9.4,475.0,26.6,3.1,3.34,0.308,9,13.96
ST-065/04,ST-065,State Highway,Dharwad,Arid,4.0,12000.0,175.0,21.8,682.0,36.4,27.5,5.65,0.337,1,0.0
DI-100/06,DI-100,District Road,Anantpur,Moderate,6.0,5800.0,69.2,13.4,844.0,29.0,56.5,6.15,0.505,9,0.28
DI-139/13,DI-139,District Road,Kadapa,Moderate,13.0,6900.0,84.2,9.7,1058.0,86.7,42.1,5.04,0.465,5,1.62
DI-147/03,DI-147,District Road,Chittoor,Moderate,3.0,2560.0,100.5,11.4,869.0,28.2,5.9,4.26,0.453,2,10.16
NA-020/06,NA-020,National Highway,Chittoor,Arid,6.0,26260.0,274.1,3.1,361.0,33.3,1.5,1.98,0.261,3,20.71
DI-122/01,DI-122,District Road,Anantpur,Arid,1.0,1720.0,66.1,17.8,674.0,37.2,43.0,5.36,0.535,6,2.24
NA-027/05,NA-027,National Highway,Chittoor,Arid,5.0,32780.0,235.0,15.9,607.0,32.4,38.4,4.05,0.358,4,4.26
ST-060/10,ST-060,State Highway,Kadapa,Moderate,10.0,10870.0,211.1,13.5,1024.0,86.4,5.1,3.47,0.306,8,9.99
DI-103/09,DI-103,District Road,Nashik,Moderate,9.0,5690.0,123.6,7.3,,27.1,1.9,3.42,0.395,5,15.21
DI-137/09,DI-137,District Road,Bilaspur,Wet,9.0,4570.0,118.6,11.6,2461.0,24.1,25.2,4.26,0.454,6,4.76
ST-095/05,ST-095,State Highway,Kadapa,Moderate,5.0,9710.0,150.0,16.5,808.0,72.1,5.5,3.61,0.314,4,8.97
ST-054/07,ST-054,State Highway,Nashik,Moderate,7.0,12720.0,169.2,10.6,1090.0,23.6,6.0,3.4,0.288,8,15.35
DI-125/11,DI-125,District Road,Anantpur,Arid,11.0,890.0,116.5,2.5,506.0,36.9,3.7,2.55,0.323,2,17.9
NA-018/07,NA-018,National Highway,Chittoor,Wet,7.0,25540.0,282.5,2.1,1748.0,29.7,0.2,2.16,0.261,2,19.24
DI-143/11,DI-143,District Road,Latur,Arid,11.0,2420.0,69.1,21.8,365.0,33.8,48.6,5.98,0.488,4,0.0
ST-073/02,ST-073,State Highway,Chittoor,Moderate,2.0,20630.0,143.8,17.2,1301.0,21.0,33.9,4.29,0.394,4,2.5
ST-051/09,ST-051,State Highway,Kadapa,Arid,9.0,14900.0,148.1,11.8,306.0,85.3,17.2,3.84,0.354,5,7.66
ST-068/04,ST-068,State Highway,Anantpur,Arid,4.0,14620.0,180.0,17.6,277.0,31.7,9.0,4.09,0.26,9,8.25
DI-114/07,DI-114,District Road,Nashik,Arid,7.0,4890.0,115.4,8.5,271.0,35.1,2.9,3.6,0.314,8,14.34
DI-115/03,DI-115,District Road,Anantpur,Moderate,3.0,2710.0,103.4,13.2,1379.0,25.0,-1.0,4.12,0.436,9,11.89
NA-029/06,NA-029,National Highway,Erode,Arid,6.0,30510.0,287.1,16.6,428.0,34.8,8.6,3.99,0.22,7,7.55
ST-071/01,ST-071,State Highway,Dharwad,Wet,1.0,17500.0,187.4,22.2,1676.0,32.6,72.0,5.75,0.411,8,0.0
DI-126/01,DI-126,District Road,Kadapa,Moderate,1.0,5470.0,75.2,6.5,860.0,85.1,5.4,3.54,0.363,2,11.82
DI-132/07,DI-132,District Road,Anantpur,Moderate,7.0,5810.0,97.3,8.3,1092.0,25.5,0.2,3.56,0.306,5,17.14
DI-137/04,DI-137,District Road,Bilaspur,Wet,4.0,4420.0,127.7,11.7,2458.0,23.4,18.0,3.96,0.415,9,7.79
ST-047/10,ST-047,State Highway,Dharwad,Moderate,10.0,6750.0,174.6,22.6,1002.0,28.0,12.6,5.28,0.271,8,0.0
ST-044/05,ST-044,State Highway,Dharwad,Arid,5.0,17630.0,173.4,1.5,382.0,27.9,0.2,2.14,0.346,1,16.04
ST-048/10,ST-048,State Highway,Chittoor,Moderate,10.0,8920.0,210.3,10.5,1381.0,29.9,5.1,3.97,0.257,4,9.77
NA-040/02,NA-040,National Highway,Erode,Moderate,2.0,31990.0,313.2,19.5,1235.0,26.2,8.4,4.83,0.227,7,3.07
DI-132/05,DI-132,District Road,Anantpur,Moderate,5.0,6400.0,95.9,8.6,1081.0,22.9,4.3,3.58,0.29,8,17.76
ST-068/08,ST-068,State Highway,Anantpur,Arid,8.0,13780.0,170.7,18.0,355.0,30.8,13.9,4.42,0.267,4,7.93
DI-125/07,DI-125,District Road,Anantpur,Arid,7.0,750.0,111.9,3.4,415.0,36.6,2.9,2.55,0.354,3,17.33
NA-016/03,NA-016,National Highway,Kadapa,Wet,3.0,24200.0,229.3,8.9,2222.0,75.4,5.5,2.74,0.238,3,13.11
ST-092/04,ST-092,State Highway,Kadapa,Wet,4.0,19480.0,165.8,20.3,2111.0,71.8,72.0,7.17,0.592,9,0.0
DI-121/04,DI-121,District Road,Chittoor,Moderate,4.0,4160.0,123.0,15.8,1280.0,22.2,6.4,4.21,0.363,5,8.78
ST-075/04,ST-075,State Highway,Latur,Wet,4.0,17230.0,160.3,9.0,1695.0,21.7,34.9,4.79,0.468,3,0.92
NA-023/07,NA-023,National Highway,Anantpur,Wet,7.0,44850.0,285.9,2.3,2433.0,31.8,0.2,2.13,0.252,2,16.2
NA-026/04,NA-026,National Highway,Chittoor,Wet,4.0,34500.0,303.4,11.0,2283.0,29.3,2.5,3.71,0.27,4,8.76
DI-108/07,DI-108,District Road,Bilaspur,Moderate,7.0,5130.0,67.1,19.3,1004.0,31.9,65.6,6.69,0.527,2,0.0
ST-089/02,ST-089,State Highway,Erode,Moderate,2.0,11910.0,176.9,1.3,937.0,26.4,0.2,2.06,0.256,1,21.92
ST-074/09,ST-074,State Highway,Anantpur,Wet,9.0,13090.0,173.7,7.5,2988.0,30.8,3.6,3.23,0.34,2,10.1
NA-020/10,NA-020,National Highway,Chittoor,Arid,10.0,21290.0,300.2,3.4,323.0,32.5,0.2,2.1,0.217,2,20.74
ST-082/02,ST-082,State Highway,Erode,Wet,2.0,14910.0,151.1,15.9,2528.0,32.7,-1.0,7.16,0.788,2,0.0
NA-020/09,NA-020,National Highway,Chittoor,Arid,9.0,26560.0,272.8,1.8,377.0,34.0,0.2,1.97,0.237,1,21.71
DI-107/01,DI-107,District Road,Latur,Arid,1.0,3150.0,106.6,17.2,393.0,27.2,8.8,4.77,0.398,3,10.09
DI-107/07,DI-107,District Road,Latur,Arid,7.0,2630.0,109.4,17.6,321.0,26.7,10.6,4.53,0.38,3,10.02
ST-095/03,ST-095,State Highway,Kadapa,Moderate,3.0,9520.0,153.2,16.6,883.0,71.6,6.0,4.1,0.312,7,8.86
ST-066/10,ST-066,State Highway,Chittoor,Wet,10.0,8240.0,171.9,3.3,2902.0,26.6,0.2,2.33,0.348,3,15.25
NA-038/04,NA-038,National Highway,Erode,Moderate,4.0,28110.0,255.7,12.2,960.0,21.5,5.8,3.52,0.28,8,11.29
ST-094/09,ST-094,State Highway,Erode,Arid,9.0,10160.0,208.9,15.7,593.0,29.8,5.0,4.22,0.298,9,6.63
DI-147/05,DI-147,District Road,Chittoor,Moderate,5.0,2430.0,114.2,11.8,853.0,27.3,4.4,4.14,0.366,9,10.01
NA-002/09,NA-002,National Highway,Chittoor,Arid,9.0,19230.0,270.4,8.9,337.0,27.8,3.6,2.97,0.222,8,14.93
NA-035/12,NA-035,National Highway,Kadapa,Moderate,12.0,35590.0,239.3,6.1,1154.0,75.2,4.3,2.49,0.3,3,9.89
DI-122/04,DI-122,District Road,Anantpur,Arid,4.0,1710.0,93.0,17.3,719.0,34.6,15.5,5.33,0.427,7,3.42
ST-060/09,ST-060,State Highway,Kadapa,Moderate,9.0,10880.0,220.5,14.1,815.0,86.7,4.1,3.44,0.265,9,9.84
DI-144/05,DI-144,District Road,Nashik,Arid,5.0,7430.0,96.9,18.0,738.0,37.1,72.0,6.88,0.523,2,0.0
DI-107/06,DI-107,District Road,Latur,Arid,6.0,2740.0,120.8,17.6,311.0,26.5,8.6,4.58,0.308,3,10.05
ST-086/11,ST-086,State Highway,Nashik,Moderate,11.0,12070.0,185.4,16.8,1319.0,24.9,7.7,4.43,0.291,4,7.76
ST-065/05,ST-065,State Highway,Dharwad,Arid,5.0,12580.0,180.8,20.2,662.0,36.0,19.0,5.01,0.393,5,1.59
DI-141/01,DI-141,District Road,Erode,Moderate,1.0,4240.0,119.1,13.8,1491.0,28.0,14.6,4.86,0.443,6,6.68
NA-035/02,NA-035,National Highway,Kadapa,Moderate,2.0,35990.0,216.4,8.0,1014.0,75.4,15.8,4.18,0.363,1,4.1
ST-085/06,ST-085,State Highway,Chittoor,Moderate,6.0,16260.0,143.7,3.4,1428.0,31.3,3.1,2.45,0.384,3,7.07
DI-123/12,DI-123,District Road,Dharwad,Arid,12.0,6140.0,84.2,7.1,660.0,33.3,4.2,3.34,0.342,1,16.01
ST-065/09,ST-065,State Highway,Dharwad,Arid,9.0,12290.0,213.7,22.0,666.0,36.6,20.3,5.51,0.271,5,0.0
DI-117/03,DI-117,District Road,Dharwad,Wet,3.0,2210.0,84.8,16.8,2554.0,32.1,32.0,5.58,0.502,3,1.56
DI-119/01,DI-119,District Road,Nashik,Arid,1.0,7510.0,134.3,8.2,492.0,35.3,3.0,3.64,0.294,7,15.03
ST-080/06,ST-080,State Highway,Latur,Moderate,6.0,19110.0,155.9,21.6,1012.0,24.3,19.2,4.71,0.318,5,4.17
DI-125/01,DI-125,District Road,Anantpur,Arid,1.0,850.0,109.8,2.7,378.0,35.9,0.2,3.08,0.327,2,18.24
ST-088/02,ST-088,State Highway,Dharwad,Wet,2.0,17360.0,183.8,8.5,1662.0,23.9,5.9,3.15,0.328,8,9.33
ST-046/06,ST-046,State Highway,Anantpur,Arid,6.0,18930.0,214.1,20.4,500.0,34.4,19.6,4.92,0.367,4,4.19
NA-013/02,NA-013,National Highway,Chittoor,Moderate,2.0,19000.0,265.0,5.9,1243.0,22.8,0.2,2.41,0.184,4,20.2
DI-124/07,DI-124,District Road,Erode,Wet,7.0,4560.0,117.9,22.0,1541.0,29.3,10.6,5.92,0.289,5,0.0
DI-117/05,DI-117,District Road,Dharwad,Wet,5.0,2350.0,76.2,15.2,2572.0,33.4,50.8,5.7,0.505,6,0.74
ST-081/10,ST-081,State Highway,Latur,Wet,10.0,16240.0,150.2,21.7,1754.0,23.1,72.0,6.38,0.474,7,0.0
NA-036/08,NA-036,National Highway,Chittoor,Moderate,8.0,32670.0,275.1,20.7,740.0,30.5,16.7,4.69,0.281,5,3.59
ST-084/04,ST-084,State Highway,Chittoor,Wet,4.0,11280.0,147.4,10.3,2236.0,28.7,11.5,3.36,0.395,8,6.47
NA-001/03,NA-001,National Highway,Dharwad,Wet,3.0,30010.0,298.6,15.8,2727.0,26.2,14.4,4.81,0.349,2,2.93
NA-025/01,NA-025,National Highway,Bilaspur,Wet,1.0,20040.0,254.1,7.8,1936.0,25.3,0.2,3.1,0.303,2,13.54
DI-102/05,DI-102,District Road,Chittoor,Wet,5.0,7810.0,87.4,15.3,2123.0,24.4,44.3,5.15,0.488,9,1.3
DI-146/04,DI-146,District Road,Erode,Moderate,4.0,1820.0,87.5,2.8,951.0,30.6,-1.0,2.87,0.395,2,20.28
NA-008/07,NA-008,National Highway,Bilaspur,Arid,7.0,18100.0,268.6,5.9,456.0,29.9,0.5,2.61,0.251,5,15.8
DI-140/04,DI-140,District Road,Anantpur,Wet,4.0,6450.0,90.2,11.2,2383.0,29.1,72.0,7.54,0.786,7,0.0
DI-099/10,DI-099,District Road,Kadapa,Wet,10.0,4350.0,85.6,1.7,1514.0,78.6,0.2,2.8,0.371,1,8.45
DI-122/06,DI-122,District Road,Anantpur,Arid,6.0,1820.0,72.1,17.9,723.0,35.8,31.5,5.42,0.522,2,2.49
NA-039/07,NA-039,National Highway,Latur,Moderate,7.0,25710.0,287.8,17.2,1549.0,21.7,3.1,4.15,0.246,4,7.29
NA-019/05,NA-019,National Highway,Anantpur,Arid,5.0,34840.0,259.5,13.2,600.0,34.9,3.7,3.85,0.292,4,10.67
DI-108/03,DI-108,District Road,Bilaspur,Moderate,3.0,5190.0,102.5,19.1,963.0,33.1,17.0,5.29,0.381,4,2.33
ST-060/04,ST-060,State Highway,Kadapa,Moderate,4.0,9950.0,203.1,13.6,854.0,84.0,5.2,3.65,0.235,4,10.71
ST-085/01,ST-085,State Highway,Chittoor,Moderate,1.0,20370.0,155.7,2.9,1481.0,29.6,1.9,2.53,0.357,2,8.31
DI-110/03,DI-110,District Road,Nashik,Arid,3.0,3240.0,83.0,4.0,740.0,30.9,0.2,2.9,0.356,3,18.33
DI-112/02,DI-112,District Road,Bilaspur,Moderate,2.0,2670.0,91.4,6.4,1136.0,31.9,4.9,3.62,0.453,6,9.09
DI-130/02,DI-130,District Road,Bilaspur,Moderate,2.0,780.0,71.5,10.2,796.0,29.5,2.5,3.7,0.325,9,15.17
DI-129/04,DI-129,District Road,Dharwad,Moderate,4.0,6620.0,123.9,2.5,1288.0,27.2,0.2,3.11,0.295,2,20.64
DI-127/06,DI-127,District Road,Kadapa,Moderate,6.0,2220.0,141.6,21.4,880.0,72.9,5.4,5.34,0.341,6,3.19
ST-061/04,ST-061,State Highway,Dharwad,Wet,4.0,17490.0,176.0,8.9,1577.0,25.5,9.1,3.39,0.285,5,9.23
ST-090/11,ST-090,State Highway,Anantpur,Wet,11.0,11250.0,179.5,17.0,2346.0,28.8,25.7,4.14,0.418,8,4.03
DI-112/10,DI-112,District Road,Bilaspur,Moderate,10.0,0.0,90.6,7.2,1215.0,30.3,3.2,3.68,0.494,2,9.94
ST-081/05,ST-081,State Highway,Latur,Wet,5.0,16920.0,153.5,22.0,1719.0,23.3,72.0,6.05,0.447,2,0.0
DI-115/07,DI-115,District Road,Anantpur,Moderate,7.0,2250.0,100.4,14.4,1374.0,26.8,10.5,4.18,0.408,6,10.19
NA-034/03,NA-034,National Highway,Anantpur,Arid,3.0,44330.0,304.3,7.9,574.0,35.7,5.1,3.25,0.308,4,12.25
DI-121/07,DI-121,District Road,Chittoor,Moderate,7.0,3490.0,131.0,14.2,1343.0,23.9,7.6,4.66,0.343,3,9.7
NA-032/08,NA-032,National Highway,Latur,Wet,8.0,39270.0,287.4,10.6,2434.0,32.3,4.6,3.8,0.274,6,8.48
ST-074/06,ST-074,State Highway,Anantpur,Wet,6.0,11840.0,157.5,8.3,2967.0,31.0,16.4,3.74,0.394,1,5.75
ST-071/05,ST-071,State Highway,Dharwad,Wet,5.0,15510.0,194.4,22.4,1552.0,32.1,41.2,5.58,0.416,8,0.0
ST-084/01,ST-084,State Highway,Chittoor,Wet,1.0,9630.0,162.1,10.2,2172.0,29.6,4.0,3.61,0.351,2,10.72
NA-004/09,NA-004,National Highway,Latur,Arid,9.0,35170.0,263.1,9.6,498.0,32.5,6.4,2.8,0.342,4,12.79
NA-037/10,NA-037,National Highway,Chittoor,Wet,10.0,31980.0,0.0,20.8,1860.0,34.0,15.2,5.09,0.278,1,0.0
DI-139/09,DI-139,District Road,Kadapa,Moderate,9.0,6680.0,88.7,8.1,1039.0,86.9,22.6,4.33,0.439,8,4.51
ST-073/10,ST-073,State Highway,Chittoor,Moderate,10.0,18660.0,145.5,17.4,1301.0,22.4,28.7,4.52,0.347,8,3.7
NA-026/01,NA-026,National Highway,Chittoor,Wet,1.0,35910.0,320.5,9.5,2323.0,27.1,3.2,3.31,0.202,5,10.82
DI-126/06,DI-126,District Road,Kadapa,Moderate,6.0,6100.0,80.8,5.7,761.0,82.4,3.5,3.14,0.322,5,13.78
DI-098/02,DI-098,District Road,Latur,Wet,2.0,2010.0,102.8,21.1,2536.0,28.6,9.9,6.07,0.399,8,0.0
DI-115/04,DI-115,District Road,Anantpur,Moderate,4.0,2460.0,96.7,15.1,1399.0,27.5,7.4,4.41,0.396,2,9.13
ST-074/13,ST-074,State Highway,Anantpur,Wet,13.0,14040.0,171.3,8.9,3040.0,30.1,7.5,3.66,0.362,8,7.78
DI-148/12,DI-148,District Road,Chittoor,Moderate,12.0,4530.0,65.1,7.5,1503.0,21.1,11.4,4.24,0.489,6,5.34
DI-143/01,DI-143,District Road,Latur,Arid,1.0,2870.0,63.6,22.8,349.0,31.6,72.0,6.35,0.539,4,0.0
ST-053/02,ST-053,State Highway,Chittoor,Wet,2.0,11330.0,226.0,1.1,2048.0,28.8,0.4,2.23,0.299,1,17.75
DI-125/04,DI-125,District Road,Anantpur,Arid,4.0,770.0,130.0,2.3,395.0,37.7,0.2,2.98,0.293,2,18.17
ST-057/13,ST-057,State Highway,Latur,Wet,13.0,13870.0,206.5,17.7,2369.0,22.3,11.1,4.48,0.302,1,4.16
NA-006/05,NA-006,National Highway,Chittoor,Arid,5.0,37630.0,0.0,2.5,389.0,32.5,0.2,1.94,0.186,2,20.24
NA-033/01,NA-033,National Highway,Erode,Moderate,1.0,29580.0,219.7,17.0,1347.0,31.9,15.4,4.99,0.315,1,2.29
ST-082/04,ST-082,State Highway,Erode,Wet,4.0,15290.0,164.2,15.6,2605.0,32.4,72.0,6.83,0.644,7,0.0
NA-031/01,NA-031,National Highway,Anantpur,Wet,1.0,21100.0,252.3,22.0,1567.0,29.3,45.5,4.96,0.423,3,0.99
DI-115/01,DI-115,District Road,Anantpur,Moderate,1.0,2250.0,112.8,13.6,1304.0,27.9,7.0,4.59,0.369,2,10.81
NA-024/01,NA-024,National Highway,Anantpur,Moderate,1.0,38190.0,268.8,14.8,1447.0,30.5,11.4,3.78,0.245,8,7.93
ST-092/05,ST-092,State Highway,Kadapa,Wet,5.0,22010.0,173.0,17.9,2205.0,71.8,72.0,7.38,0.6,7,0.0
DI-101/01,DI-101,District Road,Erode,Arid,1.0,4480.0,123.3,13.3,351.0,29.7,6.5,4.6,0.378,9,8.68
ST-095/04,ST-095,State Highway,Kadapa,Moderate,4.0,10800.0,146.8,15.1,897.0,70.0,8.6,4.37,0.301,2,10.56
NA-041/05,NA-041,National Highway,Kadapa,Arid,5.0,31330.0,244.4,10.6,357.0,88.7,6.8,3.43,0.284,3,12.26
NA-033/03,NA-033,National Highway,Erode,Moderate,3.0,26760.0,210.7,16.6,1293.0,30.9,14.8,4.45,0.32,1,3.18
NA-042/01,NA-042,National Highway,Latur,Wet,1.0,29800.0,221.7,17.6,1583.0,31.6,32.5,4.4,0.315,6,3.84
DI-131/05,DI-131,District Road,Anantpur,Moderate,5.0,3520.0,106.2,12.6,834.0,30.0,10.1,4.58,0.451,9,11.66
NA-037/09,NA-037,National Highway,Chittoor,Wet,9.0,30640.0,301.3,21.5,1762.0,32.5,13.5,5.47,0.237,4,0.0
NA-020/11,NA-020,National Highway,Chittoor,Arid,11.0,26690.0,272.4,2.2,217.0,32.8,0.2,1.92,0.309,2,22.1
NA-025/07,NA-025,National Highway,Bilaspur,Wet,7.0,20220.0,270.8,7.7,1860.0,26.6,0.2,2.92,0.306,1,13.48
DI-128/04,DI-128,District Road,Erode,Arid,4.0,2670.0,75.8,10.3,813.0,29.2,6.2,3.97,0.406,9,15.15
ST-071/10,ST-071,State Highway,Dharwad,Wet,10.0,14600.0,214.3,22.6,1600.0,31.6,22.2,5.34,0.355,1,0.0
ST-051/02,ST-051,State Highway,Kadapa,Arid,2.0,15950.0,140.7,12.4,322.0,84.4,25.6,4.16,0.348,6,4.05
ST-059/01,ST-059,State Highway,Latur,Moderate,1.0,10900.0,162.9,18.9,1524.0,30.6,13.5,5.05,0.372,1,0.88
NA-012/10,NA-012,National Highway,Dharwad,Wet,10.0,25700.0,293.8,16.7,1643.0,30.9,8.7,4.27,0.299,3,2.96
DI-120/03,DI-120,District Road,Nashik,Moderate,3.0,1890.0,69.1,4.9,1185.0,28.8,0.2,3.29,0.335,4,16.74
ST-067/06,ST-067,State Highway,Nashik,Arid,6.0,13490.0,196.4,11.7,416.0,35.9,5.7,3.56,0.27,1,10.72
DI-126/11,DI-126,District Road,Kadapa,Moderate,11.0,5690.0,97.3,4.7,841.0,82.0,0.2,2.96,0.351,4,20.45
DI-140/08,DI-140,District Road,Anantpur,Wet,8.0,5780.0,109.4,10.4,2237.0,30.8,47.8,5.86,0.519,5,0.0
ST-078/02,ST-078,State Highway,Nashik,Wet,2.0,12550.0,145.9,7.2,1691.0,30.7,7.5,3.58,0.315,6,6.72
ST-047/06,ST-047,State Highway,Dharwad,Moderate,6.0,6610.0,159.6,22.4,1045.0,28.3,14.5,5.01,0.319,5,0.0
DI-120/04,DI-120,District Road,Nashik,Moderate,4.0,1900.0,72.1,6.1,1120.0,30.0,0.7,3.26,0.345,6,15.38
NA-013/03,NA-013,National Highway,Chittoor,Moderate,3.0,17560.0,259.5,4.4,1118.0,24.2,0.2,2.66,0.262,2,21.59
DI-115/09,DI-115,District Road,Anantpur,Moderate,9.0,2310.0,111.4,13.9,1318.0,26.9,4.2,4.06,0.345,3,10.76
DI-129/10,DI-129,District Road,Dharwad,Moderate,10.0,5570.0,157.4,4.2,1157.0,26.1,0.2,2.96,0.334,4,19.62
DI-113/02,DI-113,District Road,Anantpur,Moderate,2.0,7730.0,79.9,18.6,1054.0,30.9,59.3,5.63,0.487,3,0.0
NA-007/02,NA-007,National Highway,Latur,Arid,2.0,35280.0,209.2,19.4,488.0,37.1,72.0,7.15,0.514,5,0.0
ST-076/07,ST-076,State Highway,Latur,Wet,7.0,15300.0,187.8,22.1,2679.0,20.8,13.5,5.53,0.308,4,0.0
DI-104/11,DI-104,District Road,Latur,Moderate,11.0,2390.0,142.8,22.0,779.0,30.4,14.5,5.82,0.338,1,0.0
ST-048/05,ST-048,State Highway,Chittoor,Moderate,5.0,9360.0,175.0,11.0,1431.0,29.9,7.0,3.59,0.284,3,9.18
DI-142/07,DI-142,District Road,Dharwad,Wet,7.0,5130.0,107.2,17.8,2109.0,31.2,55.3,5.6,0.498,9,0.54
ST-094/07,ST-094,State Highway,Erode,Arid,7.0,8890.0,213.1,14.4,472.0,29.5,5.8,3.74,0.298,4,8.23
ST-054/08,ST-054,State Highway,Nashik,Moderate,8.0,11730.0,174.1,10.5,1041.0,22.4,0.2,2.78,0.274,8,16.03
ST-059/04,ST-059,State Highway,Latur,Moderate,4.0,11800.0,175.5,18.7,1527.0,31.2,6.8,4.71,0.262,4,0.94
NA-024/05,NA-024,National Highway,Anantpur,Moderate,5.0,43130.0,272.3,14.0,1324.0,30.1,10.7,4.03,0.291,6,9.2
DI-110/09,DI-110,District Road,Nashik,Arid,9.0,3560.0,82.9,2.6,652.0,31.7,0.2,2.77,0.361,1,19.74
ST-064/01,ST-064,State Highway,Dharwad,Wet,1.0,8020.0,185.0,16.5,2082.0,26.8,14.3,4.46,0.34,4,4.21
ST-087/02,ST-087,State Highway,Dharwad,Moderate,2.0,18960.0,209.1,20.3,976.0,22.1,6.7,4.73,0.313,5,5.11
NA-024/03,NA-024,National Highway,Anantpur,Moderate,3.0,35390.0,250.9,14.8,1279.0,29.0,11.0,3.91,0.322,7,8.91
DI-105/05,DI-105,District Road,Chittoor,Arid,5.0,6440.0,92.8,18.8,587.0,32.3,17.9,5.13,0.358,2,4.29
ST-054/09,ST-054,State Highway,Nashik,Moderate,9.0,12130.0,164.6,10.1,990.0,23.4,4.3,2.98,0.279,3,16.21
ST-049/07,ST-049,State Highway,Chittoor,Arid,7.0,7370.0,148.1,10.6,740.0,28.6,5.7,3.38,0.332,7,14.91
NA-006/02,NA-006,National Highway,Chittoor,Arid,2.0,30440.0,304.7,1.3,410.0,34.0,0.2,1.79,0.208,1,20.89
DI-149/06,DI-149,District Road,Anantpur,Arid,6.0,1530.0,138.5,9.6,663.0,27.2,2.8,4.25,0.316,6,12.92
ST-051/07,ST-051,State Highway,Kadapa,Arid,7.0,16880.0,166.9,11.9,383.0,82.2,10.3,3.57,0.336,5,11.05
ST-089/10,ST-089,State Highway,Erode,Moderate,10.0,13810.0,164.3,1.9,1078.0,26.2,0.2,2.25,0.29,1,21.09
DI-144/09,DI-144,District Road,Nashik,Arid,9.0,6020.0,94.8,17.8,694.0,37.5,57.7,5.6,0.555,6,0.0
ST-084/07,ST-084,State Highway,Chittoor,Wet,7.0,11590.0,158.4,10.1,2219.0,28.4,9.6,3.47,0.33,1,9.93
NA-016/09,NA-016,National Highway,Kadapa,Wet,9.0,23820.0,238.7,8.6,2226.0,73.4,0.2,2.9,0.254,2,13.76
ST-062/05,ST-062,State Highway,Bilaspur,Arid,5.0,8850.0,133.4,17.6,659.0,35.6,23.6,4.85,0.337,5,3.27
DI-146/08,DI-146,District Road,Erode,Moderate,8.0,1770.0,78.5,4.0,966.0,28.9,0.2,2.61,0.381,4,19.53
NA-027/02,NA-027,National Highway,Chittoor,Arid,2.0,33660.0,254.3,14.9,623.0,34.1,20.2,3.93,0.362,7,5.19
ST-078/06,ST-078,State Highway,Nashik,Wet,6.0,12700.0,155.4,6.5,1847.0,30.3,2.2,2.83,0.367,3,9.63
DI-138/03,DI-138,District Road,Bilaspur,Moderate,3.0,5870.0,87.7,15.8,1248.0,24.4,9.0,5.21,0.357,8,5.38
ST-057/02,ST-057,State Highway,Latur,Wet,2.0,16000.0,195.7,18.2,2393.0,21.3,12.2,4.74,0.388,5,3.91
ST-082/03,ST-082,State Highway,Erode,Wet,3.0,15280.0,189.7,15.4,2502.0,34.4,-1.0,6.74,0.478,9,0.0
DI-131/04,DI-131,District Road,Anantpur,Moderate,4.0,2980.0,108.5,12.3,792.0,30.4,2.8,3.78,0.447,8,11.93
ST-065/06,ST-065,State Highway,Dharwad,Arid,6.0,12340.0,189.6,21.6,691.0,37.1,21.3,5.18,0.274,2,0.0
NA-016/04,NA-016,National Highway,Kadapa,Wet,4.0,28940.0,232.1,9.7,2199.0,71.8,1.5,2.64,0.276,8,13.08
NA-031/06,NA-031,National Highway,Anantpur,Wet,6.0,23980.0,275.7,22.2,1643.0,28.7,30.6,5.17,0.394,1,0.83
NA-040/07,NA-040,National Highway,Erode,Moderate,7.0,28360.0,308.9,21.6,1236.0,26.6,8.5,4.77,0.213,4,0.87
ST-071/02,ST-071,State Highway,Dharwad,Wet,2.0,15980.0,204.1,21.9,1623.0,32.3,29.6,5.44,0.331,3,0.0
ST-092/02,ST-092,State Highway,Kadapa,Wet,2.0,17090.0,175.4,18.2,2230.0,75.0,72.0,6.5,0.569,3,0.0
ST-088/01,ST-088,State Highway,Dharwad,Wet,1.0,15770.0,184.4,7.7,1658.0,24.3,7.1,2.74,0.373,1,11.06
DI-150/12,DI-150,District Road,Chittoor,Wet,12.0,2190.0,128.2,-17.4,2534.0,26.8,3.6,5.55,0.336,7,3.35
DI-135/01,DI-135,District Road,Dharwad,Arid,1.0,1950.0,121.9,15.4,645.0,36.8,10.7,4.84,0.37,1,6.33
DI-127/04,DI-127,District Road,Kadapa,Moderate,4.0,2460.0,130.8,22.0,865.0,73.9,11.1,5.46,0.317,6,2.47
ST-091/04,ST-091,State Highway,Dharwad,Wet,4.0,13650.0,181.2,17.0,1635.0,29.6,28.3,4.5,0.401,2,3.48
DI-118/03,DI-118,District Road,Latur,Wet,3.0,3710.0,144.9,11.6,1688.0,23.4,3.4,4.16,0.329,9,11.06
ST-064/03,ST-064,State Highway,Dharwad,Wet,3.0,7200.0,205.6,17.5,2057.0,26.7,4.5,4.96,0.296,5,3.35
NA-016/08,NA-016,National Highway,Kadapa,Wet,8.0,23290.0,234.1,-8.4,2183.0,73.9,0.2,2.94,0.255,7,13.95
DI-150/10,DI-150,District Road,Chittoor,Wet,10.0,2610.0,136.1,18.4,2675.0,26.1,10.7,5.46,0.355,3,2.14
NA-035/01,NA-035,National Highway,Kadapa,Moderate,1.0,36800.0,241.8,7.4,1122.0,75.4,7.6,2.85,0.298,7,9.55
DI-116/03,DI-116,District Road,Latur,Moderate,3.0,6800.0,99.8,18.6,945.0,23.6,35.5,5.52,0.465,7,4.17
NA-009/04,NA-009,National Highway,Nashik,Moderate,4.0,37870.0,252.8,6.8,1302.0,26.2,2.3,2.71,0.287,5,12.69
ST-054/05,ST-054,State Highway,Nashik,Moderate,5.0,15070.0,176.0,11.5,1059.0,24.8,6.8,2.95,0.268,5,14.11
DI-114/09,DI-114,District Road,Nashik,Arid,9.0,4520.0,139.6,8.4,359.0,35.0,5.4,3.79,0.327,1,14.17
ST-094/10,ST-094,State Highway,Erode,Arid,10.0,7930.0,216.3,15.2,434.0,29.5,6.1,3.98,0.308,7,7.55
DI-123/07,DI-123,District Road,Dharwad,Arid,7.0,6930.0,73.8,4.9,550.0,33.8,7.2,3.15,0.294,2,11.04
NA-002/03,NA-002,National Highway,Chittoor,Arid,3.0,20100.0,254.3,9.0,436.0,28.1,0.9,3.14,0.268,2,14.49
ST-086/03,ST-086,State Highway,Nashik,Moderate,3.0,13540.0,197.6,15.8,1358.0,22.9,3.6,3.95,0.312,1,9.27
NA-004/04,NA-004,National Highway,Latur,Arid,4.0,33940.0,242.8,9.5,423.0,29.8,9.5,2.96,0.305,5,8.86
ST-044/07,ST-044,State Highway,Dharwad,Arid,7.0,13460.0,201.5,0.5,592.0,28.7,0.8,1.96,0.289,0,24.25
ST-060/07,ST-060,State Highway,Kadapa,Moderate,7.0,9930.0,205.9,14.2,921.0,87.4,8.9,3.98,0.28,5,9.3
DI-149/02,DI-149,District Road,Anantpur,Arid,2.0,1430.0,148.9,10.3,700.0,27.8,8.8,3.99,0.247,6,11.94
DI-144/02,DI-144,District Road,Nashik,Arid,2.0,6570.0,75.0,17.5,726.0,35.7,72.0,7.96,0.674,6,0.0
ST-064/02,ST-064,State Highway,Dharwad,Wet,2.0,8050.0,198.6,17.3,2041.0,26.6,10.8,4.73,0.307,1,3.62
DI-106/08,DI-106,District Road,Kadapa,Wet,8.0,6310.0,74.0,12.5,2782.0,90.0,72.0,8.08,0.673,4,0.0
DI-103/10,DI-103,District Road,Nashik,Moderate,10.0,6020.0,132.1,5.6,1073.0,27.6,2.3,3.12,0.313,1,16.75
NA-010/01,NA-010,National Highway,Erode,Arid,1.0,36940.0,228.5,9.8,565.0,35.6,8.3,3.22,0.299,2,9.84
DI-127/10,DI-127,District Road,Kadapa,Moderate,10.0,2090.0,144.1,22.0,729.0,77.0,6.7,5.65,0.279,4,2.32
ST-062/06,ST-062,State Highway,Bilaspur,Arid,6.0,8460.0,143.7,18.3,656.0,35.4,19.7,4.55,0.316,8,2.6
NA-014/05,NA-014,National Highway,Erode,Arid,5.0,22020.0,304.2,3.5,691.0,31.9,0.2,2.79,0.257,3,20.89
ST-058/02,ST-058,State Highway,Kadapa,Arid,2.0,13120.0,201.5,18.8,409.0,82.9,12.0,4.62,0.234,7,3.68
DI-105/03,DI-105,District Road,Chittoor,Arid,3.0,5410.0,117.7,19.0,532.0,30.6,9.8,5.6,0.315,2,4.76
DI-117/09,DI-117,District Road,Dharwad,Wet,9.0,2350.0,66.2,15.4,2508.0,32.1,72.0,6.89,0.581,3,0.0
NA-034/12,NA-034,National Highway,Anantpur,Arid,12.0,49820.0,263.1,8.4,648.0,36.6,19.7,4.07,0.319,8,3.96
DI-133/05,DI-133,District Road,Bilaspur,Wet,5.0,4670.0,165.1,9.9,1783.0,28.6,2.3,3.88,0.333,3,9.01
DI-130/07,DI-130,District Road,Bilaspur,Moderate,7.0,760.0,65.3,11.6,825.0,29.3,4.6,3.86,0.32,5,13.78
ST-065/12,ST-065,State Highway,Dharwad,Arid,12.0,13250.0,171.4,21.2,674.0,35.6,23.1,5.26,0.319,9,0.67
ST-057/12,ST-057,State Highway,Latur,Wet,12.0,13910.0,203.6,18.1,2296.0,23.4,16.3,4.73,0.314,6,3.61
DI-107/08,DI-107,District Road,Latur,Arid,8.0,3070.0,115.9,17.4,340.0,27.3,11.9,4.77,0.398,4,10.0
DI-117/02,DI-117,District Road,Dharwad,Wet,2.0,2800.0,92.0,15.6,2602.0,32.5,28.9,5.44,0.453,5,2.47
ST-082/06,ST-082,State Highway,Erode,Wet,6.0,15210.0,167.0,16.7,2486.0,33.9,72.0,7.4,0.627,9,0.0
NA-009/09,NA-009,National Highway,Nashik,Moderate,9.0,40290.0,228.4,6.6,1095.0,25.5,7.9,3.15,0.336,1,6.94
NA-018/09,NA-018,National Highway,Chittoor,Wet,9.0,29140.0,289.8,1.1,1796.0,30.7,1.4,2.36,0.322,1,19.74
ST-079/02,ST-079,State Highway,Anantpur,Moderate,2.0,17490.0,173.0,9.4,1158.0,26.4,3.5,3.42,0.243,9,11.93
NA-026/10,NA-026,National Highway,Chittoor,Wet,10.0,35890.0,287.4,10.4,2358.0,29.9,4.4,3.67,0.29,6,9.01
DI-110/06,DI-110,District Road,Nashik,Arid,6.0,3540.0,89.4,3.7,651.0,31.6,4.8,2.71,0.372,2,18.67
DI-130/06,DI-130,District Road,Bilaspur,Moderate,6.0,930.0,71.1,11.1,734.0,27.8,6.5,3.83,0.354,5,15.02
NA-015/09,NA-015,National Highway,Latur,Wet,9.0,20570.0,300.9,9.8,1692.0,22.3,0.2,3.39,0.277,8,12.69
NA-010/02,NA-010,National Highway,Erode,Arid,2.0,38500.0,241.4,10.5,711.0,36.6,10.1,3.86,0.231,3,9.81
ST-070/06,ST-070,State Highway,Bilaspur,Wet,6.0,17900.0,206.0,4.1,1851.0,32.1,0.2,2.92,0.309,3,9.55
NA-034/02,NA-034,National Highway,Anantpur,Arid,2.0,46680.0,273.7,8.9,632.0,35.0,12.5,3.36,0.312,2,6.75
NA-010/05,NA-010,National Highway,Erode,Arid,5.0,36920.0,245.7,10.0,695.0,35.9,10.4,3.52,0.262,3,10.54
DI-118/02,DI-118,District Road,Latur,Wet,2.0,4660.0,149.2,12.7,1826.0,23.6,6.9,4.46,0.31,5,9.49
ST-094/05,ST-094,State Highway,Erode,Arid,5.0,9050.0,214.5,14.8,449.0,28.2,4.9,4.05,0.303,1,8.31
DI-127/03,DI-127,District Road,Kadapa,Moderate,3.0,2290.0,137.7,21.4,777.0,75.0,14.2,5.48,0.289,9,3.16
DI-105/07,DI-105,District Road,Chittoor,Arid,7.0,5160.0,97.2,18.5,555.0,32.8,13.5,5.36,0.335,8,4.54
NA-026/08,NA-026,National Highway,Chittoor,Wet,8.0,31690.0,288.7,9.1,2365.0,27.5,2.0,3.17,0.27,2,10.97
NA-023/03,NA-023,National Highway,Anantpur,Wet,3.0,46810.0,322.8,1.9,2360.0,30.3,-1.0,2.06,0.196,1,17.35
DI-102/01,DI-102,District Road,Chittoor,Wet,1.0,6730.0,113.5,14.6,2160.0,23.8,5.9,4.86,0.336,6,7.67
ST-087/12,ST-087,State Highway,Dharwad,Moderate,12.0,22520.0,210.7,20.1,1033.0,23.7,4.1,4.62,0.24,6,4.71
ST-045/07,ST-045,State Highway,Anantpur,Wet,7.0,7570.0,138.7,7.2,2584.0,32.1,39.0,4.54,0.417,2,1.12
DI-132/08,DI-132,District Road,Anantpur,Moderate,8.0,6730.0,108.3,9.0,1024.0,25.2,0.2,3.58,0.256,3,16.78
NA-024/08,NA-024,National Highway,Anantpur,Moderate,8.0,39690.0,271.2,14.9,1453.0,31.0,7.2,4.14,0.305,5,7.66
DI-123/05,DI-123,District Road,Dharwad,Arid,5.0,6300.0,89.6,6.0,506.0,34.3,6.9,3.63,0.249,5,17.31
NA-001/01,NA-001,National Highway,Dharwad,Wet,1.0,26330.0,311.6,15.7,2731.0,26.7,9.4,4.94,0.306,7,2.92
ST-043/02,ST-043,State Highway,Anantpur,Moderate,2.0,10930.0,175.6,9.5,1131.0,23.1,1.7,3.11,0.214,1,14.78
DI-113/01,DI-113,District Road,Anantpur,Moderate,1.0,7660.0,80.5,19.6,1133.0,30.6,62.7,6.29,0.524,3,0.0
NA-009/06,NA-009,National Highway,Nashik,Moderate,6.0,36570.0,243.5,7.1,1166.0,27.9,4.2,2.82,0.343,4,10.31
NA-017/07,NA-017,National Highway,Nashik,Wet,7.0,27550.0,287.4,23.5,1452.0,25.1,12.1,5.65,0.215,1,0.0
NA-012/08,NA-012,National Highway,Dharwad,Wet,8.0,25660.0,314.5,15.7,1726.0,31.4,7.9,4.72,0.289,2,3.59
ST-069/02,ST-069,State Highway,Erode,Moderate,2.0,6440.0,222.4,8.4,1107.0,29.7,3.2,3.04,0.22,3,14.02
DI-114/11,DI-114,District Road,Nashik,Arid,11.0,5210.0,144.8,8.7,457.0,33.9,0.2,3.2,0.316,6,14.01
ST-091/02,ST-091,State Highway,Dharwad,Wet,2.0,10480.0,201.4,15.6,1550.0,30.8,13.1,4.36,0.328,9,7.03
ST-065/03,ST-065,State Highway,Dharwad,Arid,3.0,10930.0,183.0,20.4,737.0,37.6,12.7,5.0,0.353,7,0.74
DI-148/03,DI-148,District Road,Chittoor,Moderate,3.0,4690.0,65.4,6.3,1454.0,22.3,7.7,3.88,0.531,3,5.52
DI-097/05,DI-097,District Road,Erode,Wet,5.0,4210.0,115.3,12.3,1672.0,25.2,30.4,5.24,0.493,1,3.82
ST-083/04,ST-083,State Highway,Anantpur,Moderate,4.0,11940.0,232.7,16.9,1141.0,29.1,5.1,4.21,0.242,9,5.3
NA-028/01,NA-028,National Highway,Bilaspur,Wet,1.0,31880.0,300.8,10.8,2167.0,27.9,6.9,3.62,0.247,6,9.87
ST-065/02,ST-065,State Highway,Dharwad,Arid,2.0,12350.0,192.1,20.4,565.0,34.9,17.7,5.11,0.298,2,2.03
ST-085/08,ST-085,State Highway,Chittoor,Moderate,8.0,15950.0,154.4,1.3,1585.0,31.2,1.7,2.06,0.291,1,10.82
NA-025/06,NA-025,National Highway,Bilaspur,Wet,6.0,21970.0,268.8,7.1,1862.0,25.9,5.2,2.85,0.23,1,14.3
NA-014/07,NA-014,National Highway,Erode,Arid,7.0,25300.0,302.4,3.0,650.0,32.0,2.0,1.83,0.271,2,21.47
ST-064/04,ST-064,State Highway,Dharwad,Wet,4.0,7660.0,200.5,17.0,2141.0,27.5,9.2,4.81,0.315,7,3.34
ST-086/08,ST-086,State Highway,Nashik,Moderate,8.0,13460.0,203.4,16.5,1292.0,25.1,6.4,4.15,0.251,3,8.07
ST-087/01,ST-087,State Highway,Dharwad,Moderate,1.0,17020.0,207.1,20.7,940.0,23.4,7.8,4.53,0.247,6,4.38
DI-097/12,DI-097,District Road,Erode,Wet,12.0,4950.0,155.5,12.5,1647.0,24.7,6.1,4.21,0.372,6,9.61
ST-061/07,ST-061,State Highway,Dharwad,Wet,7.0,20110.0,160.3,9.4,1560.0,26.2,26.1,4.79,0.411,6,2.56
NA-036/10,NA-036,National Highway,Chittoor,Moderate,10.0,33960.0,280.3,20.1,682.0,30.1,23.2,4.88,0.267,5,4.46
ST-054/08,ST-054,State Highway,Nashik,Moderate,8.0,11730.0,174.1,10.5,1041.0,22.4,0.2,2.78,0.274,8,16.03
NA-031/08,NA-031,National Highway,Anantpur,Wet,8.0,24710.0,263.8,21.6,1649.0,28.8,37.7,5.0,0.365,2,1.38
NA-038/09,NA-038,National Highway,Erode,Moderate,9.0,0.0,247.6,12.1,772.0,21.0,11.8,3.27,0.337,4,11.99
NA-019/03,NA-019,National Highway,Anantpur,Arid,3.0,27320.0,258.4,12.6,597.0,34.9,6.2,3.62,0.21,3,11.27
ST-067/12,ST-067,State Highway,Nashik,Arid,12.0,13690.0,208.5,11.8,350.0,36.3,6.4,3.69,0.241,7,10.68
DI-101/07,DI-101,District Road,Erode,Arid,7.0,4770.0,98.9,14.2,509.0,29.5,12.1,4.8,0.376,2,7.44
NA-002/07,NA-002,National Highway,Chittoor,Arid,7.0,18310.0,261.8,8.3,239.0,27.9,2.2,3.37,0.26,3,15.65
DI-114/01,DI-114,District Road,Nashik,Arid,1.0,4750.0,147.7,8.2,355.0,35.6,1.9,3.58,0.29,4,14.23
NA-017/10,NA-017,National Highway,Nashik,Wet,10.0,29100.0,289.0,22.2,1552.0,25.7,14.3,5.4,0.257,7,0.0
NA-006/09,NA-006,National Highway,Chittoor,Arid,9.0,34200.0,331.5,0.7,408.0,34.1,0.2,1.97,0.258,0,21.47
ST-073/05,ST-073,State Highway,Chittoor,Moderate,5.0,18550.0,146.4,17.8,1234.0,22.7,29.1,4.23,0.408,8,3.95
ST-069/08,ST-069,State Highway,Erode,Moderate,8.0,7460.0,214.9,7.0,1199.0,29.6,3.1,2.85,0.259,7,15.15
ST-080/08,ST-080,State Highway,Latur,Moderate,8.0,20190.0,159.2,21.6,1210.0,24.0,15.2,4.54,0.325,4,3.71
ST-045/06,ST-045,State Highway,Anantpur,Wet,6.0,7490.0,134.1,6.4,2569.0,31.2,32.8,4.93,0.437,4,1.12
NA-031/07,NA-031,National Highway,Anantpur,Wet,7.0,19570.0,274.6,22.8,1633.0,26.5,15.1,4.84,0.374,4,0.94
DI-108/10,DI-108,District Road,Bilaspur,Moderate,10.0,5510.0,78.2,19.6,1014.0,31.5,37.6,5.31,0.486,9,1.99
DI-145/01,DI-145,District Road,Kadapa,Wet,1.0,2810.0,116.4,5.2,2411.0,88.7,0.2,3.72,0.352,3,14.71
NA-035/08,NA-035,National Highway,Kadapa,Moderate,8.0,46870.0,240.6,7.5,1100.0,76.1,9.1,3.29,0.268,7,6.57
ST-045/11,ST-045,State Highway,Anantpur,Wet,11.0,7100.0,122.1,5.4,2687.0,33.3,51.7,5.0,0.476,5,0.01
DI-103/08,DI-103,District Road,Nashik,Moderate,8.0,0.0,113.5,6.5,1144.0,26.0,0.2,3.36,0.36,4,16.11
NA-009/01,NA-009,National Highway,Nashik,Moderate,1.0,37810.0,243.6,7.2,1200.0,26.1,4.3,2.97,0.316,4,10.44
DI-107/05,DI-107,District Road,Latur,Arid,5.0,2900.0,87.6,18.0,393.0,27.2,16.5,4.77,0.441,6,9.24
ST-095/07,ST-095,State Highway,Kadapa,Moderate,7.0,8090.0,148.1,16.4,868.0,70.0,6.1,3.92,0.334,3,9.28
ST-086/06,ST-086,State Highway,Nashik,Moderate,6.0,14970.0,201.7,16.4,1274.0,25.2,4.8,4.21,0.268,2,8.18
ST-077/04,ST-077,State Highway,Anantpur,Moderate,4.0,13810.0,165.3,3.2,1148.0,21.6,4.3,2.38,0.324,3,14.37
ST-091/03,ST-091,State Highway,Dharwad,Wet,3.0,11510.0,191.6,14.9,1451.0,30.7,12.6,3.72,0.377,3,8.11
NA-027/08,NA-027,National Highway,Chittoor,Arid,8.0,31640.0,243.4,16.2,772.0,33.2,28.2,4.6,0.328,7,3.79
DI-148/02,DI-148,District Road,Chittoor,Moderate,2.0,4350.0,90.8,7.5,1370.0,22.8,3.0,3.46,0.368,7,15.53
DI-113/06,DI-113,District Road,Anantpur,Moderate,6.0,6540.0,71.9,19.2,1011.0,30.3,63.9,6.42,0.51,1,0.0
NA-014/08,NA-014,National Highway,Erode,Arid,8.0,21050.0,302.4,2.5,745.0,33.3,2.1,1.83,0.27,2,21.22
DI-116/04,DI-116,District Road,Latur,Moderate,4.0,5430.0,126.2,18.1,1092.0,23.6,12.5,5.04,0.382,2,4.28
ST-087/11,ST-087,State Highway,Dharwad,Moderate,11.0,21300.0,207.4,19.5,892.0,21.5,7.7,3.93,0.24,3,6.34
ST-074/07,ST-074,State Highway,Anantpur,Wet,7.0,13850.0,146.1,7.4,2964.0,32.2,25.4,4.33,0.452,6,1.71
ST-088/06,ST-088,State Highway,Dharwad,Wet,6.0,21020.0,181.1,7.5,1672.0,24.2,9.7,3.25,0.339,6,6.77
DI-099/02,DI-099,District Road,Kadapa,Wet,2.0,3360.0,61.4,1.3,1542.0,78.6,4.7,3.19,0.46,1,5.33
ST-052/09,ST-052,State Highway,Kadapa,Moderate,9.0,10580.0,193.1,19.2,907.0,81.1,11.7,4.27,0.289,4,4.55
DI-097/03,DI-097,District Road,Erode,Wet,3.0,5390.0,132.4,12.1,1606.0,24.4,13.0,4.42,0.456,4,7.22
ST-083/02,ST-083,State Highway,Anantpur,Moderate,2.0,12550.0,229.1,15.6,1055.0,29.0,4.7,3.99,0.267,7,6.78
NA-014/01,NA-014,National Highway,Erode,Arid,1.0,23220.0,279.3,4.0,498.0,32.0,0.2,2.52,0.241,3,20.88
NA-036/04,NA-036,National Highway,Chittoor,Moderate,4.0,40970.0,278.7,19.6,773.0,29.4,16.0,4.54,0.326,2,4.86
DI-150/11,DI-150,District Road,Chittoor,Wet,11.0,2590.0,124.5,17.9,2566.0,26.6,4.6,5.49,0.349,3,2.81
ST-063/04,ST-063,State Highway,Chittoor,Arid,4.0,12450.0,203.0,23.0,565.0,31.1,22.9,5.66,0.251,2,0.0
DI-117/08,DI-117,District Road,Dharwad,Wet,8.0,2250.0,86.6,15.3,2551.0,33.7,25.7,5.23,0.47,7,2.61
NA-021/01,NA-021,National Highway,Kadapa,Arid,1.0,37760.0,287.2,7.3,409.0,93.4,3.0,2.79,0.284,4,15.01
ST-093/02,ST-093,State Highway,Anantpur,Wet,2.0,11700.0,140.0,19.4,2562.0,22.3,72.0,7.0,0.792,1,0.0
ST-060/11,ST-060,State Highway,Kadapa,Moderate,11.0,10770.0,200.5,14.1,946.0,87.6,-1.0,3.84,0.285,2,9.29
NA-011/08,NA-011,National Highway,Kadapa,Moderate,8.0,17100.0,263.3,17.6,1138.0,82.9,6.0,4.05,0.247,9,6.95
DI-139/11,DI-139,District Road,Kadapa,Moderate,11.0,6840.0,113.4,8.3,1041.0,90.3,8.7,4.05,0.338,3,11.71
DI-141/03,DI-141,District Road,Erode,Moderate,3.0,3570.0,145.1,14.0,1408.0,29.7,7.5,4.59,0.366,9,6.16
ST-074/03,ST-074,State Highway,Anantpur,Wet,3.0,12030.0,182.4,8.7,2943.0,30.8,0.2,3.13,0.344,8,10.05
ST-090/09,ST-090,State Highway,Anantpur,Wet,9.0,10360.0,171.6,18.0,2251.0,30.2,38.5,4.46,0.438,9,2.34
ST-080/04,ST-080,State Highway,Latur,Moderate,4.0,20380.0,122.5,20.2,1111.0,26.5,68.9,5.8,0.432,2,0.0
ST-087/08,ST-087,State Highway,Dharwad,Moderate,8.0,21450.0,196.5,20.6,1024.0,21.8,6.8,5.04,0.277,7,4.78
ST-091/07,ST-091,State Highway,Dharwad,Wet,7.0,10670.0,157.5,15.2,1619.0,27.7,37.2,5.25,0.471,9,0.96
NA-024/09,NA-024,National Highway,Anantpur,Moderate,9.0,40070.0,261.5,15.0,1470.0,29.7,11.3,3.96,0.275,7,7.92
DI-142/06,DI-142,District Road,Dharwad,Wet,6.0,5790.0,98.1,17.7,2353.0,31.7,72.0,7.41,0.545,6,0.0
NA-013/09,NA-013,National Highway,Chittoor,Moderate,9.0,18410.0,274.1,5.2,1229.0,23.7,1.3,2.83,0.283,5,20.62
ST-043/06,ST-043,State Highway,Anantpur,Moderate,6.0,13190.0,188.8,9.7,1093.0,24.3,2.4,3.0,0.308,7,14.39
ST-080/03,ST-080,State Highway,Latur,Moderate,3.0,16690.0,157.1,21.1,1111.0,24.6,11.8,4.78,0.3,6,4.3
ST-085/03,ST-085,State Highway,Chittoor,Moderate,3.0,17820.0,156.1,2.6,1405.0,30.6,2.4,2.47,0.358,2,9.69
ST-073/07,ST-073,State Highway,Chittoor,Moderate,7.0,21040.0,144.1,17.4,1214.0,21.9,38.1,4.61,0.391,6,2.01
DI-143/02,DI-143,District Road,Latur,Arid,2.0,2950.0,85.8,22.2,319.0,31.5,32.9,5.67,0.445,9,0.0
DI-108/05,DI-108,District Road,Bilaspur,Moderate,5.0,5780.0,94.3,19.1,869.0,32.7,17.5,5.26,0.41,3,2.62
DI-119/07,DI-119,District Road,Nashik,Arid,7.0,6500.0,146.4,7.7,427.0,34.7,3.0,3.43,0.281,2,15.87
NA-033/02,NA-033,National Highway,Erode,Moderate,2.0,34020.0,231.4,16.4,1320.0,28.9,9.7,4.78,0.284,7,3.86
NA-028/10,NA-028,National Highway,Bilaspur,Wet,10.0,31700.0,289.9,10.6,2265.0,28.8,4.3,3.68,0.246,1,9.49
ST-057/05,ST-057,State Highway,Latur,Wet,5.0,15400.0,207.4,17.9,2347.0,20.3,6.5,4.35,0.343,1,4.54
NA-023/01,NA-023,National Highway,Anantpur,Wet,1.0,38460.0,293.2,2.7,2346.0,30.1,0.6,2.41,0.246,2,16.56
ST-092/01,ST-092,State Highway,Kadapa,Wet,1.0,22340.0,172.4,19.5,2112.0,74.5,72.0,7.36,0.591,1,0.0
ST-093/09,ST-093,State Highway,Anantpur,Wet,9.0,12130.0,141.4,20.0,2352.0,21.9,72.0,7.09,0.795,4,0.0
ST-069/07,ST-069,State Highway,Erode,Moderate,7.0,6220.0,202.7,8.4,1086.0,30.3,0.2,3.1,0.298,8,13.85
ST-084/03,ST-084,State Highway,Chittoor,Wet,3.0,9620.0,158.1,9.3,2275.0,27.6,8.1,3.2,0.32,8,12.05
NA-036/09,NA-036,National Highway,Chittoor,Moderate,9.0,39290.0,286.9,21.3,853.0,29.0,17.4,4.56,0.307,7,3.13
ST-057/09,ST-057,State Highway,Latur,Wet,9.0,14630.0,207.6,18.5,2398.0,21.2,7.4,4.16,0.355,2,3.59
DI-098/06,DI-098,District Road,Latur,Wet,6.0,1760.0,121.2,21.3,2350.0,27.0,7.8,5.47,0.363,3,0.0
NA-032/02,NA-032,National Highway,Latur,Wet,2.0,37110.0,288.8,12.1,2460.0,34.0,6.2,3.86,0.231,3,6.35
ST-071/11,ST-071,State Highway,Dharwad,Wet,11.0,14610.0,183.2,23.1,1657.0,32.5,62.5,5.98,0.413,4,0.0
NA-008/04,NA-008,National Highway,Bilaspur,Arid,4.0,16460.0,270.2,4.6,301.0,32.1,2.8,2.3,0.233,1,16.9
ST-063/01,ST-063,State Highway,Chittoor,Arid,1.0,11640.0,186.6,23.2,596.0,31.3,26.8,6.07,0.341,8,0.0
NA-011/09,NA-011,National Highway,Kadapa,Moderate,9.0,19930.0,261.8,17.2,1021.0,82.6,8.1,4.69,0.23,7,7.67
ST-066/11,ST-066,State Highway,Chittoor,Wet,11.0,9420.0,166.2,3.6,2870.0,26.2,3.3,2.36,0.288,3,12.66
DI-148/06,DI-148,District Road,Chittoor,Moderate,6.0,4250.0,71.6,7.7,1490.0,22.4,11.1,3.85,0.474,4,7.75
DI-106/03,DI-106,District Road,Kadapa,Wet,3.0,6780.0,88.2,12.9,2711.0,90.3,72.0,7.38,0.55,4,0.0
ST-047/01,ST-047,State Highway,Dharwad,Moderate,1.0,7660.0,159.3,22.6,1023.0,29.0,17.7,5.23,0.285,3,0.0
DI-104/02,DI-104,District Road,Latur,Moderate,2.0,2670.0,120.5,23.5,849.0,30.2,16.4,6.11,0.397,9,0.0
NA-010/03,NA-010,National Highway,Erode,Arid,3.0,46530.0,225.8,9.6,632.0,37.0,16.3,3.76,0.298,2,5.87
DI-114/03,DI-114,District Road,Nashik,Arid,3.0,4340.0,125.9,8.1,383.0,35.4,1.7,3.53,0.287,2,14.39
DI-138/05,DI-138,District Road,Bilaspur,Moderate,5.0,5480.0,89.8,16.3,1232.0,23.8,10.2,4.95,0.384,9,5.16
ST-093/01,ST-093,State Highway,Anantpur,Wet,1.0,11340.0,143.4,18.2,2579.0,23.0,72.0,7.32,0.747,8,0.0
NA-011/07,NA-011,National Highway,Kadapa,Moderate,7.0,17520.0,268.9,16.7,1125.0,82.0,6.7,4.31,0.242,2,8.03
NA-026/03,NA-026,National Highway,Chittoor,Wet,3.0,38210.0,316.5,8.8,2358.0,29.7,1.7,3.36,0.293,2,10.65
DI-146/05,DI-146,District Road,Erode,Moderate,5.0,1800.0,78.7,3.6,981.0,30.4,0.2,2.62,0.325,1,19.41
ST-096/04,ST-096,State Highway,Bilaspur,Moderate,4.0,17360.0,207.7,18.0,1434.0,31.7,8.5,4.46,0.355,2,4.26
ST-095/08,ST-095,State Highway,Kadapa,Moderate,8.0,9430.0,137.4,15.6,839.0,69.6,6.8,3.65,0.312,3,10.31
DI-121/08,DI-121,District Road,Chittoor,Moderate,8.0,4270.0,131.4,15.0,1246.0,23.0,7.8,4.3,0.334,6,9.43
NA-001/06,NA-001,National Highway,Dharwad,Wet,6.0,31820.0,324.0,15.7,2633.0,26.6,10.9,4.76,0.322,2,3.14
DI-137/08,DI-137,District Road,Bilaspur,Wet,8.0,4300.0,128.4,11.0,2306.0,22.0,11.9,4.21,0.418,8,9.19
DI-098/05,DI-098,District Road,Latur,Wet,5.0,2050.0,110.4,21.1,2465.0,27.1,12.5,5.99,0.363,6,0.0
NA-002/11,NA-002,National Highway,Chittoor,Arid,11.0,18020.0,272.3,9.9,350.0,27.3,0.4,3.57,0.295,9,14.01
NA-013/04,NA-013,National Highway,Chittoor,Moderate,4.0,19260.0,264.7,6.2,1155.0,23.6,1.4,2.48,0.223,6,19.9
ST-068/02,ST-068,State Highway,Anantpur,Arid,2.0,11850.0,169.9,19.2,351.0,30.0,13.3,3.88,0.324,9,7.09
DI-127/02,DI-127,District Road,Kadapa,Moderate,2.0,2300.0,124.1,21.1,814.0,77.5,6.9,5.17,0.276,3,2.94
NA-029/07,NA-029,National Highway,Erode,Arid,7.0,26450.0,296.8,18.1,518.0,34.6,10.2,4.32,0.248,5,5.95
ST-046/02,ST-046,State Highway,Anantpur,Arid,2.0,19460.0,207.8,21.1,454.0,33.6,23.3,4.59,0.344,8,3.87
ST-083/08,ST-083,State Highway,Anantpur,Moderate,8.0,11770.0,218.2,15.8,1156.0,27.5,7.1,4.65,0.281,2,6.83
DI-141/04,DI-141,District Road,Erode,Moderate,4.0,3780.0,116.1,13.2,1466.0,28.5,8.1,4.24,0.437,5,7.19
DI-143/03,DI-143,District Road,Latur,Arid,3.0,2560.0,81.2,21.8,394.0,32.7,36.6,6.27,0.435,7,0.0
NA-019/06,NA-019,National Highway,Anantpur,Arid,6.0,28560.0,254.9,13.1,664.0,34.4,7.3,3.84,0.262,5,10.7
NA-020/02,NA-020,National Highway,Chittoor,Arid,2.0,21040.0,287.7,2.8,302.0,33.6,2.0,2.08,0.238,2,21.0
ST-043/07,ST-043,State Highway,Anantpur,Moderate,7.0,13080.0,178.9,8.0,1182.0,25.0,1.3,3.07,0.281,5,15.66
ST-088/12,ST-088,State Highway,Dharwad,Wet,12.0,17540.0,182.6,7.5,1762.0,24.1,8.4,2.76,0.3,7,9.18
ST-055/02,ST-055,State Highway,Erode,Moderate,2.0,12040.0,138.3,7.2,770.0,32.2,3.8,3.03,0.3,3,16.45
DI-102/06,DI-102,District Road,Chittoor,Wet,6.0,6230.0,101.2,13.2,2114.0,24.0,7.3,4.21,0.374,8,9.08
NA-040/06,NA-040,National Highway,Erode,Moderate,6.0,31870.0,308.4,21.0,1202.0,26.0,10.2,5.35,0.224,5,1.74
ST-045/09,ST-045,State Highway,Anantpur,Wet,9.0,5930.0,145.6,6.1,2592.0,32.9,9.7,3.27,0.455,6,5.4
NA-008/09,NA-008,National Highway,Bilaspur,Arid,9.0,21980.0,262.3,5.5,431.0,32.8,2.6,2.7,0.296,1,15.49
DI-103/05,DI-103,District Road,Nashik,Moderate,5.0,5920.0,128.9,7.3,1165.0,27.3,4.0,3.79,0.329,2,14.93
DI-149/01,DI-149,District Road,Anantpur,Arid,1.0,1510.0,133.6,10.5,681.0,28.1,1.0,4.17,0.276,7,11.82
ST-063/03,ST-063,State Highway,Chittoor,Arid,3.0,10210.0,189.1,23.4,637.0,31.9,24.8,5.54,0.264,8,0.0
DI-134/06,DI-134,District Road,Bilaspur,Wet,6.0,3440.0,112.5,5.7,1875.0,27.7,2.6,3.59,0.36,3,12.51
DI-150/08,DI-150,District Road,Chittoor,Wet,8.0,2840.0,137.6,17.5,2576.0,26.4,5.2,5.04,0.355,1,3.21
DI-138/01,DI-138,District Road,Bilaspur,Moderate,1.0,6120.0,80.9,16.1,1179.0,23.5,10.5,4.96,0.354,7,5.5
DI-108/02,DI-108,District Road,Bilaspur,Moderate,2.0,5320.0,123.1,18.6,886.0,33.4,13.2,5.64,0.344,5,2.98
DI-111/06,DI-111,District Road,Erode,Wet,6.0,1080.0,132.0,0.5,2490.0,32.7,3.7,2.72,0.35,0,17.77
DI-112/09,DI-112,District Road,Bilaspur,Moderate,9.0,2290.0,90.6,6.7,1263.0,30.9,0.2,4.03,0.458,6,10.77
DI-115/08,DI-115,District Road,Anantpur,Moderate,8.0,2760.0,117.6,13.7,1314.0,25.4,3.5,4.37,0.328,5,11.43
DI-127/01,DI-127,District Road,Kadapa,Moderate,1.0,2580.0,143.5,22.0,745.0,72.9,6.3,5.43,0.293,8,2.99
DI-133/03,DI-133,District Road,Bilaspur,Wet,3.0,5230.0,147.4,11.0,1788.0,27.8,6.0,4.07,0.349,3,8.07
DI-097/11,DI-097,District Road,Erode,Wet,11.0,4240.0,137.6,12.5,1671.0,22.5,10.1,4.53,0.473,9,10.25
ST-058/06,ST-058,State Highway,Kadapa,Arid,6.0,15950.0,167.8,17.8,188.0,82.6,19.2,4.51,0.323,4,5.25
ST-087/05,ST-087,State Highway,Dharwad,Moderate,5.0,21150.0,185.2,20.0,940.0,22.7,7.6,4.29,0.285,9,5.27
ST-071/06,ST-071,State Highway,Dharwad,Wet,6.0,15070.0,218.1,23.7,1719.0,33.9,28.3,6.17,0.355,4,0.0
DI-146/07,DI-146,District Road,Erode,Moderate,7.0,1520.0,79.1,3.1,1081.0,29.4,0.2,2.84,0.386,3,20.0
DI-141/02,DI-141,District Road,Erode,Moderate,2.0,3690.0,132.2,13.6,1509.0,28.4,11.5,4.91,0.378,9,6.76
ST-046/05,ST-046,State Highway,Anantpur,Arid,5.0,16600.0,221.5,20.6,440.0,34.1,12.2,4.93,0.319,6,4.25
ST-052/03,ST-052,State Highway,Kadapa,Moderate,3.0,11530.0,223.0,19.0,829.0,81.5,6.1,4.36,0.311,4,4.88
ST-049/06,ST-049,State Highway,Chittoor,Arid,6.0,7120.0,141.6,9.2,734.0,27.2,7.0,3.07,0.355,2,14.07
DI-139/03,DI-139,District Road,Kadapa,Moderate,3.0,6860.0,100.0,9.5,1087.0,87.6,17.2,4.63,0.408,5,6.77
NA-007/09,NA-007,National Highway,Latur,Arid,9.0,29550.0,222.4,19.8,607.0,36.1,72.0,6.77,0.396,2,0.0
ST-083/05,ST-083,State Highway,Anantpur,Moderate,5.0,13390.0,203.5,16.5,1100.0,27.6,7.7,4.37,0.302,5,6.21
DI-122/02,DI-122,District Road,Anantpur,Arid,2.0,1900.0,65.3,17.3,650.0,34.8,42.1,4.84,0.541,4,3.19
NA-002/04,NA-002,National Highway,Chittoor,Arid,4.0,0.0,269.3,9.8,268.0,27.8,1.5,3.11,0.219,5,14.12
NA-015/08,NA-015,National Highway,Latur,Wet,8.0,21400.0,296.5,9.4,1665.0,22.8,0.9,3.55,0.252,2,13.02
ST-093/10,ST-093,State Highway,Anantpur,Wet,10.0,10840.0,129.0,18.5,2625.0,22.4,72.0,7.15,0.885,8,0.0
ST-066/05,ST-066,State Highway,Chittoor,Wet,5.0,8410.0,176.1,4.1,2982.0,27.4,3.9,2.71,0.309,2,13.95
NA-019/01,NA-019,National Highway,Anantpur,Arid,1.0,30180.0,265.6,12.0,612.0,36.1,9.2,3.2,0.262,4,11.4
DI-101/05,DI-101,District Road,Erode,Arid,5.0,5400.0,120.9,13.4,498.0,29.2,11.2,4.48,0.361,4,8.33
ST-047/02,ST-047,State Highway,Dharwad,Moderate,2.0,7700.0,175.6,24.0,902.0,28.8,14.3,5.5,0.303,9,0.0
ST-055/03,ST-055,State Highway,Erode,Moderate,3.0,10720.0,141.3,7.0,739.0,32.6,0.3,3.01,0.309,7,16.56
DI-149/07,DI-149,District Road,Anantpur,Arid,7.0,1570.0,136.6,9.3,707.0,27.0,5.9,3.46,0.278,7,13.16
DI-102/07,DI-102,District Road,Chittoor,Wet,7.0,6560.0,98.3,14.0,2078.0,24.1,17.6,4.45,0.498,7,8.38
DI-129/02,DI-129,District Road,Dharwad,Moderate,2.0,6190.0,131.8,3.1,1185.0,26.6,0.2,2.93,0.297,3,20.5
DI-126/12,DI-126,District Road,Kadapa,Moderate,12.0,5640.0,83.9,4.0,871.0,83.8,0.2,2.99,0.335,4,17.21
NA-015/07,NA-015,National Highway,Latur,Wet,7.0,18750.0,292.6,8.8,1721.0,22.7,2.1,3.65,0.293,5,13.53
ST-077/08,ST-077,State Highway,Anantpur,Moderate,8.0,14410.0,175.9,3.4,1182.0,23.8,0.6,2.54,0.345,3,16.2
ST-055/01,ST-055,State Highway,Erode,Moderate,1.0,11590.0,163.7,7.4,853.0,33.1,5.4,3.22,0.283,1,15.71
ST-085/04,ST-085,State Highway,Chittoor,Moderate,4.0,19930.0,147.0,2.6,1508.0,31.5,0.2,2.83,0.349,2,6.48
ST-045/10,ST-045,State Highway,Anantpur,Wet,10.0,6700.0,133.7,5.3,2602.0,31.7,18.1,4.21,0.422,5,2.66
ST-063/08,ST-063,State Highway,Chittoor,Arid,8.0,12570.0,197.6,22.2,549.0,32.5,25.6,5.55,0.228,3,0.0
DI-105/04,DI-105,District Road,Chittoor,Arid,4.0,5750.0,103.2,19.3,496.0,30.5,11.3,5.58,0.368,6,4.6
NA-017/01,NA-017,National Highway,Nashik,Wet,1.0,22280.0,293.6,22.8,1461.0,22.4,11.4,5.23,0.232,4,0.0
ST-056/09,ST-056,State Highway,Kadapa,Arid,9.0,8060.0,125.6,3.5,547.0,94.1,0.5,2.48,0.352,3,8.59
DI-133/02,DI-133,District Road,Bilaspur,Wet,2.0,4580.0,137.7,10.9,1890.0,27.8,7.8,4.24,0.371,7,7.96
ST-049/03,ST-049,State Highway,Chittoor,Arid,3.0,6070.0,131.6,10.5,704.0,29.7,9.6,3.5,0.387,4,11.31
ST-060/03,ST-060,State Highway,Kadapa,Moderate,3.0,10310.0,199.9,-14.5,905.0,86.9,8.0,4.05,0.276,5,9.17
NA-027/09,NA-027,National Highway,Chittoor,Arid,9.0,32860.0,229.5,16.7,718.0,31.9,42.2,4.55,0.368,5,2.74
DI-100/01,DI-100,District Road,Anantpur,Moderate,1.0,5990.0,75.3,13.2,902.0,28.6,39.7,5.38,0.492,7,2.17
DI-122/03,DI-122,District Road,Anantpur,Arid,3.0,1820.0,78.2,18.1,715.0,36.8,26.5,5.48,0.492,7,1.97
DI-103/02,DI-103,District Road,Nashik,Moderate,2.0,4800.0,118.6,6.5,1160.0,28.1,4.1,3.52,0.327,5,15.52
ST-058/07,ST-058,State Highway,Kadapa,Arid,7.0,15610.0,193.8,18.2,434.0,83.7,7.6,4.24,0.254,1,4.11
NA-022/05,NA-022,National Highway,Latur,Moderate,5.0,23210.0,307.7,3.6,1097.0,27.5,0.2,2.17,0.253,3,21.67
ST-093/03,ST-093,State Highway,Anantpur,Wet,3.0,12860.0,149.8,19.4,2648.0,21.8,72.0,7.08,0.728,6,0.0
NA-001/02,NA-001,National Highway,Dharwad,Wet,2.0,29990.0,303.7,15.4,2759.0,27.2,19.2,4.55,0.311,8,3.01
NA-029/02,NA-029,National Highway,Erode,Arid,2.0,30340.0,273.5,17.5,570.0,33.1,7.7,3.96,0.316,7,6.85
NA-028/08,NA-028,National Highway,Bilaspur,Wet,8.0,30910.0,294.6,10.1,2101.0,28.8,6.0,3.42,0.288,2,10.45
ST-093/07,ST-093,State Highway,Anantpur,Wet,7.0,11760.0,141.6,19.0,2430.0,21.2,72.0,6.83,0.731,6,0.0
NA-025/02,NA-025,National Highway,Bilaspur,Wet,2.0,20980.0,273.1,9.4,1926.0,26.9,5.3,3.65,0.287,8,11.54
DI-149/04,DI-149,District Road,Anantpur,Arid,4.0,1540.0,134.4,9.6,747.0,28.8,3.6,3.98,0.239,3,12.3
DI-114/10,DI-114,District Road,Nashik,Arid,10.0,5650.0,136.4,8.2,394.0,36.3,1.8,3.72,0.311,4,13.92
DI-148/11,DI-148,District Road,Chittoor,Moderate,11.0,4200.0,75.5,7.6,1328.0,21.5,4.0,3.47,0.473,7,10.12
ST-088/11,ST-088,State Highway,Dharwad,Wet,11.0,17810.0,212.6,6.4,1658.0,24.0,2.3,2.57,0.287,4,15.81
DI-109/01,DI-109,District Road,Anantpur,Arid,1.0,3570.0,103.8,5.8,472.0,32.5,0.2,2.6,0.328,5,16.25
ST-089/08,ST-089,State Highway,Erode,Moderate,8.0,11180.0,149.8,1.2,1004.0,26.2,0.4,1.4,0.268,1,21.27
DI-135/09,DI-135,District Road,Dharwad,Arid,9.0,1880.0,113.4,15.5,691.0,37.9,13.6,4.7,0.394,2,5.77
NA-042/09,NA-042,National Highway,Latur,Wet,9.0,30050.0,224.6,16.8,1610.0,31.5,23.8,4.27,0.344,6,4.89
DI-138/04,DI-138,District Road,Bilaspur,Moderate,4.0,6240.0,85.2,16.8,1182.0,23.3,8.5,5.15,0.348,5,4.85
NA-005/07,NA-005,National Highway,Nashik,Wet,7.0,20490.0,292.2,2.8,1986.0,23.6,0.4,2.51,0.223,2,17.29
NA-017/06,NA-017,National Highway,Nashik,Wet,6.0,28060.0,300.0,23.8,1580.0,25.2,9.2,5.62,0.248,9,0.0
DI-101/02,DI-101,District Road,Erode,Arid,2.0,5290.0,113.6,13.6,436.0,30.5,11.8,4.78,0.367,6,7.95
ST-074/11,ST-074,State Highway,Anantpur,Wet,11.0,15530.0,165.7,7.6,2983.0,29.8,14.4,3.57,0.375,2,5.81
ST-065/07,ST-065,State Highway,Dharwad,Arid,7.0,13220.0,170.7,20.2,752.0,36.0,20.4,4.8,0.364,4,1.38
NA-031/03,NA-031,National Highway,Anantpur,Wet,3.0,23010.0,283.2,23.4,1590.0,29.2,21.9,5.32,0.33,6,0.0
DI-108/04,DI-108,District Road,Bilaspur,Moderate,4.0,4810.0,63.2,18.8,930.0,32.6,72.0,6.55,0.59,5,0.0
DI-147/10,DI-147,District Road,Chittoor,Moderate,10.0,2660.0,105.2,11.4,886.0,26.8,8.0,4.32,0.424,4,10.51
ST-060/02,ST-060,State Highway,Kadapa,Moderate,2.0,10810.0,200.9,13.8,944.0,85.6,4.5,3.56,0.282,4,10.01
ST-087/09,ST-087,State Highway,Dharwad,Moderate,9.0,18430.0,226.1,20.2,916.0,23.2,10.4,4.29,0.244,2,5.06
ST-093/04,ST-093,State Highway,Anantpur,Wet,4.0,11300.0,141.4,19.6,2495.0,22.0,72.0,7.44,0.72,9,0.0
DI-129/01,DI-129,District Road,Dharwad,Moderate,1.0,6430.0,155.2,4.0,1221.0,26.7,0.2,2.92,0.229,3,19.53
DI-137/10,DI-137,District Road,Bilaspur,Wet,10.0,4730.0,124.7,11.0,2416.0,25.3,18.3,4.36,0.419,7,6.58
ST-095/02,ST-095,State Highway,Kadapa,Moderate,2.0,10080.0,152.2,16.3,799.0,71.1,12.1,4.0,0.338,7,9.48
DI-112/08,DI-112,District Road,Bilaspur,Moderate,8.0,2610.0,86.1,7.1,1119.0,31.0,7.3,3.66,0.53,7,7.46
DI-124/04,DI-124,District Road,Erode,Wet,4.0,5470.0,103.4,21.5,1426.0,29.1,14.0,5.58,0.321,2,0.7
NA-027/01,NA-027,National Highway,Chittoor,Arid,1.0,28640.0,235.1,16.9,649.0,33.3,32.2,4.52,0.341,6,3.29
ST-050/05,ST-050,State Highway,Latur,Arid,5.0,14990.0,169.6,7.7,806.0,35.8,5.0,3.0,0.336,6,10.19
NA-009/07,NA-009,National Highway,Nashik,Moderate,7.0,31490.0,242.5,6.8,1234.0,25.5,4.5,2.63,0.278,4,12.81
ST-049/11,ST-049,State Highway,Chittoor,Arid,11.0,6810.0,153.0,10.0,728.0,29.5,0.2,3.07,0.334,3,15.21
NA-024/07,NA-024,National Highway,Anantpur,Moderate,7.0,34150.0,252.1,14.1,1197.0,31.3,12.1,4.12,0.297,9,9.03
ST-080/02,ST-080,State Highway,Latur,Moderate,2.0,19830.0,168.6,21.2,1141.0,25.3,10.4,4.37,0.327,9,3.91
NA-035/10,NA-035,National Highway,Kadapa,Moderate,10.0,46290.0,256.1,6.6,1127.0,76.8,4.0,2.9,0.269,1,10.31
NA-025/05,NA-025,National Highway,Bilaspur,Wet,5.0,22220.0,295.8,7.5,1905.0,28.0,4.6,3.28,0.265,7,13.11
ST-061/03,ST-061,State Highway,Dharwad,Wet,3.0,17120.0,162.3,9.6,1698.0,25.4,17.9,4.01,0.345,2,4.84
ST-050/04,ST-050,State Highway,Latur,Arid,4.0,17230.0,149.2,9.0,660.0,36.0,28.4,4.48,0.397,8,2.41
DI-132/04,DI-132,District Road,Anantpur,Moderate,4.0,5600.0,98.6,7.5,1111.0,25.7,2.4,3.6,0.282,5,17.82
ST-062/04,ST-062,State Highway,Bilaspur,Arid,4.0,8640.0,144.8,16.9,695.0,34.3,19.2,4.99,0.315,4,4.22
ST-045/03,ST-045,State Highway,Anantpur,Wet,3.0,6900.0,136.4,5.8,2567.0,31.8,21.6,4.32,0.406,5,2.57
NA-019/07,NA-019,National Highway,Anantpur,Arid,7.0,30780.0,252.3,13.0,576.0,35.3,7.7,3.98,0.242,4,10.82
DI-100/10,DI-100,District Road,Anantpur,Moderate,10.0,6170.0,83.7,13.7,860.0,29.9,32.5,4.93,0.415,8,4.17
DI-102/03,DI-102,District Road,Chittoor,Wet,3.0,5900.0,86.0,14.5,2052.0,23.4,18.6,4.73,0.437,9,6.11
NA-005/11,NA-005,National Highway,Nashik,Wet,11.0,21220.0,293.1,1.2,,22.9,1.5,2.23,0.251,1,19.36
DI-142/02,DI-142,District Road,Dharwad,Wet,2.0,5390.0,106.9,16.8,2255.0,31.3,57.2,5.7,0.464,2,0.14
DI-105/01,DI-105,District Road,Chittoor,Arid,1.0,5160.0,80.1,18.5,539.0,31.5,11.2,5.05,0.387,8,5.03
ST-055/11,ST-055,State Highway,Erode,Moderate,11.0,9640.0,155.4,8.6,795.0,32.6,4.6,3.12,0.298,6,14.83
DI-129/05,DI-129,District Road,Dharwad,Moderate,5.0,5200.0,159.3,2.1,1188.0,26.9,0.2,3.27,0.282,2,21.45
ST-051/08,ST-051,State Highway,Kadapa,Arid,8.0,16070.0,183.3,12.2,352.0,84.6,7.4,3.46,0.322,8,10.49
ST-052/10,ST-052,State Highway,Kadapa,Moderate,10.0,10030.0,210.6,18.7,900.0,79.9,5.2,4.65,0.284,8,5.27
NA-011/11,NA-011,National Highway,Kadapa,Moderate,11.0,15400.0,248.7,16.3,1123.0,84.9,7.6,4.05,0.242,2,7.87
ST-047/05,ST-047,State Highway,Dharwad,Moderate,5.0,7850.0,175.4,22.5,965.0,29.2,14.8,5.12,0.336,9,0.0
ST-066/12,ST-066,State Highway,Chittoor,Wet,12.0,8340.0,171.9,2.4,2914.0,27.5,1.3,2.74,0.333,2,15.82
DI-105/08,DI-105,District Road,Chittoor,Arid,8.0,6050.0,94.3,19.2,649.0,31.6,11.3,4.84,0.33,4,3.97
ST-074/10,ST-074,State Highway,Anantpur,Wet,10.0,13700.0,159.5,8.1,3010.0,30.0,12.1,3.71,0.381,5,5.07
NA-020/08,NA-020,National Highway,Chittoor,Arid,8.0,23790.0,279.2,2.2,237.0,32.5,2.3,1.69,0.284,2,22.1
NA-030/05,NA-030,National Highway,Anantpur,Arid,5.0,27230.0,270.4,10.6,553.0,26.4,9.1,3.34,0.291,2,12.62
NA-004/01,NA-004,National Highway,Latur,Arid,1.0,31000.0,236.9,9.9,500.0,32.0,14.6,3.5,0.373,4,7.63
NA-018/04,NA-018,National Highway,Chittoor,Wet,4.0,28970.0,309.6,1.2,1694.0,30.3,0.2,1.77,0.262,1,20.08
DI-102/04,DI-102,District Road,Chittoor,Wet,4.0,7010.0,91.4,14.4,2173.0,24.7,26.6,4.85,0.413,5,5.14
DI-124/01,DI-124,District Road,Erode,Wet,1.0,4980.0,0.0,20.7,1495.0,28.4,13.0,5.7,0.333,3,1.51
NA-011/05,NA-011,National Highway,Kadapa,Moderate,5.0,16690.0,237.6,16.4,1099.0,82.4,7.9,4.19,0.29,9,8.35
NA-021/03,NA-021,National Highway,Kadapa,Arid,3.0,44080.0,281.3,7.2,338.0,93.2,3.3,2.77,0.347,7,14.49
ST-052/08,ST-052,State Highway,Kadapa,Moderate,8.0,11590.0,219.2,18.4,941.0,80.2,6.1,4.52,0.304,7,5.4
ST-066/13,ST-066,State Highway,Chittoor,Wet,13.0,8860.0,203.2,3.7,2975.0,26.4,0.4,2.34,0.29,3,14.73
DI-100/09,DI-100,District Road,Anantpur,Moderate,9.0,6480.0,66.6,13.4,851.0,30.4,72.0,6.97,0.524,4,0.0
NA-005/06,NA-005,National Highway,Nashik,Wet,6.0,18850.0,297.3,2.4,1841.0,22.4,2.4,2.12,0.27,2,18.35
ST-073/06,ST-073,State Highway,Chittoor,Moderate,6.0,21420.0,148.0,17.5,1262.0,22.4,37.4,4.6,0.42,3,2.66
NA-039/09,NA-039,National Highway,Latur,Moderate,9.0,26540.0,312.6,18.4,1527.0,22.3,7.1,4.53,0.208,3,6.03
ST-070/02,ST-070,State Highway,Bilaspur,Wet,2.0,16010.0,190.0,3.9,1942.0,31.1,4.5,2.87,0.337,3,7.24
ST-058/13,ST-058,State Highway,Kadapa,Arid,13.0,15910.0,194.4,18.7,368.0,85.1,13.5,4.57,0.261,9,3.58
ST-087/06,ST-087,State Highway,Dharwad,Moderate,6.0,19980.0,223.1,20.0,1083.0,22.2,8.2,4.65,0.273,4,5.09
ST-049/02,ST-049,State Highway,Chittoor,Arid,2.0,6920.0,160.3,9.9,754.0,27.7,1.4,3.12,0.308,5,15.92
DI-118/06,DI-118,District Road,Latur,Wet,6.0,3760.0,116.8,12.2,1685.0,23.6,8.9,4.01,0.365,2,10.33
NA-005/01,NA-005,National Highway,Nashik,Wet,1.0,23700.0,302.7,2.0,1845.0,23.5,1.8,1.69,0.208,1,18.52
ST-046/03,ST-046,State Highway,Anantpur,Arid,3.0,20150.0,229.1,21.9,436.0,35.2,16.0,4.63,0.293,1,2.63
DI-099/06,DI-099,District Road,Kadapa,Wet,6.0,3290.0,78.1,1.5,1476.0,81.7,1.0,2.89,0.415,1,8.74
DI-127/05,DI-127,District Road,Kadapa,Moderate,5.0,2280.0,136.2,21.5,875.0,73.9,9.0,5.15,0.312,3,2.98
DI-103/03,DI-103,District Road,Nashik,Moderate,3.0,5600.0,124.1,7.1,1059.0,27.1,1.9,3.52,0.349,2,15.45
ST-048/08,ST-048,State Highway,Chittoor,Moderate,8.0,7570.0,180.8,11.5,1376.0,30.0,1.9,4.02,0.237,7,8.75
NA-028/03,NA-028,National Highway,Bilaspur,Wet,3.0,32380.0,303.1,10.2,2280.0,28.1,2.7,3.65,0.244,7,10.08
NA-004/07,NA-004,National Highway,Latur,Arid,7.0,36950.0,0.0,9.2,481.0,29.9,5.9,3.11,0.313,7,12.36
ST-085/09,ST-085,State Highway,Chittoor,Moderate,9.0,19440.0,143.2,2.6,1451.0,31.0,0.4,2.89,0.34,2,6.12
NA-034/01,NA-034,National Highway,Anantpur,Arid,1.0,47370.0,272.9,8.3,602.0,35.9,10.0,3.46,0.348,6,6.49
NA-029/09,NA-029,National Highway,Erode,Arid,9.0,29000.0,281.8,17.6,456.0,33.7,9.3,4.57,0.265,3,6.87
ST-066/02,ST-066,State Highway,Chittoor,Wet,2.0,9710.0,165.3,4.1,2921.0,26.0,0.9,2.2,0.295,4,11.67
ST-067/07,ST-067,State Highway,Nashik,Arid,7.0,12820.0,190.7,11.2,210.0,36.5,6.7,3.57,0.255,6,11.53
ST-064/10,ST-064,State Highway,Dharwad,Wet,10.0,7600.0,178.4,17.7,2049.0,26.2,12.4,4.41,0.365,2,3.31
ST-087/03,ST-087,State Highway,Dharwad,Moderate,3.0,19320.0,222.4,20.1,947.0,21.8,3.6,4.22,0.256,4,5.52
NA-042/04,NA-042,National Highway,Latur,Wet,4.0,29150.0,230.6,17.8,1688.0,31.9,20.0,4.44,0.303,6,3.69
NA-012/01,NA-012,National Highway,Dharwad,Wet,1.0,23760.0,300.2,15.6,1715.0,31.3,8.1,4.81,0.334,2,3.74
NA-037/06,NA-037,National Highway,Chittoor,Wet,6.0,34650.0,275.4,20.8,1870.0,32.6,18.1,5.36,0.293,6,0.0
ST-055/06,ST-055,State Highway,Erode,Moderate,6.0,9530.0,171.6,-7.4,879.0,33.9,1.6,3.23,0.238,1,15.4
ST-081/04,ST-081,State Highway,Latur,Wet,4.0,13680.0,188.3,22.2,1800.0,23.0,16.2,5.28,0.348,7,0.58
NA-005/09,NA-005,National Highway,Nashik,Wet,9.0,19360.0,315.0,1.1,1882.0,23.2,0.2,2.02,0.251,1,19.39
NA-021/09,NA-021,National Highway,Kadapa,Arid,9.0,41000.0,270.4,6.6,354.0,93.6,3.3,2.55,0.316,6,12.77
NA-003/01,NA-003,National Highway,Bilaspur,Wet,1.0,33930.0,290.8,21.5,1688.0,29.6,10.8,4.95,0.249,6,1.26
ST-043/03,ST-043,State Highway,Anantpur,Moderate,3.0,11640.0,180.3,9.3,1191.0,22.8,0.2,2.53,0.254,7,14.93
DI-113/05,DI-113,District Road,Anantpur,Moderate,5.0,7770.0,77.2,19.4,1073.0,30.6,72.0,6.73,0.508,7,0.0
DI-118/05,DI-118,District Road,Latur,Wet,5.0,4640.0,130.7,11.7,1790.0,22.7,-1.0,4.23,0.343,7,10.88
DI-100/11,DI-100,District Road,Anantpur,Moderate,11.0,7170.0,74.5,13.4,892.0,28.9,64.5,5.9,0.474,9,0.0
ST-076/05,ST-076,State Highway,Latur,Wet,5.0,15480.0,168.1,22.7,2689.0,22.6,36.0,5.34,0.36,3,0.0
DI-135/05,DI-135,District Road,Dharwad,Arid,5.0,1990.0,102.1,14.8,675.0,36.7,9.2,4.52,0.399,5,6.88
DI-117/07,DI-117,District Road,Dharwad,Wet,7.0,2960.0,71.6,16.8,2567.0,33.6,72.0,7.64,0.62,2,0.0
NA-004/05,NA-004,National Highway,Latur,Arid,5.0,33650.0,241.3,9.5,327.0,30.8,10.4,3.38,0.365,6,8.26
ST-081/07,ST-081,State Highway,Latur,Wet,7.0,15250.0,148.3,21.2,1618.0,24.8,72.0,6.08,0.491,4,0.0
ST-094/04,ST-094,State Highway,Erode,Arid,4.0,10130.0,199.7,13.6,635.0,29.6,7.5,3.65,0.337,1,8.64
DI-106/06,DI-106,District Road,Kadapa,Wet,6.0,7650.0,66.1,12.7,2809.0,90.9,72.0,7.93,0.824,1,0.0
DI-146/02,DI-146,District Road,Erode,Moderate,2.0,1940.0,87.2,3.2,936.0,29.4,1.1,2.63,0.38,3,20.3
DI-127/09,DI-127,District Road,Kadapa,Moderate,9.0,2050.0,139.7,21.9,773.0,72.5,7.4,5.56,0.283,2,3.05
ST-060/06,ST-060,State Highway,Kadapa,Moderate,6.0,11270.0,204.1,13.9,831.0,86.0,2.3,3.64,0.276,1,10.1
ST-051/03,ST-051,State Highway,Kadapa,Arid,3.0,15440.0,167.4,11.2,415.0,84.0,7.7,3.96,0.328,3,11.42
ST-095/01,ST-095,State Highway,Kadapa,Moderate,1.0,8660.0,132.6,16.8,799.0,73.0,14.7,4.01,0.342,7,8.56
NA-038/01,NA-038,National Highway,Erode,Moderate,1.0,27200.0,226.9,11.8,937.0,20.7,15.4,3.66,0.346,9,7.81
DI-128/03,DI-128,District Road,Erode,Arid,3.0,2800.0,75.8,9.2,723.0,29.7,3.5,3.68,0.42,5,16.37
ST-078/04,ST-078,State Highway,Nashik,Wet,4.0,15470.0,164.5,6.5,1820.0,31.8,0.2,3.26,0.33,6,9.48
NA-010/04,NA-010,National Highway,Erode,Arid,4.0,37000.0,236.2,10.2,712.0,36.8,9.8,3.64,0.253,2,10.09
DI-121/02,DI-121,District Road,Chittoor,Moderate,2.0,3690.0,132.7,15.0,1283.0,23.0,3.2,4.82,0.36,7,9.3
DI-146/03,DI-146,District Road,Erode,Moderate,3.0,1810.0,72.9,4.2,910.0,28.7,0.9,2.68,0.43,4,18.81
DI-138/06,DI-138,District Road,Bilaspur,Moderate,6.0,6870.0,77.7,16.9,,23.2,18.0,5.05,0.351,1,4.87
ST-082/13,ST-082,State Highway,Erode,Wet,13.0,14170.0,159.8,16.2,2681.0,32.2,72.0,7.51,0.635,7,0.0
ST-076/09,ST-076,State Highway,Latur,Wet,9.0,16700.0,172.1,21.6,2603.0,23.9,32.7,5.42,0.341,9,0.0
NA-030/02,NA-030,National Highway,Anantpur,Arid,2.0,33750.0,270.9,11.0,438.0,29.0,6.4,3.65,0.321,2,11.8
ST-078/09,ST-078,State Highway,Nashik,Wet,9.0,13740.0,134.5,6.1,1807.0,31.2,13.5,3.62,0.394,5,3.61
ST-062/09,ST-062,State Highway,Bilaspur,Arid,9.0,8080.0,170.8,18.4,575.0,34.3,10.9,4.79,0.258,4,3.09
DI-150/05,DI-150,District Road,Chittoor,Wet,5.0,2410.0,141.1,16.8,2557.0,26.1,6.3,5.11,0.368,4,4.06
DI-142/01,DI-142,District Road,Dharwad,Wet,1.0,5600.0,103.7,17.4,2405.0,29.3,67.5,6.04,0.537,8,0.0
DI-144/07,DI-144,District Road,Nashik,Arid,7.0,6710.0,82.7,17.9,637.0,36.0,72.0,7.43,0.646,9,0.0
ST-043/01,ST-043,State Highway,Anantpur,Moderate,1.0,11750.0,176.8,9.7,1158.0,24.4,3.4,3.15,0.276,1,14.23
NA-027/11,NA-027,National Highway,Chittoor,Arid,11.0,35650.0,246.4,15.4,710.0,32.9,20.7,4.62,0.316,4,4.78
ST-096/06,ST-096,State Highway,Bilaspur,Moderate,6.0,19940.0,223.2,17.7,1473.0,30.5,9.6,4.11,0.293,1,4.8
DI-112/04,DI-112,District Road,Bilaspur,Moderate,4.0,2160.0,80.9,7.8,1115.0,31.1,11.5,4.52,0.47,7,7.44
DI-125/08,DI-125,District Road,Anantpur,Arid,8.0,780.0,117.4,2.2,488.0,38.2,-1.0,2.85,0.319,2,17.85
DI-119/05,DI-119,District Road,Nashik,Arid,5.0,6950.0,132.6,9.8,511.0,36.4,5.8,4.11,0.346,7,13.04
ST-052/07,ST-052,State Highway,Kadapa,Moderate,7.0,10430.0,205.2,18.0,952.0,79.9,6.2,4.46,0.336,8,5.84
ST-079/08,ST-079,State Highway,Anantpur,Moderate,8.0,14030.0,158.2,8.6,1257.0,27.4,5.7,3.08,0.299,2,12.23
ST-057/10,ST-057,State Highway,Latur,Wet,10.0,15850.0,187.6,18.6,2413.0,21.1,18.7,5.04,0.426,5,3.44
NA-021/07,NA-021,National Highway,Kadapa,Arid,7.0,47350.0,285.0,7.3,286.0,94.6,2.6,3.05,0.281,5,14.15
NA-034/04,NA-034,National Highway,Anantpur,Arid,4.0,49360.0,267.8,8.2,578.0,35.0,10.5,3.8,0.353,3,5.36
NA-031/05,NA-031,National Highway,Anantpur,Wet,5.0,24500.0,274.7,21.9,1487.0,27.1,28.4,4.82,0.356,5,2.05
DI-125/02,DI-125,District Road,Anantpur,Arid,2.0,860.0,113.7,2.7,385.0,36.0,0.2,2.75,0.346,2,18.25
ST-078/08,ST-078,State Highway,Nashik,Wet,8.0,11600.0,140.9,6.6,1769.0,30.2,6.7,3.42,0.361,2,6.63
DI-116/05,DI-116,District Road,Latur,Moderate,5.0,5770.0,89.2,17.7,1132.0,24.3,46.6,5.33,0.476,6,2.82
DI-097/02,DI-097,District Road,Erode,Wet,2.0,5280.0,148.3,12.1,1587.0,25.2,12.6,4.84,0.405,1,10.1
NA-020/01,NA-020,National Highway,Chittoor,Arid,1.0,20880.0,297.4,1.6,364.0,32.5,3.1,2.25,0.256,1,22.42
DI-121/03,DI-121,District Road,Chittoor,Moderate,3.0,3390.0,125.9,14.3,1290.0,21.5,6.9,4.22,0.319,2,10.42
DI-139/06,DI-139,District Road,Kadapa,Moderate,6.0,6610.0,91.8,8.9,1022.0,90.3,21.7,4.57,0.416,3,4.47
DI-109/03,DI-109,District Road,Anantpur,Arid,3.0,4340.0,111.4,5.6,541.0,32.5,0.2,2.95,0.341,5,16.21
DI-105/02,DI-105,District Road,Chittoor,Arid,2.0,5400.0,118.0,18.3,526.0,31.8,8.4,5.43,0.3,2,5.13
NA-027/04,NA-027,National Highway,Chittoor,Arid,4.0,29470.0,236.6,15.4,584.0,31.4,26.5,4.44,0.344,4,5.51
ST-085/05,ST-085,State Highway,Chittoor,Moderate,5.0,18660.0,147.3,2.5,1475.0,31.3,0.2,2.54,0.354,2,7.2
DI-112/07,DI-112,District Road,Bilaspur,Moderate,7.0,2160.0,99.2,8.0,1178.0,31.3,1.2,3.79,0.408,2,13.0
ST-096/02,ST-096,State Highway,Bilaspur,Moderate,2.0,17480.0,233.6,17.0,1510.0,31.7,11.6,4.52,0.27,9,5.01
NA-042/02,NA-042,National Highway,Latur,Wet,2.0,30300.0,237.1,17.3,1689.0,31.5,16.8,4.3,0.292,8,4.27
DI-150/06,DI-150,District Road,Chittoor,Wet,6.0,2440.0,135.5,18.2,2595.0,26.6,6.9,5.18,0.377,4,2.48
DI-111/07,DI-111,District Road,Erode,Wet,7.0,1330.0,111.2,1.4,2466.0,31.4,0.2,2.44,0.315,1,17.33
DI-122/09,DI-122,District Road,Anantpur,Arid,9.0,1530.0,72.7,17.0,731.0,34.9,20.8,5.27,0.487,2,3.58
ST-092/09,ST-092,State Highway,Kadapa,Wet,9.0,19110.0,161.4,17.3,2013.0,73.2,72.0,6.85,0.607,6,0.0
ST-075/01,ST-075,State Highway,Latur,Wet,1.0,13310.0,166.1,9.8,1841.0,23.1,17.7,4.16,0.44,5,3.71
ST-058/01,ST-058,State Highway,Kadapa,Arid,1.0,16300.0,187.4,17.9,385.0,82.6,13.3,4.56,0.278,2,4.7
NA-039/02,NA-039,National Highway,Latur,Moderate,2.0,25990.0,297.5,17.5,1461.0,22.4,4.5,4.17,0.236,6,7.0
NA-037/02,NA-037,National Highway,Chittoor,Wet,2.0,36710.0,292.6,20.9,1837.0,33.6,13.4,5.46,0.262,3,0.0
ST-056/05,ST-056,State Highway,Kadapa,Arid,5.0,9770.0,148.6,3.1,557.0,95.0,2.3,2.01,0.325,2,12.55
DI-147/01,DI-147,District Road,Chittoor,Moderate,1.0,2070.0,114.9,10.7,854.0,27.0,3.7,4.37,0.41,5,11.2
DI-124/06,DI-124,District Road,Erode,Wet,6.0,5750.0,99.8,20.7,1431.0,30.1,18.7,5.19,0.321,1,1.18
DI-141/07,DI-141,District Road,Erode,Moderate,7.0,4380.0,128.8,13.5,1484.0,28.1,11.1,4.43,0.378,9,7.0
ST-093/12,ST-093,State Highway,Anantpur,Wet,12.0,10990.0,145.9,18.0,2576.0,22.3,72.0,7.4,0.669,5,0.0
NA-022/08,NA-022,National Highway,Latur,Moderate,8.0,20520.0,292.8,-4.3,,27.7,0.2,2.9,0.213,4,20.69
ST-053/05,ST-053,State Highway,Chittoor,Wet,5.0,12150.0,215.5,0.9,2061.0,28.5,1.0,1.98,0.345,0,14.13
ST-056/07,ST-056,State Highway,Kadapa,Arid,7.0,10200.0,152.4,3.2,522.0,96.8,0.2,2.03,0.346,3,12.79
DI-125/09,DI-125,District Road,Anantpur,Arid,9.0,830.0,134.1,3.0,366.0,34.9,0.2,3.28,0.29,2,18.31
NA-018/10,NA-018,National Highway,Chittoor,Wet,10.0,27460.0,299.1,1.1,1792.0,29.0,0.2,1.94,0.231,1,20.36
