unit_id,age_years,ambient_c,load_pu,top_oil_c,hotspot_c,ageing_rate,voltage_dev_pct,load_current_a,h2_ppm,ch4_ppm,c2h6_ppm,c2h4_ppm,c2h2_ppm,co_ppm,moisture_ppm,pd_pc,oil_bdv_kv,fault_type,health_index,health_class
TX000,23.5,6.4,0.52,33.1,40.8,0.0,-1.89,91.9,18.4,8.9,8.7,2.5,1.77,902.3,22.2,62.4,57.0,normal,81.1,1
TX000,23.5,22.3,0.644,54.0,64.9,0.005,-0.89,110.9,1369.1,294.6,82.6,342.4,1030.21,865.2,29.4,3118.3,44.9,D1,42.7,3
TX000,23.5,23.0,0.612,53.4,63.4,0.004,0.49,109.3,113.7,442.0,227.2,535.8,7.81,1010.0,25.6,82.8,47.8,T2,58.6,2
TX001,20.9,10.9,0.716,45.3,58.2,0.002,1.29,128.0,12.8,6.6,6.8,9.4,1.07,850.2,13.8,50.4,50.9,normal,85.5,0
TX001,20.9,31.7,0.742,67.2,80.8,0.039,-0.68,131.6,749.5,124.8,28.8,34.6,7.82,825.2,23.4,875.1,46.5,PD,51.5,3
TX001,20.9,13.2,0.877,53.8,71.6,0.013,-3.18,147.5,660.2,122.4,31.0,20.7,6.32,754.2,21.3,101.5,48.4,PD,62.9,2
TX001,20.9,27.6,0.599,57.5,67.1,0.007,-3.8,106.2,13.4,15.7,6.5,7.1,1.18,744.6,16.7,81.0,,normal,83.3,1
TX002,22.8,19.2,0.827,57.9,74.1,0.017,3.22,139.5,17.2,18.1,7.5,1.8,0.63,832.0,27.0,0.0,55.9,normal,79.5,1
TX002,22.8,11.6,0.907,53.2,72.1,0.013,-4.69,160.0,1002.4,200.2,82.1,897.6,2079.61,991.9,38.7,331.3,45.6,D2,44.7,3
TX002,22.8,22.7,0.993,67.5,89.2,0.106,-1.1,167.6,228.7,469.8,160.9,271.5,12.27,1039.0,33.2,89.5,45.5,T2,51.1,3
TX003,11.6,16.6,0.948,59.7,79.9,0.035,-2.81,166.7,6.3,10.0,6.7,2.9,0.15,463.0,17.2,19.1,54.5,normal,88.4,0
TX003,11.6,25.4,0.756,61.4,75.5,0.021,-3.01,138.9,12.4,11.3,6.2,2.2,1.96,560.6,21.5,19.1,57.7,normal,86.4,0
TX003,11.6,22.4,0.703,56.3,68.9,0.009,0.2,125.5,18.4,2.5,2.5,4.9,0.4,521.5,14.7,120.5,58.5,normal,85.6,0
TX003,11.6,13.0,0.604,43.1,52.9,0.001,-0.34,103.6,159.2,537.6,112.6,518.8,10.04,800.8,25.6,114.8,50.2,T2,55.6,2
TX004,17.9,46.7,1.155,97.2,124.9,4.329,-0.36,195.7,821.0,161.2,17.4,19.6,7.53,793.9,20.4,123.0,43.9,PD,49.7,3
TX004,17.9,43.9,0.674,76.7,88.4,0.097,-2.58,116.7,8.8,8.2,0.3,0.0,3.68,569.5,14.5,343.9,63.1,normal,82.1,1
TX005,24.0,27.9,0.705,61.9,74.5,0.018,0.77,123.5,2155.2,188.0,68.9,45.3,13.85,793.6,31.6,994.1,45.0,PD,40.5,3
TX005,24.0,17.5,0.843,56.8,73.5,0.016,-3.84,151.7,17.0,21.2,15.8,6.6,0.88,743.4,27.0,63.0,52.5,normal,78.9,1
TX005,24.0,14.0,0.686,47.3,59.3,0.003,0.39,121.1,19.6,10.9,7.5,5.0,0.05,857.3,28.1,38.1,38.4,normal,73.2,1
TX006,16.5,21.0,0.768,57.5,71.9,0.013,1.82,133.2,86.7,301.5,359.2,136.2,11.53,964.8,24.0,61.2,57.0,T1,65.0,2
TX006,16.5,17.7,0.978,61.9,83.2,0.052,-2.58,168.5,6.5,11.4,6.1,7.4,1.47,812.8,21.0,42.9,46.7,normal,82.1,1
TX007,40.6,14.9,0.787,52.0,67.0,0.007,3.56,129.1,14.1,11.5,15.3,12.9,1.56,1070.3,32.6,60.1,44.1,normal,69.8,2
TX007,40.6,29.3,0.464,53.7,60.1,0.003,-1.9,80.8,42.3,18.6,18.5,5.7,1.9,1372.7,32.3,54.4,44.9,normal,70.1,1
TX007,40.6,14.5,0.755,50.4,64.4,0.005,1.22,141.4,5174.9,404.0,82.6,82.4,25.92,1277.6,44.3,1625.8,36.6,PD,27.6,3
TX008,18.1,25.0,1.042,71.5,95.0,0.202,0.12,179.8,4.3,3.2,1.0,2.0,0.99,737.3,20.1,8.9,46.8,normal,85.6,0
TX008,18.1,30.3,0.808,68.2,83.9,0.057,-0.58,140.8,19.2,9.7,9.3,2.3,-1.0,707.8,22.2,64.8,51.9,normal,82.3,1
TX008,18.1,10.7,0.313,28.4,31.9,0.0,-1.84,53.8,230.0,560.7,151.5,1790.1,77.93,1150.1,25.5,48.0,50.4,T3,54.6,2
TX009,8.2,31.2,1.124,80.6,107.2,0.748,-2.35,192.9,2.8,6.7,1.4,3.9,0.02,269.7,17.2,31.0,55.3,normal,88.2,0
TX009,8.2,22.3,0.846,61.7,78.5,0.03,0.77,156.7,10.7,9.8,3.5,0.8,1.85,404.6,18.0,41.1,60.2,normal,87.1,0
TX009,8.2,33.7,0.611,64.0,74.0,0.017,4.26,110.4,670.9,93.0,22.7,8.4,0.81,247.9,12.7,372.8,50.5,PD,66.1,2
TX010,11.6,25.7,0.904,67.2,85.9,0.072,-0.12,157.4,9.2,10.5,1.7,3.3,4.3,542.6,21.1,67.6,57.2,normal,83.9,1
TX010,11.6,27.9,0.61,58.2,68.1,0.008,-4.38,101.9,14.3,10.5,6.7,2.5,0.93,494.8,19.1,35.6,47.6,normal,84.8,1
TX010,11.6,32.1,0.636,63.4,74.1,0.017,0.22,111.0,3.2,4.4,3.6,9.5,0.9,472.2,17.3,36.5,49.0,normal,86.4,0
TX011,29.7,38.7,0.586,68.0,77.4,0.026,-0.8,99.6,1751.9,561.8,77.4,83.3,11.13,1123.0,32.9,2495.2,39.4,PD,34.8,3
TX011,29.7,28.1,0.467,52.5,59.0,0.002,-0.56,81.3,26.2,9.4,16.1,2.3,0.87,840.3,22.0,39.7,49.9,normal,80.6,1
TX011,29.7,30.0,0.857,69.7,86.9,0.081,-0.16,151.5,302.1,698.5,784.9,205.5,9.04,1186.1,26.4,0.0,34.6,T1,47.6,3
TX011,29.7,17.1,0.96,60.7,81.3,0.042,0.42,160.7,27.1,11.6,7.2,8.2,0.72,861.7,25.1,24.0,49.9,normal,80.3,1
TX012,37.8,2.3,0.549,30.2,38.6,0.0,0.55,101.3,22.4,8.1,16.7,15.6,1.46,1126.5,30.7,19.1,53.1,normal,76.6,1
TX012,37.8,20.2,0.45,43.9,50.1,0.001,-1.38,77.2,12.6,12.4,9.7,10.9,0.91,1042.2,31.8,109.8,42.1,normal,68.5,2
TX012,37.8,30.9,0.87,71.1,88.7,0.1,0.53,149.4,8.5,18.7,6.7,8.5,1.87,1242.1,26.5,74.2,38.6,normal,69.3,2
TX012,37.8,20.0,0.786,57.2,72.1,0.014,5.61,136.0,27.9,11.1,15.3,5.4,0.18,1324.6,25.6,139.0,32.9,normal,65.3,2
TX013,5.9,22.3,0.557,50.5,59.1,0.002,-3.81,98.0,10.1,6.2,0.3,3.9,3.34,388.2,10.9,69.2,,normal,89.3,0
TX013,5.9,40.6,0.745,76.2,89.9,0.115,-0.04,126.9,14.5,1.3,5.5,3.0,1.19,388.7,17.1,13.8,57.7,normal,90.3,0
TX013,5.9,23.3,0.439,46.6,52.4,0.001,0.77,82.3,1.1,6.1,2.4,3.5,1.37,397.2,9.4,80.8,52.8,normal,89.7,0
TX013,5.9,27.5,0.747,63.1,76.9,0.025,-0.93,131.9,11.1,6.5,7.4,1.1,0.52,329.6,15.4,32.6,66.8,normal,89.3,0
TX014,17.7,15.3,0.597,45.1,54.7,0.001,-0.49,106.5,846.0,195.1,27.4,11.7,4.86,774.3,18.3,644.7,44.3,PD,56.0,2
TX014,17.7,23.9,0.738,59.2,72.7,0.015,-2.03,134.8,1030.7,127.0,72.1,33.5,4.83,671.2,30.4,299.0,31.9,PD,38.1,3
TX014,17.7,30.9,0.552,58.9,67.4,0.007,-3.56,90.1,7.2,10.5,7.3,5.9,0.01,704.9,19.4,79.2,57.9,normal,83.3,1
TX014,17.7,7.3,0.8,44.9,60.3,0.003,3.93,144.7,280.6,781.6,286.2,532.8,9.35,958.0,23.1,188.8,40.7,T2,50.3,3
TX015,11.9,28.0,1.03,74.1,97.1,0.256,3.8,187.6,14.4,9.4,7.7,4.2,2.59,538.0,13.3,146.0,50.2,normal,85.5,0
TX015,11.9,36.2,0.782,73.1,88.0,0.092,0.03,137.9,12.1,2.6,6.9,3.5,1.83,525.8,15.2,84.2,65.6,normal,86.0,0
TX015,11.9,22.2,0.564,50.6,59.4,0.003,2.26,98.7,10.3,3.9,1.4,4.7,0.84,369.6,15.1,94.5,61.6,normal,85.9,0
TX015,11.9,14.2,0.849,53.7,70.6,0.011,0.56,146.3,13.0,11.4,9.2,3.0,1.74,501.7,16.4,30.0,55.6,normal,87.5,0
TX016,14.2,26.5,0.552,54.4,62.9,0.004,-5.88,97.8,9.6,13.1,2.0,2.1,2.7,593.1,17.0,0.0,55.0,normal,84.2,1
TX016,14.2,13.8,0.704,47.8,60.4,0.003,-0.21,123.7,8.1,3.9,5.0,7.6,3.15,560.2,24.5,153.6,55.8,normal,80.5,1
TX016,14.2,52.6,0.95,95.8,116.1,1.845,0.93,156.6,8.4,11.2,4.9,2.4,1.68,593.3,18.0,57.0,55.7,normal,82.5,1
TX017,28.0,17.8,0.946,60.8,80.9,0.04,-4.31,165.5,240.2,567.6,197.6,2426.7,90.22,1222.5,34.6,12.0,38.8,T3,44.2,3
TX017,28.0,26.0,0.97,69.9,90.9,0.128,-1.23,167.6,857.7,264.4,85.1,599.0,1740.09,910.0,21.7,481.0,30.0,D1,37.2,3
TX017,28.0,17.9,0.608,48.1,58.0,0.002,-2.81,106.5,2795.7,180.7,91.4,55.5,12.51,1091.8,29.0,721.7,49.0,PD,44.4,3
TX018,10.8,18.4,0.977,62.6,83.8,0.056,-0.37,180.7,16.2,11.4,6.9,6.6,-1.0,472.8,11.5,30.2,57.7,normal,89.5,0
TX018,10.8,27.7,0.734,62.8,76.2,0.023,2.07,131.7,10.8,6.3,6.7,6.1,2.79,529.3,17.3,42.3,51.4,normal,86.6,0
TX018,10.8,32.0,0.878,72.5,90.4,0.121,1.05,148.3,16.4,7.3,4.1,4.0,4.39,535.9,2.0,61.7,48.5,normal,87.8,0
TX019,13.6,44.2,0.78,81.1,95.8,0.222,2.03,136.6,14.2,13.5,6.4,0.9,0.07,569.3,11.0,26.8,54.6,normal,89.6,0
TX019,13.6,29.6,0.58,58.7,67.9,0.008,0.82,103.4,106.2,340.3,79.4,487.7,36.18,832.1,14.7,75.3,50.5,T3,64.0,2
TX019,13.6,27.0,0.719,61.6,74.6,0.018,0.29,129.0,9.3,10.6,11.1,8.4,2.32,562.6,17.9,49.0,59.7,normal,85.5,0
TX020,19.5,24.0,0.848,63.5,80.4,0.037,-2.25,148.6,19.7,7.4,10.7,5.7,1.67,858.1,17.7,21.7,44.9,normal,83.0,1
TX020,19.5,27.1,0.843,66.3,83.1,0.052,0.45,145.3,1167.2,193.4,7.0,19.5,1.71,731.5,23.4,1059.5,52.9,PD,55.3,2
TX020,19.5,32.9,0.668,65.5,77.0,0.025,1.19,113.6,372.0,820.0,226.3,1107.7,26.79,1100.0,24.0,30.9,38.0,T2,48.1,3
TX020,19.5,12.8,0.739,48.2,61.7,0.004,3.2,127.6,16.0,20.3,2.1,9.0,0.55,765.3,20.2,40.4,55.4,normal,83.5,1
TX021,34.6,37.0,0.765,73.3,87.6,0.088,3.16,134.8,339.3,569.4,615.1,139.7,9.17,1479.2,40.1,29.8,50.3,T1,46.1,3
TX021,34.6,25.0,0.698,58.8,71.1,0.012,2.7,128.0,459.1,131.9,106.2,313.2,621.95,1120.3,34.8,286.0,41.9,D1,45.6,3
TX021,34.6,32.8,1.028,78.8,101.8,0.424,1.85,188.0,34.1,17.9,15.0,9.1,1.35,1182.6,22.6,112.1,42.5,normal,72.6,1
TX022,17.4,20.7,0.85,60.3,77.3,0.026,-0.54,139.5,258.8,143.5,38.9,115.3,321.51,656.8,20.1,312.6,59.1,D1,61.9,2
TX022,17.4,21.6,0.643,53.2,64.1,0.005,-4.4,110.7,22.7,7.7,12.0,4.4,0.34,665.4,18.6,8.9,62.7,normal,87.8,0
TX023,20.3,33.3,0.817,71.5,87.5,0.086,-2.61,141.4,1183.2,152.2,23.4,25.6,5.32,748.4,29.1,144.0,36.0,PD,50.3,3
TX023,20.3,16.3,1.271,70.8,103.1,0.487,-1.68,223.5,422.1,338.5,129.0,907.6,15.02,1007.7,21.6,14.7,44.3,T3,57.7,2
TX023,20.3,31.7,0.62,62.4,72.6,0.014,-0.56,110.9,208.4,390.1,103.9,437.3,14.27,997.9,,91.1,54.7,T2,59.6,2
TX023,20.3,15.7,1.077,63.4,88.2,0.094,5.02,190.2,91.5,181.8,137.0,469.1,9.77,848.4,20.7,24.3,44.5,T2,63.3,2
TX024,31.0,0.1,0.504,26.2,33.5,0.0,1.15,90.2,5.8,0.1,4.7,11.3,0.36,1142.7,27.7,24.0,52.0,normal,79.4,1
TX024,31.0,29.0,0.893,70.1,88.5,0.098,3.41,162.3,16.8,6.4,4.7,6.8,0.97,955.2,26.2,69.4,50.9,normal,77.7,1
TX024,31.0,39.2,0.674,72.0,83.7,0.055,0.66,115.3,30.6,13.3,8.7,0.1,0.15,886.2,29.9,25.8,55.6,normal,78.0,1
TX024,31.0,39.7,0.684,72.8,84.8,0.064,1.31,125.1,293.8,566.2,509.9,154.8,8.91,1229.7,27.0,0.0,44.9,T1,52.7,2
TX025,39.6,18.4,0.785,55.5,70.4,0.011,0.55,131.9,20.1,26.7,15.3,7.0,2.53,1054.4,22.7,46.9,48.2,normal,76.4,1
TX025,39.6,42.0,0.945,85.0,105.1,0.604,-2.12,165.6,28.0,12.8,10.8,0.9,0.96,1325.8,24.5,20.0,40.9,normal,73.6,1
TX025,39.6,30.8,0.73,65.8,79.1,0.032,1.24,134.7,529.2,318.3,146.6,0.9,14.6,1143.5,40.9,1084.5,30.5,PD,26.7,3
TX025,39.6,34.7,0.628,65.7,76.2,0.023,-4.13,106.3,279.5,782.1,186.4,1060.4,34.02,1515.2,29.2,75.6,36.4,T2,43.9,3
TX026,30.9,28.2,0.912,70.0,89.0,0.103,-1.61,163.9,45.0,11.7,6.7,8.0,1.15,975.4,21.9,56.6,59.7,normal,79.3,1
TX026,30.9,21.7,0.892,62.8,81.1,0.041,2.02,148.1,10.3,14.9,20.5,8.1,0.19,977.2,24.3,34.5,46.8,normal,78.1,1
TX027,30.7,35.2,0.972,79.2,100.2,0.358,3.24,176.3,346.3,330.7,93.8,243.1,1047.38,1050.4,30.7,409.1,45.2,D2,51.5,3
TX027,30.7,8.2,0.799,45.8,61.2,0.003,4.1,142.3,364.5,371.6,325.9,506.8,13.18,1366.4,28.0,12.1,44.0,T2,55.3,2
TX027,30.7,29.2,0.498,54.9,62.2,0.004,1.13,86.1,31.6,11.0,9.7,4.6,0.53,1080.1,26.9,44.7,51.5,normal,78.1,1
TX027,30.7,9.9,1.032,56.0,79.2,0.033,3.08,181.6,33.2,7.9,22.0,10.0,2.02,1020.1,25.0,0.0,47.1,normal,76.5,1
TX028,12.0,30.7,0.726,65.5,78.7,0.031,-1.46,128.4,6.3,3.4,0.1,4.0,0.09,492.7,3.8,98.6,50.4,normal,88.0,0
TX028,12.0,36.9,0.751,72.7,86.7,0.079,3.23,131.0,12.6,15.3,10.6,2.5,0.71,503.0,17.6,0.0,56.1,normal,86.7,0
TX028,12.0,24.8,1.137,74.7,101.7,0.42,-3.14,188.4,13.0,10.2,3.1,1.1,0.95,621.2,15.8,17.4,50.2,normal,88.9,0
TX028,12.0,3.7,0.742,39.1,52.7,0.001,1.71,126.7,139.4,630.3,137.1,106.5,12.21,860.8,23.6,56.7,48.5,T1,57.7,2
TX029,30.9,23.8,0.655,55.9,67.1,0.007,2.92,115.8,126.7,439.6,229.6,184.7,3.4,1280.0,25.1,29.1,39.5,T1,55.0,2
TX029,30.9,23.6,1.18,75.0,103.6,0.515,-0.69,194.4,189.5,463.7,394.0,197.6,0.47,1044.3,30.3,112.7,39.4,T1,49.8,3
TX030,9.5,20.2,0.996,65.0,86.9,0.081,-2.11,178.2,15.4,5.3,1.8,4.5,1.06,496.0,18.2,183.6,51.9,normal,83.8,1
TX030,9.5,15.6,1.083,63.6,88.6,0.099,0.87,180.7,8.5,8.7,5.6,2.7,2.33,446.8,7.1,66.2,53.7,normal,89.0,0
TX030,9.5,11.6,0.654,43.7,54.8,0.001,-1.4,110.5,385.5,236.6,76.9,364.2,665.29,480.7,15.4,280.6,45.3,D2,59.3,2
TX031,21.9,24.2,0.736,59.4,72.9,0.015,-0.34,130.9,19.0,9.9,2.1,1.0,0.38,882.6,12.2,103.5,53.9,normal,84.6,1
TX031,21.9,2.9,0.969,46.8,67.7,0.008,0.52,177.5,163.3,519.4,239.8,106.2,9.37,1048.4,29.1,56.3,44.7,T1,50.5,3
TX031,21.9,23.5,1.007,68.7,91.0,0.129,-0.56,175.9,25.4,3.1,6.9,9.3,1.15,807.5,20.2,55.1,50.2,normal,82.4,1
TX031,21.9,50.2,0.425,72.9,78.5,0.03,3.5,75.1,960.5,236.0,121.4,660.0,1630.81,895.8,26.2,104.9,51.2,D2,56.8,2
TX032,33.8,23.8,0.837,62.9,79.4,0.033,-3.28,146.6,33.0,3.1,16.7,7.0,0.12,965.9,29.6,70.8,34.7,normal,67.0,2
TX032,33.8,17.8,0.679,50.8,62.6,0.004,5.25,114.8,399.9,753.7,277.7,735.1,7.18,1351.8,24.9,49.2,44.0,T2,52.9,2
TX033,19.1,17.7,0.825,56.3,72.5,0.014,2.17,145.9,15.0,10.3,4.7,4.2,2.26,728.9,21.3,14.5,52.3,normal,85.3,0
TX033,19.1,21.5,0.48,46.5,53.3,0.001,-1.18,80.0,8.3,6.6,12.4,2.6,1.32,668.3,20.5,82.9,52.7,normal,82.4,1
TX033,19.1,19.2,0.53,46.3,54.3,0.001,0.52,98.1,17.7,6.9,17.0,0.7,0.63,615.2,17.5,8.8,54.1,normal,88.0,0
TX034,15.8,18.8,0.325,37.1,40.7,0.0,-3.07,55.7,16.9,7.4,2.8,4.3,0.66,582.2,20.1,93.7,48.2,normal,82.0,1
TX034,15.8,34.1,0.8,71.8,87.2,0.083,2.01,134.2,7.6,5.7,6.9,4.1,0.12,626.9,16.8,31.3,47.7,normal,85.4,0
TX035,18.2,28.6,0.518,55.1,62.8,0.004,-1.24,93.6,1135.0,105.8,24.1,23.2,3.57,774.5,19.4,275.6,45.5,PD,57.8,2
TX035,18.2,39.4,1.234,92.6,123.4,3.757,1.85,209.9,8.0,9.0,2.7,2.1,0.72,599.0,14.8,19.2,53.1,normal,82.1,1
TX036,48.0,39.4,1.004,84.5,106.6,0.707,1.51,182.1,1607.0,255.8,156.8,364.5,1959.19,1540.8,40.6,295.9,21.0,D1,29.2,3
TX036,48.0,9.7,0.84,48.8,65.5,0.006,-1.24,145.1,42.9,5.8,15.4,10.5,0.1,1301.3,34.1,40.6,38.8,normal,65.8,2
TX036,48.0,20.3,0.798,57.9,73.2,0.016,0.37,137.8,147.0,1208.0,763.7,351.9,24.36,1584.7,33.4,44.8,33.0,T1,38.0,3
TX036,48.0,32.4,0.877,72.9,90.7,0.126,-1.93,152.4,27.8,2.4,20.6,14.9,1.72,1388.8,38.1,134.0,44.7,normal,65.2,2
TX037,29.1,24.8,0.824,63.3,79.5,0.034,0.07,139.3,272.1,1019.9,237.2,684.4,21.4,1324.1,24.4,0.0,34.3,T2,49.7,3
TX037,29.1,26.1,0.72,60.7,73.7,0.017,3.11,129.9,192.5,453.9,219.7,122.8,10.35,1165.2,22.5,21.1,47.6,T1,62.4,2
TX037,29.1,25.4,0.738,60.7,74.2,0.018,1.61,136.2,26.2,10.2,11.4,9.2,0.51,921.3,20.2,12.5,43.6,normal,80.1,1
TX037,29.1,36.8,0.689,70.2,82.3,0.047,-2.5,112.7,126.9,98.4,245.2,64.4,5.75,950.0,29.5,26.0,50.6,T1,69.7,2
TX038,17.5,20.0,0.565,48.4,57.3,0.002,0.96,96.5,10.7,13.1,9.4,3.9,1.27,570.2,18.7,32.4,54.9,normal,85.2,0
TX038,17.5,29.0,0.25,43.8,46.2,0.0,2.48,43.7,21.5,4.7,4.7,7.2,0.22,542.8,14.2,11.7,59.3,normal,89.0,0
TX038,17.5,18.8,0.577,47.7,56.8,0.002,-2.56,98.8,19.5,11.6,0.4,3.1,1.09,791.1,13.2,44.0,62.2,normal,86.7,0
TX039,12.8,12.9,0.344,32.1,36.1,0.0,-1.44,60.6,9.5,0.1,3.2,1.1,1.14,734.1,16.3,13.0,57.4,normal,89.3,0
TX039,12.8,32.2,0.539,59.6,67.8,0.008,-0.19,93.2,10.0,4.7,6.3,1.8,0.2,532.8,13.1,53.2,,normal,87.7,0
TX039,12.8,21.9,0.719,56.4,69.4,0.01,-1.23,125.9,12.1,13.4,1.2,5.5,2.75,573.6,22.4,50.7,58.7,normal,83.7,1
TX040,17.6,17.1,0.619,47.7,58.0,0.002,-1.17,115.5,5.7,10.2,9.2,4.9,-1.0,686.2,20.3,42.2,55.6,normal,84.1,1
TX040,17.6,26.3,0.499,52.1,59.3,0.003,3.5,87.7,281.4,450.5,144.8,813.9,18.51,828.6,31.1,44.7,49.4,T2,55.4,2
TX041,19.9,28.3,0.783,65.3,80.2,0.037,2.88,135.0,10.2,9.9,7.4,0.6,2.05,787.5,9.5,32.2,54.1,normal,88.2,0
TX041,19.9,30.6,0.687,64.0,76.1,0.022,1.45,122.1,1595.1,123.0,44.2,36.1,-1.0,909.2,21.2,266.5,39.6,PD,51.7,3
TX042,21.3,34.4,1.35,91.6,127.2,5.383,0.84,234.1,18.7,12.5,6.0,0.8,0.65,674.5,14.9,54.5,61.0,normal,77.6,1
TX042,21.3,28.8,0.741,64.2,77.8,0.027,-2.01,131.2,106.2,93.8,20.1,618.0,23.09,761.3,22.6,9.9,,T3,67.6,2
TX042,21.3,33.2,0.935,75.9,95.6,0.217,1.73,168.0,234.0,509.6,349.4,233.7,11.02,1156.5,,48.1,46.7,T1,51.7,3
TX042,21.3,7.7,1.089,55.9,81.1,0.041,0.47,192.8,18.0,1.6,5.1,7.3,0.13,726.7,26.3,25.7,47.2,normal,80.3,1
TX043,25.9,24.6,0.802,62.3,77.7,0.027,-1.15,142.0,216.1,634.3,438.4,170.4,4.91,1125.9,27.7,210.9,44.5,T1,50.6,3
TX043,25.9,24.9,1.248,78.6,109.9,0.993,-0.73,236.0,15.8,12.9,5.7,4.4,0.78,968.5,24.5,42.1,56.7,normal,80.5,1
TX044,24.6,32.4,0.707,66.5,79.2,0.032,1.49,121.0,19.0,10.5,12.3,2.6,1.38,880.0,24.9,25.5,52.6,normal,81.5,1
TX044,24.6,29.2,1.04,75.7,99.1,0.317,-0.66,175.4,2949.4,456.0,116.8,109.0,3.26,793.4,28.1,444.4,34.7,PD,36.6,3
TX045,23.9,28.6,0.901,70.0,88.6,0.098,4.42,160.2,14.9,21.3,9.9,0.8,1.27,684.9,22.2,32.4,50.6,normal,82.2,1
TX045,23.9,24.3,0.815,62.5,78.4,0.029,2.38,141.3,504.2,194.2,44.6,27.1,4.17,793.0,25.7,792.5,45.4,PD,52.6,2
TX046,15.7,31.1,0.976,75.2,96.4,0.237,-1.69,171.2,20.8,15.2,3.4,4.0,0.28,620.3,,48.0,47.5,normal,84.8,1
TX046,15.7,14.1,0.827,52.8,69.0,0.009,-2.3,144.5,14.0,10.3,14.6,4.7,1.03,532.1,12.5,23.6,62.8,normal,88.7,0
TX046,15.7,15.9,0.719,50.4,63.4,0.004,2.56,121.9,20.4,4.6,1.4,6.6,1.04,573.2,11.3,43.3,51.2,normal,87.9,0
TX047,19.3,33.3,0.544,60.9,69.2,0.009,1.74,96.9,17.3,10.2,11.9,6.2,3.5,650.9,20.2,62.9,52.3,normal,82.6,1
TX047,19.3,7.4,0.689,40.8,52.9,0.001,-4.37,125.0,17.8,4.1,10.1,7.3,0.51,445.8,14.5,30.7,62.8,normal,86.6,0
TX048,20.3,27.3,0.919,69.3,88.6,0.098,5.66,157.3,31.0,13.9,1.3,6.1,2.14,856.2,18.5,86.1,58.7,normal,82.3,1
TX048,20.3,16.0,0.25,30.8,33.2,0.0,3.01,43.8,613.3,126.0,19.3,29.2,4.03,864.2,23.6,374.5,,PD,61.6,2
TX049,25.9,21.6,0.864,61.6,79.0,0.032,-1.98,144.1,312.5,692.0,251.1,124.9,19.1,902.5,33.3,90.6,44.9,T2,51.0,3
TX049,25.9,24.8,1.333,81.4,116.3,1.881,-0.39,228.5,1077.2,178.3,37.2,30.2,4.1,707.3,24.7,153.1,51.0,PD,57.4,2
TX050,40.5,23.7,0.82,62.0,78.0,0.028,1.06,154.3,14.4,1.1,14.3,9.4,2.56,1414.0,37.5,35.2,38.8,normal,66.0,2
TX050,40.5,16.1,0.938,58.8,78.6,0.03,-0.19,162.8,202.5,741.8,568.4,413.8,11.32,1311.3,38.4,46.4,32.5,T1,38.1,3
TX050,40.5,10.2,0.677,43.1,54.9,0.001,0.68,115.3,33.9,11.9,3.8,10.8,2.42,1268.5,23.4,14.1,47.3,normal,77.8,1
TX051,10.3,18.2,0.898,59.5,78.0,0.028,-1.18,152.9,8.0,9.5,6.0,1.3,1.15,338.3,15.8,8.6,55.6,normal,90.8,0
TX051,10.3,8.7,0.492,34.2,41.2,0.0,-0.96,86.3,15.6,10.9,2.7,1.5,1.17,277.1,7.2,133.2,56.0,normal,87.5,0
TX051,10.3,23.8,1.144,74.0,101.3,0.401,-0.29,200.7,84.1,590.1,210.8,151.3,6.35,783.6,18.4,90.3,47.3,T1,55.1,2
TX052,26.8,47.4,0.705,81.4,94.0,0.182,2.19,121.1,15.6,15.7,13.5,3.9,0.27,965.5,20.4,47.9,47.9,normal,80.5,1
TX052,26.8,12.2,0.749,47.9,61.8,0.004,0.72,133.4,724.1,142.2,28.6,22.1,-1.0,976.4,27.2,315.4,42.5,PD,51.1,3
TX052,26.8,24.3,0.374,44.8,49.4,0.001,0.24,67.1,20.9,15.6,8.3,12.0,1.05,936.4,23.6,0.0,49.4,normal,80.1,1
TX053,38.4,17.7,0.933,60.3,80.0,0.036,2.22,165.7,335.9,1541.7,1441.9,361.0,1.78,1561.0,42.9,53.6,35.7,T1,33.9,3
TX053,38.4,32.3,1.084,80.3,105.3,0.617,0.02,197.9,29.2,21.4,11.0,5.2,3.36,1238.8,33.4,29.8,45.3,normal,71.6,1
TX054,26.6,22.1,0.42,44.6,50.0,0.001,0.32,73.1,34.0,15.1,9.2,4.5,2.14,862.8,28.2,53.4,,normal,77.9,1
TX054,26.6,9.4,0.903,50.9,69.6,0.01,-3.82,160.4,392.4,938.7,674.1,240.2,18.19,1281.4,29.2,185.1,,T1,40.0,3
TX055,7.1,5.2,0.858,45.0,62.3,0.004,2.49,145.9,6.8,1.6,6.7,5.9,2.49,438.2,13.1,146.1,65.4,normal,86.8,0
TX055,7.1,28.0,0.418,50.4,55.8,0.002,2.79,76.2,10.5,12.3,6.1,6.0,0.45,399.3,14.5,22.9,54.7,normal,89.9,0
TX055,7.1,32.7,0.763,68.9,83.2,0.053,1.03,136.3,9.9,6.5,7.1,2.7,2.36,433.7,15.4,203.9,54.6,normal,85.2,0
TX055,7.1,16.6,1.028,62.6,85.6,0.069,-2.18,178.8,9.7,1.0,7.2,1.3,2.36,397.9,13.8,24.0,64.7,normal,90.2,0
TX056,30.2,18.6,0.702,52.5,64.9,0.005,0.47,120.7,5.3,8.8,10.5,9.7,0.84,1154.2,22.9,132.0,45.0,normal,75.2,1
TX056,30.2,16.6,0.772,53.2,67.7,0.008,-1.29,137.4,243.9,236.8,130.6,1333.4,62.94,1285.3,27.7,71.6,42.2,T3,52.8,2
TX056,30.2,37.0,0.749,72.7,86.6,0.078,-1.29,132.1,1953.1,333.7,138.8,910.4,733.38,834.2,37.0,738.2,34.9,D1,34.5,3
TX057,11.7,14.9,0.64,46.4,57.2,0.002,3.16,110.4,9.2,1.3,4.1,3.6,0.41,500.3,15.4,73.0,53.4,normal,86.5,0
TX057,11.7,21.8,0.853,61.5,78.5,0.03,0.31,141.4,19.0,8.4,0.4,4.5,2.16,504.8,19.4,15.9,53.3,normal,87.5,0
TX057,11.7,12.5,0.574,41.3,50.4,0.001,-2.45,102.9,155.5,348.4,429.5,176.1,8.46,855.1,23.4,82.0,42.9,T1,55.3,2
TX058,35.4,-1.8,0.84,37.4,54.1,0.001,2.29,142.3,22.9,14.1,15.9,6.9,1.41,1128.1,28.7,50.4,46.6,normal,74.2,1
TX058,35.4,35.6,0.433,58.6,64.4,0.005,3.8,74.7,25.7,10.7,10.0,3.7,0.2,1306.5,23.4,18.1,40.2,normal,74.9,1
TX059,19.9,21.9,1.272,76.4,108.7,0.879,-0.37,227.5,24.7,5.4,10.4,2.1,2.54,829.1,24.6,32.4,58.3,normal,82.1,1
TX059,19.9,25.0,0.996,69.9,91.7,0.141,-1.19,170.6,863.9,272.8,53.8,41.1,11.64,674.8,18.8,1205.8,42.4,PD,49.1,3
TX059,19.9,39.8,0.945,82.8,102.9,0.477,1.02,160.4,20.6,13.7,10.1,3.9,0.05,698.9,30.5,32.5,55.8,normal,79.9,1
TX059,19.9,33.6,0.857,73.4,90.6,0.123,2.42,153.0,204.2,496.3,355.7,132.3,6.33,1146.9,25.0,31.4,40.8,T1,53.1,2
TX060,26.7,31.9,0.584,61.1,70.4,0.011,-1.17,102.2,110.0,368.8,282.8,157.9,12.57,926.5,23.9,33.5,44.1,T2,61.9,2
TX060,26.7,30.8,0.949,73.9,94.1,0.184,5.49,161.5,859.4,303.5,73.4,24.3,9.89,902.8,36.3,199.9,51.7,PD,48.6,3
TX061,32.4,28.4,0.758,64.5,78.6,0.03,-2.3,130.5,27.2,14.8,17.4,7.0,0.17,1160.0,29.1,28.3,51.1,normal,77.8,1
TX061,32.4,31.1,0.975,75.2,96.3,0.234,-1.96,163.1,20.9,21.9,18.3,7.6,0.91,1203.1,26.6,35.5,48.1,normal,77.2,1
TX062,27.6,12.7,0.882,53.4,71.4,0.012,-2.91,151.9,32.0,12.2,12.6,0.5,0.71,840.8,16.6,9.4,50.2,normal,86.1,0
TX062,27.6,32.0,0.93,74.5,94.1,0.184,-0.21,159.6,291.5,524.5,424.3,205.6,9.37,1127.2,,60.4,38.7,T1,49.7,3
TX062,27.6,13.1,0.976,57.2,78.4,0.029,2.51,170.9,20.3,7.1,13.7,4.0,1.9,1029.3,22.0,46.3,47.5,normal,79.4,1
TX063,10.0,41.0,0.78,77.9,92.6,0.156,-2.8,133.8,0.8,7.2,11.2,6.9,3.07,388.0,18.1,52.6,53.9,normal,86.2,0
TX063,10.0,32.1,0.94,74.9,94.9,0.199,-3.89,171.5,11.3,1.3,4.0,1.1,1.56,585.8,18.7,6.6,53.7,normal,90.2,0
TX063,10.0,17.2,1.109,66.1,92.1,0.146,-2.57,198.4,16.1,6.1,4.1,2.7,0.56,623.8,16.2,102.0,61.1,normal,85.7,0
TX064,17.2,28.8,0.803,66.5,82.0,0.046,-1.5,149.0,15.1,16.8,2.1,4.1,0.76,601.5,18.6,0.0,46.3,normal,80.5,1
TX064,17.2,23.7,0.663,56.1,67.5,0.008,0.57,111.5,194.9,518.4,252.5,149.4,5.3,1165.4,23.9,39.2,53.3,T1,57.9,2
TX064,17.2,36.8,0.822,75.3,91.4,0.135,-2.66,153.9,23.7,9.3,12.3,6.0,2.87,662.4,28.0,26.3,51.8,normal,81.6,1
TX065,30.1,30.2,1.173,81.3,109.7,0.973,-0.93,206.0,7.9,11.1,8.2,0.8,2.16,977.9,28.5,35.1,60.3,normal,78.4,1
TX065,30.1,33.5,0.856,73.2,90.4,0.121,-1.85,151.0,71.4,344.1,645.8,221.7,6.13,1223.0,30.3,17.4,45.1,T1,56.9,2
TX065,30.1,29.1,0.534,56.4,64.5,0.005,-1.96,92.1,24.1,18.9,13.0,6.8,0.26,927.1,25.3,41.4,54.8,normal,79.0,1
TX066,22.4,33.0,0.593,62.6,72.1,0.014,0.44,111.5,129.2,455.1,290.3,94.9,5.98,994.8,23.3,102.7,43.3,T1,56.3,2
TX066,22.4,26.3,0.867,66.5,84.0,0.057,-3.8,146.0,1204.5,161.9,92.6,304.0,301.98,870.6,30.6,520.9,41.3,D1,47.2,3
TX066,22.4,26.1,0.676,58.9,70.7,0.011,-1.73,124.7,134.9,502.5,179.0,92.3,7.28,1088.0,30.2,86.7,42.6,T1,54.1,2
TX067,10.4,42.1,0.898,83.4,101.9,0.431,-1.79,158.3,5.2,4.3,7.6,5.7,0.09,495.1,17.8,18.2,58.0,normal,88.6,0
TX067,10.4,26.6,0.93,69.0,88.6,0.099,1.22,162.5,171.9,316.2,89.4,728.0,46.81,867.0,24.7,53.3,49.3,T3,55.2,2
TX068,24.8,18.0,0.79,55.3,70.4,0.011,-0.5,139.4,13.4,8.2,4.0,9.6,2.09,914.1,30.5,375.7,49.9,normal,73.8,1
TX068,24.8,23.0,1.135,72.8,99.7,0.34,-3.21,194.5,306.8,773.9,361.3,270.1,11.1,1154.5,26.4,37.4,53.9,T1,53.0,2
TX068,24.8,30.1,0.651,62.0,73.1,0.015,1.71,107.9,909.3,210.6,74.6,423.5,737.53,961.5,29.1,475.2,50.1,D2,53.4,2
TX068,24.8,25.6,0.905,67.2,85.9,0.072,-0.79,152.0,21.0,5.8,2.3,3.1,1.28,927.8,17.2,27.1,45.9,normal,82.2,1
TX069,8.6,13.4,0.757,49.4,63.5,0.004,0.94,131.1,14.1,1.2,4.0,5.3,0.47,391.8,18.4,97.5,56.6,normal,85.3,0
TX069,8.6,19.1,0.788,56.3,71.3,0.012,3.14,138.3,59.4,188.6,71.8,69.3,3.63,453.1,21.1,90.7,65.5,T1,74.3,1
TX069,8.6,7.4,0.831,46.2,62.6,0.004,-1.07,147.8,6.5,2.5,4.4,4.3,2.08,403.0,19.8,82.7,52.8,normal,85.0,0
TX070,34.1,34.0,0.609,64.3,74.3,0.018,-0.1,102.2,25.6,15.5,14.2,8.3,0.93,984.4,31.2,100.6,47.6,normal,72.6,1
TX070,34.1,20.7,0.848,60.1,77.0,0.025,0.87,136.2,17.3,24.1,6.9,5.7,0.64,1007.6,29.1,31.9,54.7,normal,77.2,1
TX070,34.1,33.7,0.715,68.1,81.0,0.04,1.69,123.0,449.4,626.2,94.2,1672.2,119.76,1254.6,31.4,152.5,34.5,T3,37.7,3
TX071,37.3,11.8,0.995,56.6,78.4,0.03,-0.13,171.8,21.0,8.3,11.3,8.6,0.32,1238.7,27.2,61.3,48.3,normal,75.2,1
TX071,37.3,32.5,0.975,76.6,97.7,0.272,0.3,176.2,2828.0,598.6,189.2,1289.3,1383.41,1148.8,32.2,510.8,41.4,D2,42.4,3
TX072,30.7,31.0,0.459,55.1,61.4,0.003,0.04,80.2,18.7,13.8,14.6,9.7,0.89,1070.6,26.1,37.5,44.8,normal,75.9,1
TX072,30.7,21.5,0.731,56.5,69.8,0.01,0.56,128.5,235.7,192.5,49.5,1004.2,48.68,1310.0,31.8,38.2,36.6,T3,50.5,3
TX073,26.4,27.8,0.945,70.8,90.9,0.128,0.47,160.8,12.7,9.6,3.1,3.6,0.47,814.5,24.2,9.3,49.8,normal,83.5,1
TX073,26.4,21.5,0.841,60.6,77.3,0.026,-2.12,145.9,326.5,716.3,278.0,130.3,9.64,1269.3,28.4,37.0,42.3,T1,46.8,3
TX073,26.4,18.0,0.765,54.3,68.7,0.009,1.28,136.3,1003.8,278.8,72.4,167.6,655.14,809.7,21.3,276.0,39.1,D1,49.1,3
TX073,26.4,21.7,0.408,43.6,48.9,0.001,1.09,71.4,15.1,13.5,13.4,3.3,2.09,769.9,18.5,145.0,53.7,normal,80.2,1
TX074,4.8,14.0,0.793,51.4,66.6,0.007,0.83,140.4,7.6,7.0,3.9,4.9,0.15,333.3,15.9,322.7,55.0,normal,84.8,1
TX074,4.8,40.9,0.939,83.7,103.5,0.511,4.24,174.0,0.9,8.4,2.6,2.4,1.84,391.0,9.0,36.9,60.4,normal,91.4,0
TX074,4.8,24.6,0.705,58.6,71.2,0.012,1.59,128.8,11.4,3.3,2.4,4.3,0.69,340.3,5.3,175.1,63.4,normal,88.3,0
TX075,12.5,22.0,0.934,64.6,84.3,0.06,2.06,155.9,11.9,1.5,1.2,0.2,1.0,730.8,21.3,121.7,46.9,normal,81.1,1
TX075,12.5,33.9,0.89,74.9,93.1,0.164,2.88,159.9,4.4,9.1,1.6,2.8,2.02,546.8,13.9,89.0,60.8,normal,86.3,0
TX076,33.8,21.9,0.538,49.3,57.4,0.002,-0.54,97.8,14.3,12.1,12.8,12.4,0.39,1190.0,31.9,0.0,45.6,normal,72.3,1
TX076,33.8,13.3,0.812,51.4,67.2,0.007,0.78,140.9,38.3,12.8,14.0,9.0,1.25,1145.6,22.0,95.6,43.6,normal,74.0,1
TX077,25.2,29.9,0.635,61.2,71.8,0.013,3.43,110.4,18.7,9.4,2.0,2.4,2.91,911.0,17.6,41.6,42.9,normal,79.3,1
TX077,25.2,12.0,0.968,55.8,76.7,0.024,3.53,174.6,1155.7,262.0,30.4,30.9,8.61,862.5,28.4,308.8,43.4,PD,50.4,3
TX078,13.2,32.3,0.729,67.3,80.6,0.038,3.69,130.4,369.4,145.3,48.4,114.0,444.71,572.6,14.5,1094.6,50.3,D1,61.1,2
TX078,13.2,30.5,0.937,73.2,93.1,0.163,4.52,164.4,105.3,227.9,135.7,25.8,4.84,740.1,21.7,70.7,44.6,T1,68.4,2
TX078,13.2,26.8,1.186,78.4,107.3,0.757,5.48,205.0,6.2,7.8,3.1,2.1,0.16,683.6,23.4,34.6,58.3,normal,84.4,1
TX079,14.7,11.5,1.072,59.1,83.6,0.055,-1.02,177.1,946.5,183.7,11.4,32.8,7.66,599.5,23.8,0.0,45.4,PD,55.2,2
TX079,14.7,34.7,0.64,66.2,77.0,0.025,-2.04,116.1,14.6,6.5,7.5,2.0,1.15,697.7,16.8,46.5,65.5,normal,85.9,0
TX079,14.7,30.5,1.018,76.2,98.8,0.308,3.66,177.7,8.9,7.0,5.7,0.2,0.17,723.3,18.1,15.1,48.6,normal,87.1,0
TX080,14.1,20.5,1.053,67.4,91.3,0.134,-2.0,184.4,12.5,13.0,7.0,6.0,1.38,642.4,18.1,172.0,54.5,normal,82.8,1
TX080,14.1,27.6,0.694,61.2,73.5,0.016,1.25,114.4,14.0,6.7,0.5,3.7,1.5,430.2,17.3,65.1,58.1,normal,85.2,0
TX080,14.1,41.8,0.571,70.5,79.5,0.034,-2.67,101.1,15.7,4.6,6.4,1.9,1.13,598.6,15.0,54.3,50.4,normal,86.5,0
TX081,48.0,12.1,1.037,58.4,81.7,0.044,1.15,180.1,530.6,829.3,383.3,2621.1,78.15,1852.0,39.6,26.0,25.0,T3,28.2,3
TX081,48.0,21.5,0.874,61.9,79.6,0.034,0.1,156.2,601.8,1067.7,576.7,1036.8,23.74,1833.2,43.1,54.8,33.8,T2,35.3,3
TX081,48.0,32.2,0.76,68.3,82.5,0.048,0.16,131.2,47.3,20.3,19.7,10.6,1.04,1401.8,38.2,34.6,54.6,normal,70.4,1
TX082,15.5,9.7,0.628,40.7,51.2,0.001,-1.39,109.4,3.0,10.4,16.8,2.9,2.38,702.7,14.6,36.9,61.5,normal,87.1,0
TX082,15.5,22.0,0.681,55.0,66.9,0.007,2.57,122.4,11.8,2.6,8.0,1.1,0.44,690.1,18.7,43.0,58.0,normal,85.3,0
TX082,15.5,32.3,0.93,74.8,94.4,0.19,-4.15,164.6,10.4,2.3,8.0,5.4,1.99,537.5,13.9,42.8,57.3,normal,87.1,0
TX083,6.3,21.0,0.789,58.2,73.3,0.016,-2.32,141.5,1712.0,138.7,29.4,38.5,4.65,448.1,14.5,295.5,46.3,PD,53.5,2
TX083,6.3,21.1,0.63,52.2,62.7,0.004,-0.67,108.6,7.0,5.7,6.8,3.6,1.13,397.4,12.1,54.3,61.2,normal,89.5,0
TX083,6.3,34.3,0.634,65.6,76.2,0.023,-0.56,113.7,7.7,5.3,8.4,1.7,1.65,494.0,12.2,35.7,58.1,normal,90.3,0
TX084,22.7,43.3,0.744,78.8,92.5,0.154,0.65,137.5,11.4,17.2,9.7,6.9,0.12,781.5,20.8,42.3,44.9,normal,79.8,1
TX084,22.7,48.7,0.953,92.0,112.3,1.269,-0.9,168.8,167.1,691.1,317.1,103.4,7.97,1113.1,19.9,45.3,37.2,T1,49.6,3
TX084,22.7,30.4,0.543,58.0,66.3,0.006,-1.08,91.6,28.7,1.8,3.8,6.4,3.02,838.5,23.7,21.9,51.9,normal,82.5,1
TX085,9.5,12.3,0.839,51.4,68.0,0.008,-1.6,141.5,67.6,276.2,103.9,331.2,3.23,614.4,13.1,37.5,51.4,T2,73.1,1
TX085,9.5,2.9,0.569,31.6,40.5,0.0,-0.51,94.7,12.7,0.3,0.6,7.3,0.8,495.2,16.8,15.5,61.0,normal,89.4,0
TX086,48.0,10.5,1.051,57.3,81.1,0.041,0.71,182.1,59.5,14.9,6.7,1.0,0.2,1439.5,32.8,59.3,41.5,normal,66.9,2
TX086,48.0,32.0,0.938,74.7,94.6,0.194,2.64,166.5,160.2,365.9,262.6,569.5,28.72,1674.8,43.3,52.1,37.1,T2,42.2,3
TX087,20.9,21.3,0.612,51.7,61.7,0.004,-0.15,105.9,20.8,15.4,7.8,8.9,2.85,758.2,20.3,238.7,49.0,normal,78.8,1
TX087,20.9,17.2,0.977,61.3,82.5,0.048,-2.3,167.7,181.6,416.6,610.1,280.4,12.06,1037.5,25.8,22.4,39.1,T1,50.2,3
TX088,11.1,39.3,0.646,71.0,82.0,0.045,-1.77,111.0,12.1,7.5,4.5,5.1,1.43,538.4,14.1,17.3,,normal,89.7,0
TX088,11.1,28.0,1.019,73.7,96.3,0.235,-1.43,171.7,6.0,7.4,1.9,2.4,0.87,563.1,12.4,37.9,62.1,normal,89.0,0
TX089,23.0,44.1,1.066,91.5,115.9,1.807,0.38,185.9,14.9,8.7,10.6,2.4,2.23,849.3,22.6,150.3,55.1,normal,76.7,1
TX089,23.0,24.0,0.819,62.4,78.4,0.03,-2.69,141.4,1208.8,187.0,50.1,302.4,656.91,758.8,30.8,906.8,40.9,D1,40.8,3
TX089,23.0,29.4,0.635,60.6,71.3,0.012,-2.12,110.6,18.3,21.1,8.5,2.9,0.06,825.1,21.0,16.4,51.5,normal,84.3,1
TX089,23.0,18.9,0.745,54.4,68.2,0.008,1.3,129.9,17.6,14.7,8.1,6.4,0.53,868.3,23.1,74.1,56.0,normal,80.5,1
TX090,22.9,16.6,0.765,52.9,67.2,0.007,-1.06,132.3,172.2,103.0,188.1,481.3,11.79,1125.8,20.4,7.2,42.1,T2,62.4,2
TX090,22.9,34.0,0.952,77.2,97.6,0.269,0.14,162.8,17.6,8.4,13.0,5.1,0.98,659.8,19.8,221.5,55.5,normal,79.7,1
TX090,22.9,29.0,0.427,51.8,57.4,0.002,1.71,69.3,21.0,14.3,10.4,4.4,1.25,829.7,18.5,35.2,61.0,normal,83.8,1
TX090,22.9,37.2,0.786,74.3,89.3,0.107,-1.61,134.9,21.1,13.0,5.7,6.9,0.96,759.5,26.1,27.4,56.6,normal,81.2,1
TX091,28.9,30.7,0.762,66.9,81.2,0.041,-1.34,138.9,28.8,10.5,9.2,2.7,2.07,902.6,26.3,21.5,48.6,normal,79.4,1
TX091,28.9,14.9,0.841,54.1,70.8,0.011,-3.81,145.4,19.2,31.5,11.6,4.8,2.73,805.9,25.3,41.5,59.0,normal,79.0,1
TX091,28.9,17.8,0.668,50.4,62.0,0.004,0.67,112.9,923.1,383.0,112.8,380.1,410.12,852.1,31.1,426.7,36.2,D1,43.6,3
TX092,11.2,29.5,0.795,66.9,82.1,0.046,-3.12,148.9,6.9,2.5,3.7,4.2,-1.0,321.9,12.0,47.6,63.0,normal,88.8,0
TX092,11.2,20.7,0.634,52.0,62.6,0.004,-4.49,112.1,561.6,141.2,42.9,156.8,194.44,625.9,14.7,119.2,54.0,D1,66.6,2
TX093,12.8,43.1,1.058,90.2,114.2,1.534,-0.26,192.8,10.2,7.0,8.8,6.4,0.31,555.6,17.2,41.0,59.0,normal,84.7,1
TX093,12.8,28.3,1.124,77.7,104.2,0.549,-1.47,202.0,9.5,13.1,7.6,12.1,1.65,490.5,17.7,176.2,58.2,normal,83.1,1
TX093,12.8,36.7,1.026,82.6,105.5,0.629,0.49,179.4,433.5,141.5,45.6,263.2,657.32,555.3,15.0,186.5,47.4,D2,64.8,2
TX094,22.5,28.3,0.413,50.5,55.8,0.002,1.91,70.8,99.2,272.8,29.7,1054.1,40.7,887.9,24.9,32.5,54.0,T3,63.9,2
TX094,22.5,34.4,0.743,69.9,83.6,0.055,-2.11,135.6,100.0,256.8,229.3,818.8,14.88,955.9,28.2,34.5,45.1,T2,56.8,2
TX094,22.5,31.2,0.687,64.5,76.6,0.024,2.82,120.5,14.0,18.4,5.4,2.9,0.13,842.8,19.6,24.5,44.0,normal,80.9,1
TX095,25.3,39.1,0.742,74.6,88.2,0.094,-5.23,131.2,15.0,16.7,5.9,3.5,0.38,877.8,24.0,56.9,61.1,normal,80.2,1
TX095,25.3,26.2,0.774,62.9,77.5,0.026,-2.05,133.7,914.9,359.8,75.5,253.4,1687.52,813.4,28.5,684.5,,D1,41.5,3
TX096,33.3,37.8,0.984,82.2,103.6,0.516,-1.07,169.4,399.1,544.6,401.2,803.8,24.13,1333.4,24.6,42.5,44.5,T2,51.6,3
TX096,33.3,27.7,0.884,68.4,86.5,0.077,4.3,156.3,1567.4,330.1,173.1,341.6,992.41,1018.2,38.5,677.7,,D1,29.3,3
TX096,33.3,4.3,0.974,48.4,69.5,0.01,-4.85,162.7,2694.5,342.5,74.3,66.0,3.94,1032.6,28.7,1318.9,46.9,PD,43.4,3
TX096,33.3,19.7,0.515,46.2,53.8,0.001,3.51,90.6,40.5,15.6,13.9,4.2,1.65,1051.5,26.2,14.4,50.1,normal,79.8,1
TX097,36.9,24.6,0.687,57.9,70.0,0.01,0.54,120.0,1031.5,286.6,153.5,526.7,1082.5,1318.4,35.6,544.0,41.8,D1,37.3,3
TX097,36.9,30.7,0.63,61.8,72.3,0.014,-1.53,106.9,1613.4,187.6,82.2,42.3,11.2,1301.3,37.7,174.7,43.5,PD,45.5,3
TX097,36.9,22.3,0.481,47.4,54.2,0.001,-2.12,85.0,953.2,136.7,114.9,437.7,1431.75,1255.4,31.5,182.0,43.6,D1,47.8,3
TX097,36.9,23.7,0.576,52.6,61.7,0.004,0.89,102.6,25.8,7.9,14.8,7.5,2.83,1179.7,26.2,17.6,44.2,normal,75.5,1
TX098,48.0,25.9,0.856,65.7,82.8,0.05,0.66,146.5,30.3,26.9,11.3,13.8,1.54,1466.9,34.1,25.4,52.5,normal,72.7,1
TX098,48.0,28.6,0.832,67.4,83.8,0.056,3.73,140.9,188.7,656.5,296.1,701.3,16.06,1629.4,38.8,28.7,37.0,T2,46.0,3
TX099,25.0,15.9,0.633,47.1,57.7,0.002,-2.88,113.4,10.9,12.6,2.9,3.9,3.13,892.0,20.8,96.2,43.3,normal,76.6,1
TX099,25.0,38.4,0.93,80.9,100.5,0.368,1.78,162.0,10.6,6.2,11.9,4.6,0.09,984.9,19.8,87.8,,normal,81.3,1
TX100,17.3,14.5,0.844,53.8,70.5,0.011,0.64,155.6,13.2,8.7,11.0,0.8,0.1,686.1,15.7,85.0,61.4,normal,84.7,1
TX100,17.3,15.8,0.84,54.9,71.6,0.013,2.73,147.6,751.8,229.5,55.4,29.3,0.24,582.1,25.6,89.5,47.1,PD,55.9,2
TX100,17.3,17.8,0.852,57.4,74.4,0.018,-0.5,151.3,194.3,426.0,154.4,397.2,12.04,702.7,,56.2,46.2,T2,60.9,2
TX101,21.4,15.9,0.869,56.1,73.7,0.017,1.67,150.5,1937.4,485.4,74.3,51.7,16.59,810.0,24.4,616.1,29.3,PD,36.7,3
TX101,21.4,25.3,1.038,71.7,95.0,0.203,-0.64,185.7,14.2,12.0,10.3,9.6,2.42,736.1,24.2,53.2,60.1,normal,80.9,1
TX101,21.4,20.8,0.846,60.1,77.0,0.025,2.85,143.0,24.5,18.8,11.3,5.0,0.24,827.5,20.3,21.5,53.3,normal,84.3,1
TX102,15.9,18.0,0.67,50.7,62.3,0.004,4.05,118.6,23.1,3.7,2.9,11.7,1.2,535.1,17.6,81.4,55.2,normal,84.0,1
TX102,15.9,31.1,0.64,62.6,73.4,0.016,-1.04,110.0,7.2,0.7,0.8,1.4,1.61,662.9,13.0,21.7,39.1,normal,82.8,1
TX103,40.8,23.8,0.772,60.4,74.9,0.019,0.32,134.7,18.2,15.8,8.9,8.8,0.14,1195.2,35.4,32.9,45.8,normal,70.8,1
TX103,40.8,15.5,0.455,39.5,45.7,0.0,-5.63,78.6,1127.7,237.8,31.8,56.2,10.55,1397.6,37.1,184.8,49.2,PD,50.8,3
TX103,40.8,35.9,0.856,75.6,92.8,0.159,-2.82,143.1,2265.8,189.7,36.2,63.5,10.42,1224.1,32.6,277.1,34.9,PD,41.3,3
TX104,18.2,26.4,0.631,57.5,68.1,0.008,0.59,112.9,13.7,10.3,10.1,4.1,2.01,693.4,22.2,12.7,51.4,normal,85.4,0
TX104,18.2,27.8,0.71,62.0,74.8,0.019,-0.79,125.4,9.4,11.1,8.9,2.7,2.06,613.3,16.7,82.7,62.0,normal,84.0,1
TX104,18.2,23.5,0.709,57.7,70.4,0.011,-4.93,122.6,867.4,173.2,23.4,9.9,5.42,663.3,21.3,1802.7,,PD,55.8,2
TX105,20.1,31.3,0.77,67.8,82.3,0.047,-3.85,138.3,13.8,8.8,7.4,4.4,0.01,766.0,23.1,21.6,46.8,normal,82.0,1
TX105,20.1,28.5,0.494,54.1,61.3,0.003,3.53,89.6,27.5,6.5,8.5,7.3,1.27,694.2,20.8,55.6,67.2,normal,82.5,1
TX105,20.1,15.1,0.992,59.8,81.5,0.043,-2.87,173.2,5.5,16.7,8.6,3.4,0.23,802.2,19.1,24.8,56.5,normal,85.1,0
TX106,20.5,10.0,0.516,36.5,44.1,0.0,0.77,92.6,1956.1,506.2,78.4,15.8,5.06,819.0,27.2,465.8,47.6,PD,46.5,3
TX106,20.5,20.2,0.785,57.2,72.2,0.014,0.15,135.8,19.4,9.4,11.9,3.3,1.82,931.0,17.9,43.0,49.9,normal,84.2,1
TX106,20.5,2.8,1.156,53.3,81.1,0.041,-1.0,200.8,146.5,277.2,44.9,731.1,21.44,1031.4,20.9,28.5,52.2,T3,64.9,2
TX106,20.5,7.0,0.517,33.5,41.2,0.0,0.41,87.7,2.6,4.4,4.5,0.2,0.86,571.7,16.2,59.7,58.8,normal,84.7,1
TX107,7.9,29.7,0.632,60.9,71.4,0.012,-1.16,109.9,84.1,185.6,142.3,119.7,1.21,600.5,22.1,28.7,,T1,70.0,1
TX107,7.9,29.4,0.913,71.2,90.2,0.119,-2.97,154.1,11.1,2.5,4.7,0.5,0.34,620.0,13.7,51.1,52.5,normal,88.7,0
TX107,7.9,20.0,0.967,63.8,84.7,0.063,0.5,177.4,11.4,7.0,1.2,1.4,0.6,369.6,12.2,35.3,60.6,normal,89.9,0
TX108,18.4,16.3,0.762,52.5,66.7,0.007,2.73,136.5,186.1,328.9,95.8,735.5,5.69,864.1,22.4,196.6,49.9,T3,60.3,2
TX108,18.4,19.4,0.761,55.6,69.8,0.01,2.14,131.8,9.7,11.0,8.7,1.2,2.2,707.9,12.2,54.8,53.5,normal,86.6,0
TX108,18.4,25.7,0.517,52.2,59.9,0.003,1.18,89.4,5.6,13.7,12.0,5.3,2.68,793.8,21.9,0.0,,normal,80.1,1
TX109,13.9,30.3,0.589,59.8,69.2,0.009,1.86,106.6,14.2,5.2,5.1,1.6,0.01,751.9,22.2,44.2,57.5,normal,84.2,1
TX109,13.9,23.3,0.416,45.6,51.0,0.001,-1.07,71.3,18.4,15.4,6.4,2.1,1.21,500.4,14.0,53.8,58.9,normal,86.7,0
TX109,13.9,20.3,0.558,48.5,57.2,0.002,1.24,101.0,10.3,8.6,5.4,0.2,1.81,335.3,14.9,49.9,52.6,normal,86.7,0
TX110,13.6,41.1,0.492,66.6,73.7,0.017,0.94,88.9,14.3,8.7,6.9,2.3,1.55,432.0,16.2,28.0,53.1,normal,87.4,0
TX110,13.6,31.0,0.79,68.3,83.4,0.054,-1.79,139.5,7.1,6.2,4.9,1.7,0.92,593.6,10.1,60.6,47.6,normal,87.2,0
TX110,13.6,39.1,0.85,78.6,95.6,0.216,-0.94,137.1,116.8,233.7,207.0,66.8,8.69,745.9,25.7,21.7,46.6,T1,65.6,2
TX110,13.6,22.5,0.945,65.5,85.6,0.069,-3.63,159.8,1.6,11.7,8.8,7.0,0.16,663.7,10.6,26.2,59.5,normal,90.0,0
TX111,20.2,7.7,0.355,27.4,31.5,0.0,0.07,62.0,24.8,13.6,3.5,4.7,1.95,783.6,20.7,27.0,58.4,normal,83.9,1
TX111,20.2,20.5,0.795,57.9,73.2,0.015,-1.49,144.1,15.9,4.5,11.1,1.7,0.04,719.3,21.6,84.0,42.3,normal,77.4,1
TX112,15.5,35.1,0.788,72.3,87.4,0.085,2.87,133.8,15.5,8.1,9.6,2.0,1.3,566.5,17.9,74.0,53.9,normal,84.3,1
TX112,15.5,11.1,1.186,62.7,91.6,0.138,-2.25,202.1,14.8,9.8,1.6,3.9,1.07,601.2,21.8,23.2,66.6,normal,85.0,0
TX113,42.3,32.0,0.704,66.0,78.5,0.03,-0.44,120.6,1487.7,305.8,50.6,33.0,9.1,1390.2,42.0,702.3,41.2,PD,40.6,3
TX113,42.3,21.0,0.763,57.3,71.6,0.013,-3.01,131.4,257.2,1163.1,661.7,379.7,14.48,1564.1,33.3,45.4,35.9,T1,42.5,3
TX113,42.3,18.8,0.874,59.2,76.9,0.025,-2.87,160.4,354.1,36.7,579.2,429.1,4.38,1624.0,44.5,45.1,30.3,T1,35.2,3
TX113,42.3,30.0,0.605,60.1,69.9,0.01,-1.54,99.9,366.7,819.9,207.9,772.7,86.26,1458.6,44.2,23.9,35.7,T3,39.5,3
TX114,10.7,23.2,0.694,56.8,69.0,0.009,-0.13,132.3,5.6,13.6,4.6,8.5,2.39,340.5,12.2,42.6,53.9,normal,88.7,0
TX114,10.7,24.0,0.802,61.7,77.2,0.025,-1.32,139.4,71.1,288.9,240.1,103.6,6.39,852.0,23.2,19.8,50.7,T1,69.5,2
TX114,10.7,13.3,0.45,37.1,43.2,0.0,1.18,77.0,216.3,177.6,86.6,1147.8,22.44,907.8,25.4,33.1,43.2,T3,51.7,3
TX115,13.0,29.4,0.965,73.2,93.9,0.18,1.91,160.9,1.0,12.2,7.2,6.2,0.84,562.3,15.0,36.2,58.0,normal,87.6,0
TX115,13.0,42.4,0.655,74.5,85.6,0.07,2.32,115.1,10.4,3.6,7.0,1.5,0.06,634.3,13.4,80.0,60.1,normal,86.8,0
TX115,13.0,21.9,0.991,66.6,88.3,0.095,-2.73,165.7,13.4,3.6,5.5,7.3,2.93,690.9,19.3,63.3,49.9,normal,84.5,1
TX115,13.0,28.7,0.961,72.3,92.9,0.161,2.44,165.0,14.3,9.0,2.4,3.2,2.14,377.6,19.1,82.9,52.4,normal,84.1,1
TX116,27.0,41.8,0.475,66.6,73.3,0.016,1.06,80.9,2026.6,185.3,79.4,44.3,11.81,838.1,26.1,2221.3,46.5,PD,45.8,3
TX116,27.0,37.2,0.632,68.3,78.9,0.031,0.3,109.6,195.7,599.8,412.8,122.0,4.83,1227.5,32.9,159.1,50.9,T1,52.4,2
TX117,38.0,14.7,0.878,55.3,73.1,0.015,-1.44,149.8,23.6,15.1,18.9,10.7,2.73,1034.2,30.9,15.5,48.4,normal,75.9,1
TX117,38.0,16.7,0.885,57.5,75.6,0.021,0.69,160.2,521.8,1134.1,569.2,1382.2,51.55,1631.6,32.1,84.0,39.1,T2,40.9,3
TX118,22.2,13.3,1.067,60.7,85.1,0.066,-0.13,184.3,162.0,205.0,62.2,853.6,35.92,842.0,23.6,11.6,52.8,T3,66.4,2
TX118,22.2,19.5,0.808,57.4,73.0,0.015,0.68,141.0,30.3,8.5,9.6,11.3,0.55,960.9,21.2,76.1,60.9,normal,81.2,1
TX118,22.2,23.9,0.717,58.4,71.3,0.012,-0.58,121.9,121.5,406.1,215.9,294.5,6.38,965.5,30.0,18.7,53.7,T2,62.8,2
TX118,22.2,9.4,0.614,39.9,50.0,0.001,0.01,108.3,235.3,592.2,281.3,854.2,3.67,1137.6,24.6,17.8,48.7,T2,59.6,2
TX119,35.0,31.0,1.037,77.3,100.7,0.376,-2.64,180.6,1200.5,703.1,250.0,493.4,2641.54,1215.0,32.5,1240.3,32.3,D2,34.7,3
TX119,35.0,30.4,0.655,62.5,73.7,0.017,-1.48,112.5,17.3,14.9,17.4,16.0,2.03,1157.1,23.9,23.3,51.4,normal,79.5,1
TX119,35.0,26.9,0.877,67.4,85.2,0.067,0.35,152.5,23.7,5.9,15.8,6.9,2.4,1065.1,21.8,111.5,46.1,normal,75.2,1
TX120,12.3,29.1,0.409,51.1,56.4,0.002,1.77,74.7,18.0,9.1,8.7,4.8,0.03,444.6,15.2,63.2,51.6,normal,86.5,0
TX120,12.3,32.3,0.721,66.9,80.0,0.036,1.48,124.1,8.8,8.5,4.3,4.1,1.45,460.9,18.3,22.6,60.9,normal,87.3,0
TX120,12.3,36.8,0.941,79.6,99.6,0.336,1.72,166.5,15.5,13.9,3.3,0.8,0.91,517.4,6.4,30.7,55.4,normal,89.9,0
TX121,14.5,17.1,0.681,50.2,62.1,0.004,0.89,119.3,0.1,3.1,3.6,3.9,1.25,550.2,12.1,60.6,56.3,normal,87.6,0
TX121,14.5,35.7,0.472,60.4,67.0,0.007,-1.77,84.7,9.0,5.9,4.8,3.9,2.51,669.5,13.0,70.4,58.9,normal,86.6,0
TX121,14.5,26.0,0.734,61.1,74.5,0.018,1.24,123.9,175.1,201.2,121.0,983.2,35.35,854.2,16.9,9.6,44.2,T3,63.5,2
TX121,14.5,27.3,0.9,68.7,87.3,0.085,1.23,154.6,5.7,7.2,12.2,8.4,1.81,626.8,12.9,40.3,59.1,normal,87.8,0
TX122,18.4,38.6,1.278,93.4,125.9,4.783,-0.76,213.1,317.8,350.4,233.0,923.1,30.54,945.9,25.8,82.4,44.0,T2,42.5,3
TX122,18.4,27.6,0.685,60.9,72.9,0.015,1.72,119.2,210.5,595.3,187.9,1931.0,-1.0,935.1,23.5,30.3,44.6,T3,53.5,2
TX123,11.4,32.4,0.859,72.2,89.5,0.109,0.83,149.9,13.1,7.6,4.8,1.4,0.67,486.8,,70.1,63.6,normal,83.8,1
TX123,11.4,22.1,0.8,59.7,75.1,0.02,-0.23,140.2,11.9,8.2,8.4,1.4,0.86,647.4,18.4,41.7,54.9,normal,86.3,0
TX123,11.4,30.0,0.443,53.4,59.4,0.003,2.06,77.5,86.0,220.6,66.6,276.1,24.77,832.3,10.2,6.5,60.2,T3,76.8,1
TX124,4.2,7.2,0.918,49.3,68.5,0.009,1.71,163.6,179.1,231.9,18.2,308.2,13.74,449.5,16.8,16.5,54.2,T3,67.9,2
TX124,4.2,22.4,0.39,43.6,48.5,0.001,0.7,67.9,5.5,4.1,3.8,2.9,0.51,304.4,12.4,42.1,65.1,normal,90.4,0
TX125,14.1,27.5,0.786,64.6,79.5,0.034,-0.84,133.9,10.6,6.1,4.3,0.8,0.85,607.3,20.1,169.6,53.0,normal,82.3,1
TX125,14.1,8.4,1.087,56.5,81.6,0.043,0.55,187.9,19.9,9.7,3.0,8.6,0.31,562.2,22.5,210.1,59.0,normal,80.6,1
TX126,14.4,29.4,0.784,66.4,81.3,0.042,5.65,131.0,6.8,8.4,9.8,4.9,0.51,522.3,20.4,58.8,39.9,normal,78.5,1
TX126,14.4,33.3,0.874,73.7,91.5,0.137,-2.94,143.1,77.8,234.7,136.1,131.5,3.46,724.6,12.3,100.5,49.4,T1,74.8,1
TX126,14.4,21.0,0.408,43.0,48.2,0.001,1.91,67.6,192.5,509.5,121.4,193.1,9.87,987.1,25.1,64.8,50.1,T1,57.0,2
TX126,14.4,17.4,0.754,53.3,67.3,0.007,-7.5,141.5,14.6,8.7,10.2,6.9,1.13,615.5,13.5,56.4,54.6,normal,86.8,0
TX127,26.7,20.9,0.807,58.8,74.4,0.018,0.7,141.6,15.4,20.3,9.1,6.3,2.34,967.9,23.5,266.0,55.5,normal,76.7,1
TX127,26.7,21.5,0.473,46.2,52.8,0.001,0.06,81.6,207.9,654.1,388.3,1575.5,29.96,1172.5,27.6,99.0,46.7,T2,48.5,3
TX127,26.7,15.1,0.858,54.9,72.1,0.014,-0.83,145.9,37.2,12.6,6.0,7.2,0.38,789.8,26.5,36.2,55.6,normal,79.4,1
TX128,18.6,28.2,0.894,69.4,87.8,0.089,0.32,155.6,20.4,12.3,5.7,5.2,0.14,743.8,20.6,17.7,51.7,normal,85.3,0
TX128,18.6,28.6,0.973,72.6,93.7,0.175,2.04,166.3,31.0,7.1,5.2,1.1,0.63,722.5,16.0,11.3,52.7,normal,88.0,0
TX128,18.6,11.2,0.664,43.6,55.0,0.001,2.22,119.9,13.0,8.8,9.3,8.7,1.47,790.9,25.0,43.9,56.5,normal,81.8,1
TX129,27.8,21.5,0.936,64.2,84.0,0.058,-0.63,170.3,19.6,18.1,16.2,10.1,2.36,849.4,26.2,14.2,46.5,normal,79.2,1
TX129,27.8,42.2,0.815,80.4,96.3,0.233,2.49,141.2,39.6,12.8,10.0,1.5,2.21,897.5,21.7,101.2,55.9,normal,79.0,1
TX129,27.8,38.0,0.854,77.6,94.7,0.196,1.27,156.9,2186.1,548.6,121.0,673.3,1861.17,1122.6,36.1,718.4,39.1,D1,36.2,3
TX129,27.8,21.0,0.748,56.7,70.5,0.011,1.26,130.2,132.2,456.6,132.4,367.3,5.12,1108.9,31.8,51.9,54.6,T2,59.6,2
TX130,26.3,28.1,0.721,62.7,75.8,0.021,0.38,128.2,17.0,20.4,22.1,1.6,1.67,816.5,23.0,68.1,54.7,normal,79.8,1
TX130,26.3,21.8,0.776,58.5,73.2,0.016,-6.11,140.8,6.6,5.2,4.2,8.3,0.78,957.6,16.1,71.6,42.8,normal,78.8,1
TX131,6.4,3.5,0.919,45.6,64.8,0.005,-3.09,168.5,312.2,141.5,24.3,18.6,1.7,457.0,12.4,515.1,56.8,PD,66.2,2
TX131,6.4,16.8,0.763,53.1,67.3,0.007,-1.24,131.3,108.5,394.8,219.3,92.1,3.75,662.3,23.3,34.1,50.7,T1,65.4,2
TX131,6.4,17.2,1.08,65.1,90.0,0.115,2.03,190.3,7.2,7.0,3.0,3.7,0.09,343.4,13.3,10.2,56.6,normal,92.4,0
TX131,6.4,15.3,0.486,40.6,47.5,0.0,1.2,82.5,9.0,9.8,4.6,0.8,0.51,382.0,16.0,5.6,62.1,normal,92.4,0
TX132,8.6,24.4,0.606,54.6,64.5,0.005,-2.94,107.7,41.6,197.8,34.0,249.2,4.07,547.7,9.2,69.1,54.0,T2,77.3,1
TX132,8.6,18.2,0.951,61.4,81.7,0.044,-1.78,170.2,0.8,6.7,9.5,6.3,0.79,416.3,11.2,65.8,56.6,normal,89.0,0
TX132,8.6,23.4,0.511,49.7,57.3,0.002,-2.63,94.8,3.1,8.1,4.4,4.9,0.65,518.2,13.1,34.0,54.5,normal,89.6,0
TX132,8.6,29.8,0.673,62.6,74.2,0.018,1.42,120.2,4.4,4.8,8.0,1.5,1.17,457.4,,0.0,66.3,normal,87.5,0
TX133,10.3,12.0,0.939,54.8,74.7,0.019,0.8,158.9,11.6,6.4,3.2,8.2,1.2,672.4,8.9,9.6,53.3,normal,92.7,0
TX133,10.3,11.6,0.935,54.3,74.1,0.017,2.18,159.6,13.6,12.5,2.9,3.6,1.82,457.6,12.6,91.7,59.7,normal,87.1,0
TX133,10.3,23.6,0.715,58.0,70.9,0.012,-0.6,124.3,6.7,4.1,10.6,3.8,0.48,464.1,24.4,27.2,63.9,normal,85.1,0
TX134,21.7,12.2,0.554,40.2,48.8,0.001,1.08,100.8,13.1,7.8,16.7,8.1,1.85,761.5,19.8,77.8,45.0,normal,79.2,1
TX134,21.7,22.7,0.814,60.9,76.7,0.024,0.78,150.8,22.7,2.8,11.4,4.9,1.37,597.7,20.4,145.3,59.5,normal,80.5,1
TX134,21.7,19.4,0.644,51.0,61.9,0.004,-0.78,109.3,330.6,489.1,82.8,311.1,579.97,766.9,34.8,0.0,52.4,D1,46.7,3
TX134,21.7,26.6,0.653,58.6,69.7,0.01,-4.06,113.1,17.0,7.6,15.1,6.7,1.41,545.3,20.7,113.9,62.6,normal,80.9,1
TX135,10.0,17.1,0.787,54.2,69.2,0.009,0.15,144.8,2.6,2.2,5.1,5.1,2.84,445.0,18.5,52.8,50.3,normal,86.1,0
TX135,10.0,22.5,0.951,65.7,86.0,0.073,-1.83,167.1,3.6,5.2,3.6,2.6,1.53,529.2,11.5,127.7,58.2,normal,87.2,0
TX135,10.0,23.4,0.454,47.4,53.6,0.001,-0.63,79.4,16.8,3.3,8.2,1.4,0.78,588.5,18.5,76.7,58.6,normal,85.4,0
TX136,14.0,21.2,0.784,58.2,73.1,0.015,-0.22,144.7,16.4,7.4,5.0,3.6,-1.0,523.6,16.2,82.4,55.8,normal,85.1,0
TX136,14.0,21.9,0.746,57.4,71.2,0.012,-1.88,128.6,4.9,3.2,4.2,6.7,0.19,539.6,21.6,108.4,63.5,normal,82.7,1
TX136,14.0,30.5,0.981,74.8,96.1,0.23,-0.71,168.4,1105.6,228.5,61.0,16.9,7.64,482.9,19.3,1092.1,43.1,PD,48.4,3
TX137,20.7,34.2,0.764,70.5,84.8,0.063,2.14,125.1,14.5,11.3,0.5,6.4,5.3,747.5,19.9,142.4,56.4,normal,80.6,1
TX137,20.7,47.1,0.904,88.7,107.4,0.766,0.23,155.6,8.0,10.9,2.6,8.6,1.22,765.3,17.0,127.4,49.9,normal,82.4,1
TX137,20.7,7.2,0.53,34.2,42.2,0.0,-3.88,91.7,16.7,14.1,5.6,9.6,0.83,737.2,16.1,195.4,57.6,normal,81.8,1
TX137,20.7,11.0,0.893,52.1,70.5,0.011,-3.02,155.1,24.2,9.9,10.2,10.2,3.45,753.0,18.3,89.2,48.1,normal,81.1,1
TX138,21.3,22.9,0.693,56.5,68.7,0.009,-3.0,125.8,23.2,10.9,14.1,5.4,0.08,612.4,14.2,58.7,43.3,normal,81.1,1
TX138,21.3,21.8,0.611,52.2,62.2,0.004,-1.8,113.6,20.5,5.9,4.0,8.6,0.89,751.8,23.3,58.8,52.5,normal,81.3,1
TX138,21.3,38.0,0.742,73.5,87.1,0.083,-0.76,136.6,21.8,13.2,12.9,2.2,2.05,939.1,19.7,31.2,52.6,normal,83.8,1
TX139,11.3,29.6,1.204,81.8,111.4,1.158,-1.97,215.3,8.4,6.9,3.2,3.6,2.57,576.3,16.5,34.2,56.6,normal,86.7,0
TX139,11.3,28.6,1.195,80.5,109.7,0.974,-0.56,216.4,18.3,1.0,3.6,4.3,0.1,388.7,,171.9,56.9,normal,84.2,1
TX140,9.5,15.4,0.785,52.5,67.4,0.007,-2.21,136.0,3.2,5.2,7.5,1.8,0.19,366.6,11.7,47.4,66.5,normal,89.4,0
TX140,9.5,14.9,1.052,61.7,85.6,0.07,2.12,177.9,9.1,12.4,4.6,2.8,1.2,227.7,15.1,127.3,57.5,normal,85.8,0
TX140,9.5,9.2,1.028,55.2,78.2,0.029,1.72,187.6,8.5,2.7,5.5,2.4,2.6,498.9,15.1,96.7,62.2,normal,86.3,0
TX141,27.3,23.2,0.787,60.3,75.3,0.02,-0.05,134.9,33.3,20.5,9.7,4.3,2.78,1001.3,25.3,56.8,48.1,normal,77.6,1
TX141,27.3,32.1,1.038,78.5,101.8,0.426,1.56,183.0,1741.9,437.4,193.2,1012.2,1158.36,989.8,30.4,1950.4,53.9,D2,45.2,3
TX141,27.3,16.1,0.77,52.7,67.2,0.007,-0.15,134.7,190.6,169.4,59.3,241.0,454.89,898.6,34.1,276.4,48.2,D1,51.9,3
TX142,13.1,14.1,0.771,50.7,65.2,0.006,1.67,135.7,12.3,0.6,5.7,5.8,0.95,761.6,21.2,319.5,63.3,normal,80.8,1
TX142,13.1,19.0,0.802,56.7,72.1,0.014,-1.94,142.0,8.2,8.6,3.6,1.7,0.89,548.5,8.5,20.2,48.8,normal,90.1,0
TX142,13.1,33.6,0.931,76.1,95.7,0.218,-0.67,168.5,17.5,9.4,6.6,6.4,1.69,594.8,21.3,36.7,44.4,normal,81.6,1
TX143,41.7,21.9,0.716,56.4,69.3,0.009,-2.11,125.4,176.3,1034.9,522.2,1437.1,22.07,1547.7,36.8,6.2,44.2,T2,49.5,3
TX143,41.7,18.1,0.793,55.5,70.6,0.011,1.3,143.6,338.3,642.0,433.4,219.3,11.58,1360.1,38.0,108.8,34.6,T1,39.3,3
TX143,41.7,20.7,0.532,47.8,55.8,0.002,1.08,87.6,19.9,25.2,22.7,3.4,0.22,1296.2,34.3,14.7,34.5,normal,66.3,2
TX143,41.7,25.5,0.863,65.5,82.8,0.05,2.67,148.3,25.9,13.9,18.8,9.4,0.54,1306.4,33.4,78.0,51.8,normal,71.9,1
TX144,15.1,35.4,0.957,78.8,99.3,0.325,-5.5,162.0,11.1,10.3,7.2,5.9,1.87,600.4,17.1,29.0,58.3,normal,86.5,0
TX144,15.1,24.6,1.117,73.7,100.0,0.349,-1.56,194.8,16.2,8.0,6.3,6.9,0.68,600.9,,59.2,62.3,normal,86.8,0
TX144,15.1,21.7,0.673,54.5,66.2,0.006,1.65,120.3,9.0,9.1,5.1,2.6,1.86,620.5,16.6,51.7,53.6,normal,85.7,0
TX144,15.1,21.8,0.667,54.4,65.9,0.006,-1.84,112.8,6.8,5.3,6.5,1.7,-1.0,526.6,10.7,32.3,59.3,normal,89.2,0
TX145,25.0,22.1,0.994,66.9,88.7,0.099,-0.25,169.3,4.5,21.1,20.2,3.5,0.21,804.2,21.7,79.4,48.7,normal,79.9,1
TX145,25.0,28.6,0.543,56.3,64.5,0.005,-3.05,93.9,5.8,21.2,6.2,5.0,0.28,918.2,29.8,15.5,53.7,normal,80.6,1
TX145,25.0,14.2,1.079,62.0,86.9,0.081,-0.72,194.1,247.0,348.2,320.1,72.8,8.59,994.1,21.8,32.5,44.2,T1,61.8,2
TX146,13.0,14.9,0.78,51.7,66.5,0.007,-2.52,134.7,9.0,5.7,8.6,7.5,2.11,520.9,16.9,22.5,52.3,normal,87.7,0
TX146,13.0,6.8,0.771,43.3,57.8,0.002,-3.8,138.6,19.8,11.3,3.8,0.2,0.96,348.8,20.6,162.2,55.1,normal,82.2,1
TX147,19.1,40.1,0.982,84.4,105.8,0.645,1.45,171.7,219.7,416.8,168.9,1173.9,13.38,1195.6,28.5,36.3,44.7,T2,50.5,3
TX147,19.1,30.3,0.751,66.1,80.0,0.036,-0.85,130.3,9.8,11.7,7.3,6.0,0.43,608.5,26.5,83.5,61.1,normal,79.9,1
TX147,19.1,20.8,0.653,52.8,64.0,0.005,2.38,111.7,27.2,8.8,14.6,0.3,1.13,903.7,19.6,19.9,52.1,normal,85.3,0
TX148,19.2,37.8,0.707,71.9,84.5,0.062,0.14,130.8,181.3,176.6,126.9,837.1,42.1,1100.9,24.4,27.1,45.7,T3,54.5,2
TX148,19.2,27.5,0.467,51.9,58.4,0.002,1.71,80.8,25.0,6.9,11.7,4.1,1.28,779.2,17.7,26.5,58.8,normal,85.5,0
TX148,19.2,19.8,0.79,57.1,72.2,0.014,5.16,142.6,8.0,10.1,7.7,2.9,0.21,730.9,17.1,22.3,52.7,normal,86.4,0
TX148,19.2,34.5,0.384,55.5,60.2,0.003,0.76,66.2,1.6,7.2,2.0,3.8,0.63,801.6,15.0,45.5,55.4,normal,85.9,0
TX149,38.5,16.9,0.929,59.3,78.8,0.031,-0.04,156.2,25.1,13.2,16.5,6.5,3.94,945.9,35.3,168.6,50.8,normal,70.1,1
TX149,38.5,24.1,0.579,53.2,62.3,0.004,-1.29,101.7,42.3,30.3,15.6,7.7,1.65,1360.8,,63.0,43.2,normal,69.9,2
TX149,38.5,33.8,0.759,69.9,84.0,0.058,-3.75,131.9,37.3,14.1,12.1,2.8,1.78,1142.8,28.2,49.0,44.7,normal,72.5,1
TX149,38.5,25.5,0.755,61.4,75.4,0.021,0.2,127.3,147.0,510.8,345.7,418.3,13.58,1248.4,37.0,24.8,39.7,T2,48.8,3
TX150,11.1,16.5,0.932,59.0,78.7,0.03,-1.85,161.9,543.2,307.6,98.4,1106.2,1503.68,455.8,24.7,260.8,57.4,D2,53.0,2
TX150,11.1,21.0,0.519,47.6,55.3,0.001,0.45,87.0,17.7,1.2,4.7,5.9,0.16,421.1,9.7,26.5,55.8,normal,90.6,0
TX150,11.1,25.0,0.818,63.4,79.3,0.033,0.79,143.7,17.9,4.8,2.9,1.8,0.09,501.0,11.8,30.4,46.9,normal,87.9,0
TX151,35.6,39.4,1.15,89.7,117.2,2.068,3.79,199.9,1492.1,513.8,122.7,837.1,1506.03,1202.1,29.6,93.1,39.2,D2,44.5,3
TX151,35.6,37.0,0.532,64.1,72.2,0.014,1.17,98.5,873.1,989.2,291.1,4011.9,53.56,1449.8,41.0,66.6,26.7,T3,31.6,3
TX151,35.6,38.5,0.668,71.1,82.6,0.049,0.74,115.9,19.8,6.7,6.0,8.8,1.37,1212.8,25.9,31.1,39.9,normal,72.6,1
TX151,35.6,21.2,0.571,50.0,58.9,0.002,-3.48,99.0,422.8,1090.8,239.5,826.8,21.31,1448.1,32.0,14.6,39.9,T2,45.6,3
TX152,18.4,20.5,0.81,58.5,74.2,0.018,0.09,148.2,10.4,15.3,9.2,2.0,0.44,708.9,24.0,77.0,50.7,normal,81.3,1
TX152,18.4,25.8,0.728,60.7,73.9,0.017,2.42,122.4,17.8,8.0,13.9,4.6,0.36,656.3,14.3,25.3,56.5,normal,87.3,0
TX153,21.5,25.3,0.894,66.4,84.8,0.064,5.74,153.8,244.7,535.5,480.6,192.5,15.61,1084.1,33.8,12.7,49.1,T1,56.0,2
TX153,21.5,24.2,0.992,69.0,90.7,0.125,0.49,178.6,11.6,12.8,7.1,9.9,1.03,864.2,12.2,60.0,51.9,normal,85.6,0
TX154,16.6,29.3,0.713,63.6,76.5,0.023,-1.4,128.0,8.1,9.6,11.4,7.1,0.06,729.2,21.6,27.7,54.1,normal,84.7,1
TX154,16.6,14.6,0.443,38.0,44.0,0.0,-2.92,78.9,18.6,5.9,8.0,7.6,1.81,646.3,17.4,107.1,56.4,normal,83.4,1
TX155,33.1,29.2,0.892,70.3,88.7,0.099,-3.1,159.0,1289.9,937.7,312.8,1529.3,1443.13,1070.2,35.5,689.1,30.2,D2,29.4,3
TX155,33.1,9.2,0.85,48.7,65.7,0.006,-0.93,147.2,22.2,16.7,9.3,3.8,0.82,1032.1,27.3,39.4,47.8,normal,76.5,1
TX155,33.1,17.1,0.668,49.7,61.2,0.003,1.25,120.4,52.6,16.2,4.1,10.0,1.05,1162.4,26.4,138.8,44.9,normal,72.2,1
TX155,33.1,34.9,0.807,72.8,88.4,0.096,0.74,141.3,394.1,786.0,480.4,221.3,10.86,1195.8,31.4,33.6,41.4,T1,49.4,3
TX156,29.5,23.3,0.711,57.5,70.3,0.011,-0.97,125.5,175.8,732.4,354.4,692.4,14.36,1221.0,29.1,57.0,42.4,T2,52.6,2
TX156,29.5,29.4,0.656,61.6,72.8,0.015,-1.26,114.2,26.7,7.3,7.5,4.3,1.34,1077.4,21.3,108.4,45.2,normal,76.3,1
TX156,29.5,30.7,0.888,71.6,89.7,0.112,0.39,153.4,1141.8,336.4,93.5,1197.1,2098.9,923.6,29.9,253.0,40.4,D2,46.2,3
TX156,29.5,20.7,0.763,56.9,71.2,0.012,-2.06,137.2,315.0,816.2,245.6,2996.1,78.36,1271.8,32.8,65.6,31.7,T3,37.6,3
TX157,16.8,34.5,1.113,83.6,109.7,0.969,-2.89,197.3,222.7,812.1,226.3,858.8,9.34,992.3,14.8,62.4,39.9,T2,54.7,2
TX157,16.8,19.5,0.586,48.8,58.2,0.002,0.16,106.2,10.9,4.1,6.5,4.4,0.21,807.7,15.4,21.7,61.4,normal,87.7,0
TX157,16.8,20.2,0.891,61.2,79.5,0.034,-2.24,153.2,16.3,6.0,9.2,9.5,1.03,708.0,20.9,0.0,47.1,normal,81.5,1
TX158,48.0,35.2,0.789,72.5,87.5,0.087,0.85,134.4,1866.5,717.1,112.2,133.4,16.37,1562.6,49.9,770.2,25.0,PD,22.0,3
TX158,48.0,24.4,0.794,61.9,77.1,0.025,-0.62,135.4,640.7,1110.1,564.8,1666.3,42.66,1801.0,44.1,27.0,20.2,T2,28.6,3
TX158,48.0,19.7,0.777,56.4,71.1,0.012,3.05,138.7,292.8,1067.7,387.8,1283.8,1.35,1665.0,47.2,113.3,35.6,T2,34.7,3
TX159,15.8,24.6,1.279,79.4,112.0,1.222,1.47,222.5,11.0,16.1,6.0,7.7,2.96,537.8,15.7,19.0,,normal,86.6,0
TX159,15.8,29.0,0.409,51.0,56.2,0.002,-2.28,71.8,20.7,6.5,8.6,5.7,2.44,620.4,9.2,51.8,55.2,normal,87.9,0
TX159,15.8,11.9,0.914,53.8,72.9,0.015,1.43,163.3,9.8,6.2,4.9,7.4,0.2,637.0,15.9,115.7,57.2,normal,84.3,1
TX160,27.2,17.5,0.567,46.1,54.9,0.001,1.53,99.8,4.5,4.4,8.5,5.6,0.9,935.6,22.3,40.2,55.2,normal,81.4,1
TX160,27.2,23.0,0.631,54.2,64.7,0.005,-3.26,107.4,2927.2,221.1,87.0,69.6,20.15,859.7,31.9,2753.5,38.8,PD,33.4,3
TX160,27.2,18.8,0.25,33.6,36.0,0.0,-0.65,42.1,1657.9,715.6,123.2,969.5,3011.41,770.9,25.6,486.8,38.2,D2,41.0,3
TX161,22.5,11.0,0.879,51.6,69.4,0.01,2.37,154.3,943.2,320.3,144.7,321.5,1386.63,935.2,31.0,170.7,37.1,D1,42.0,3
TX161,22.5,34.6,0.608,64.8,74.7,0.019,-5.14,102.8,13.9,12.7,3.6,4.7,2.09,824.2,26.4,45.2,57.5,normal,80.2,1
TX161,22.5,10.0,0.715,44.4,57.3,0.002,0.26,126.7,19.3,17.3,6.0,3.0,0.25,836.8,20.8,25.7,57.1,normal,83.6,1
TX161,22.5,31.1,0.819,69.4,85.4,0.068,2.11,142.8,285.5,498.6,365.6,298.9,13.74,1041.7,28.7,30.1,30.1,T1,42.6,3
TX162,21.4,28.2,0.972,72.2,93.2,0.166,0.48,167.6,14.8,9.0,2.5,4.2,1.7,611.0,16.4,37.2,59.9,normal,84.9,1
TX162,21.4,32.4,0.346,51.7,55.7,0.002,-2.67,61.0,12.4,9.5,9.1,2.6,2.63,705.2,17.8,88.7,48.5,normal,81.8,1
TX163,21.9,31.1,0.746,66.7,80.5,0.038,0.93,132.8,19.6,2.7,3.0,6.2,1.02,831.7,18.9,32.6,59.6,normal,84.1,1
TX163,21.9,21.1,0.649,53.0,64.0,0.005,-0.87,112.3,6.0,17.4,10.1,6.4,5.35,818.1,15.8,22.7,51.2,normal,85.7,0
TX164,14.6,22.0,0.932,64.5,84.1,0.059,-1.05,164.9,15.2,8.6,8.7,4.1,1.31,667.2,17.7,131.4,54.3,normal,83.5,1
TX164,14.6,18.5,0.618,49.2,59.3,0.003,-1.23,109.7,10.5,5.5,1.0,2.0,0.67,713.4,19.2,70.5,,normal,80.0,1
TX164,14.6,23.8,1.049,70.5,94.3,0.187,-2.61,194.4,166.7,573.1,405.5,172.0,0.15,990.4,,22.8,50.3,T1,60.7,2
TX165,11.7,20.2,0.771,56.8,71.3,0.012,-1.19,138.0,4.2,6.5,1.9,2.3,1.67,546.4,9.5,44.8,61.0,normal,89.5,0
TX165,11.7,13.5,1.15,63.8,91.3,0.134,-0.56,209.5,10.8,6.3,4.1,6.3,0.61,384.5,12.7,80.6,63.4,normal,87.2,0
TX166,29.1,16.5,0.781,53.4,68.2,0.008,-0.1,144.0,23.1,2.9,9.3,5.1,2.09,811.0,23.5,88.1,46.5,normal,76.6,1
TX166,29.1,20.8,0.952,64.1,84.4,0.061,-3.36,166.5,342.3,142.6,72.0,350.8,144.99,1100.7,27.3,45.1,35.2,D1,51.3,3
TX166,29.1,14.0,0.697,47.8,60.1,0.003,-1.53,125.4,2016.0,334.3,47.8,59.0,7.85,898.7,28.4,615.0,45.9,PD,46.0,3
TX166,29.1,33.3,0.659,65.6,76.8,0.024,-4.1,112.7,1271.0,228.9,117.1,397.8,980.9,909.5,30.3,708.5,41.9,D1,41.0,3
TX167,8.0,26.3,0.623,57.1,67.4,0.007,1.44,107.3,10.0,3.8,1.1,4.4,1.45,514.0,11.0,31.9,64.3,normal,90.5,0
TX167,8.0,2.2,0.72,36.8,49.8,0.001,-1.54,123.2,9.3,4.0,9.7,0.1,0.7,347.2,11.2,126.6,63.5,normal,87.9,0
TX168,10.3,11.4,0.519,38.0,45.7,0.0,-0.64,90.4,11.0,8.0,1.5,2.2,2.74,467.4,20.6,21.1,60.6,normal,86.9,0
TX168,10.3,15.3,1.081,63.2,88.1,0.093,-5.43,187.9,5.4,9.9,3.7,3.0,1.08,433.2,16.9,61.2,47.1,normal,84.8,1
TX168,10.3,29.6,0.52,56.3,64.0,0.005,-1.19,85.8,4.4,3.7,5.7,2.1,0.18,515.1,13.5,52.6,60.0,normal,88.3,0
TX168,10.3,15.4,0.664,47.9,59.3,0.003,-0.53,120.0,12.5,11.1,5.0,4.4,2.06,509.1,14.4,30.8,63.5,normal,88.5,0
TX169,19.2,27.1,0.834,66.0,82.5,0.048,-1.0,139.1,1420.9,221.2,46.3,19.5,17.7,699.7,27.8,546.0,42.9,PD,46.6,3
TX169,19.2,20.3,1.014,65.9,88.4,0.096,-3.0,182.1,7.3,6.4,3.9,8.9,1.09,770.1,23.4,17.2,52.6,normal,84.3,1
TX169,19.2,27.5,0.803,65.3,80.8,0.039,1.03,146.4,17.5,11.2,3.8,1.6,1.45,662.9,8.6,21.8,56.6,normal,89.0,0
TX169,19.2,38.3,0.568,66.9,75.8,0.021,2.62,95.8,225.8,694.0,388.4,262.8,7.43,1235.0,34.6,66.3,44.9,T1,47.6,3
TX170,9.3,24.1,0.303,41.4,44.7,0.0,2.74,56.4,8.7,3.2,7.6,5.3,1.09,496.5,8.1,69.9,60.8,normal,89.2,0
TX170,9.3,20.5,0.632,51.7,62.2,0.004,-0.11,110.0,10.4,5.8,4.1,5.4,1.53,367.2,10.0,0.0,56.0,normal,91.6,0
TX171,13.0,33.6,0.741,69.0,82.6,0.049,1.87,129.9,11.5,4.8,5.8,5.4,0.42,603.8,12.9,30.0,60.0,normal,88.9,0
TX171,13.0,13.6,0.485,38.8,45.7,0.0,-1.62,81.5,8.3,1.7,1.1,5.1,0.23,513.9,14.6,142.9,53.2,normal,85.2,0
TX171,13.0,19.3,0.949,62.4,82.7,0.049,-0.58,165.3,284.6,428.7,285.7,217.2,11.19,827.2,19.6,68.3,31.6,T1,44.7,3
TX172,7.1,25.1,0.897,66.3,84.8,0.063,-4.3,165.1,18.2,5.0,7.4,0.6,2.44,372.5,6.5,26.1,58.9,normal,91.4,0
TX172,7.1,9.3,0.96,52.8,73.4,0.016,1.64,168.9,5.3,8.5,2.1,1.3,0.7,457.6,16.0,65.2,58.4,normal,87.5,0
TX172,7.1,11.0,0.9,52.3,70.9,0.012,-0.31,159.1,8.6,3.7,7.9,0.8,-1.0,402.2,14.2,14.0,56.8,normal,91.1,0
TX173,28.2,10.1,1.19,61.9,90.9,0.129,-0.59,212.4,11.1,19.8,5.5,5.4,1.42,878.3,,62.1,49.7,normal,76.4,1
TX173,28.2,18.5,0.933,61.1,80.7,0.039,-0.2,161.4,408.8,563.2,689.5,293.1,9.18,1373.8,32.9,42.9,37.3,T1,40.5,3
TX173,28.2,26.8,0.498,52.6,59.8,0.003,-0.99,87.7,812.7,307.3,201.1,422.4,1731.57,974.5,30.1,1223.5,49.1,D2,48.9,3
TX174,6.2,8.8,0.861,48.8,66.1,0.006,3.3,144.0,0.9,5.2,0.5,0.4,1.95,434.5,17.0,26.2,67.0,normal,89.1,0
TX174,6.2,19.6,0.594,49.2,58.8,0.002,1.85,98.9,10.5,7.7,6.5,2.9,0.36,429.0,13.6,51.9,61.9,normal,89.0,0
TX174,6.2,11.5,0.835,50.5,67.0,0.007,2.42,150.6,14.7,3.3,4.3,4.1,3.05,334.6,13.9,22.7,44.7,normal,87.3,0
TX174,6.2,31.9,0.823,70.4,86.6,0.078,2.81,146.4,10.2,3.8,4.3,0.9,2.12,518.6,17.9,23.1,57.2,normal,88.8,0
TX175,23.8,14.2,0.907,55.8,74.7,0.019,1.36,170.5,27.8,18.8,11.9,0.8,0.67,1032.1,18.6,121.0,51.0,normal,81.0,1
TX175,23.8,15.1,1.025,61.0,83.9,0.057,1.52,179.9,8.8,9.6,8.5,8.7,1.35,880.7,20.5,753.5,57.4,normal,76.8,1
TX175,23.8,18.3,0.737,53.5,67.0,0.007,1.57,133.0,13.7,10.5,16.7,9.3,0.1,730.8,27.5,13.4,51.0,normal,82.1,1
TX176,19.0,28.9,0.558,57.1,65.7,0.006,2.91,100.1,99.0,576.9,366.1,201.9,5.51,907.3,30.2,108.1,37.9,T1,47.2,3
TX176,19.0,16.7,0.738,51.9,65.5,0.006,2.33,131.0,6.6,4.7,10.1,6.4,1.38,775.5,21.3,67.0,61.0,normal,82.5,1
TX177,32.3,28.0,0.907,69.6,88.4,0.097,-0.44,156.0,241.7,300.7,89.4,1639.9,45.17,1111.6,28.9,46.1,34.5,T3,49.6,3
TX177,32.3,43.7,0.995,88.5,110.4,1.037,-2.72,170.6,272.9,427.3,274.1,197.7,7.83,1262.4,30.8,63.2,38.9,T1,45.4,3
TX178,18.5,9.5,0.864,49.5,66.9,0.007,1.24,148.6,18.2,8.3,2.6,9.6,1.42,761.3,20.0,148.6,56.7,normal,81.3,1
TX178,18.5,18.3,0.813,56.4,72.2,0.014,-2.47,142.5,6.4,4.2,7.5,5.5,2.43,746.6,15.9,35.2,60.1,normal,86.0,0
TX178,18.5,35.4,0.78,72.3,87.1,0.083,-2.76,134.0,13.7,11.4,3.4,0.6,0.95,602.8,14.8,65.0,57.8,normal,85.2,0
TX179,12.1,20.2,0.895,61.4,79.8,0.035,-0.94,157.8,4.1,4.2,5.9,4.5,0.07,556.1,16.0,36.6,55.8,normal,87.6,0
TX179,12.1,15.0,0.86,54.9,72.2,0.014,-1.16,156.4,644.0,145.0,36.5,185.4,238.95,651.6,20.2,425.1,47.5,D1,58.3,2
TX179,12.1,25.4,0.895,66.6,85.0,0.065,2.94,151.0,7.3,7.4,6.5,0.7,0.62,529.6,16.2,54.0,56.7,normal,86.7,0
TX180,16.8,34.2,0.719,68.7,81.7,0.044,1.85,122.0,139.9,472.6,480.5,200.6,10.6,974.9,23.5,74.7,43.4,T1,51.5,3
TX180,16.8,22.3,1.093,70.6,96.0,0.225,-1.32,194.6,619.1,280.0,101.9,381.4,1053.81,632.1,20.6,1182.3,45.6,D2,52.9,2
TX180,16.8,11.4,0.884,52.2,70.2,0.011,1.0,156.9,5.1,10.9,4.9,4.1,1.79,667.1,21.9,29.4,50.4,normal,84.3,1
TX180,16.8,42.1,0.886,83.0,101.1,0.394,1.9,149.5,18.0,7.6,0.2,6.1,0.62,705.1,17.4,26.2,55.6,normal,86.3,0
TX181,48.0,35.5,0.763,71.7,86.0,0.073,2.08,127.1,44.7,17.8,5.1,16.2,2.54,1465.2,30.5,12.6,37.5,normal,68.3,2
TX181,48.0,26.1,0.713,60.5,73.3,0.016,-0.66,128.1,2364.8,339.5,137.0,147.3,448.76,1629.8,50.0,421.0,31.5,D1,29.2,3
TX182,15.2,19.3,0.839,58.4,75.0,0.019,0.06,155.2,7.2,9.6,4.7,4.2,2.45,600.6,21.1,32.4,46.2,normal,82.6,1
TX182,15.2,23.1,1.071,70.7,95.2,0.208,-0.5,181.0,8.3,6.9,7.6,4.4,2.74,656.1,22.7,26.8,53.4,normal,84.5,1
TX182,15.2,20.5,0.646,52.2,63.2,0.004,0.24,107.3,15.8,3.1,9.2,2.5,2.1,580.4,19.9,75.7,56.0,normal,83.6,1
TX183,32.8,30.2,0.625,61.1,71.5,0.013,0.51,113.4,14.3,17.4,9.7,10.3,0.16,1164.0,28.7,34.6,48.7,normal,76.8,1
TX183,32.8,25.1,1.125,74.6,101.1,0.394,2.15,196.3,202.9,337.1,176.2,313.3,9.41,1201.3,32.5,20.7,48.0,T2,58.9,2
TX183,32.8,36.0,1.073,83.6,108.2,0.834,-2.27,190.6,24.9,17.8,15.3,12.0,1.65,952.4,35.1,31.5,52.6,normal,74.9,1
TX184,17.4,14.0,0.857,53.7,70.9,0.012,1.23,151.8,10.8,9.1,1.9,3.5,1.42,726.3,15.4,45.5,48.3,normal,85.0,1
TX184,17.4,26.7,1.08,74.6,99.5,0.33,2.51,189.6,15.3,1.4,7.8,10.2,1.77,674.4,17.7,51.6,54.7,normal,84.7,1
TX184,17.4,22.9,0.71,57.2,69.9,0.01,4.42,129.8,9.9,0.6,8.1,10.2,1.01,733.6,16.9,89.6,53.0,normal,84.0,1
TX184,17.4,24.3,0.822,62.8,78.9,0.031,-0.81,142.5,9.4,2.2,2.7,4.4,0.18,539.5,18.4,19.8,52.6,normal,86.6,0
TX185,14.3,6.1,0.781,43.0,57.8,0.002,5.45,135.8,12.9,9.0,4.3,1.2,0.24,553.2,23.1,43.4,53.9,normal,83.7,1
TX185,14.3,29.8,0.926,72.1,91.6,0.139,-1.91,160.8,14.0,8.2,6.6,2.1,0.76,775.5,21.7,81.9,57.1,normal,82.9,1
TX185,14.3,37.4,0.626,68.3,78.7,0.031,-2.28,108.4,9.7,16.1,6.5,8.7,0.58,615.1,15.7,116.4,60.3,normal,84.5,1
TX185,14.3,22.8,0.681,55.9,67.8,0.008,-1.58,115.4,18.1,11.8,4.6,4.3,1.66,512.4,17.4,22.9,55.7,normal,87.0,0
TX186,25.3,27.8,0.419,50.2,55.7,0.002,1.32,71.8,18.7,19.6,16.9,0.5,0.85,790.1,18.2,106.3,50.0,normal,81.2,1
TX186,25.3,3.8,0.629,34.9,45.4,0.0,0.88,112.9,12.1,11.5,8.3,5.1,0.09,881.1,25.1,36.9,51.3,normal,80.7,1
TX187,14.9,14.1,1.141,64.1,91.2,0.133,-0.29,178.5,5.0,6.2,2.9,9.9,0.54,561.3,15.7,35.8,55.8,normal,87.0,0
TX187,14.9,24.2,0.988,68.7,90.3,0.119,0.4,180.6,20.2,6.8,9.3,0.8,1.47,554.8,12.4,119.9,54.4,normal,85.7,0
TX188,13.3,26.3,0.632,57.4,68.0,0.008,-0.59,110.3,1482.9,283.6,29.9,7.1,8.17,535.1,21.4,490.0,50.4,PD,55.2,2
TX188,13.3,24.3,0.533,51.5,59.5,0.003,1.33,94.9,5.3,7.6,2.0,0.6,1.24,626.5,14.8,51.3,57.5,normal,87.0,0
TX189,3.3,30.8,0.796,68.3,83.5,0.055,1.53,145.2,158.5,359.4,183.0,80.6,4.06,640.0,12.7,50.1,50.7,T1,66.1,2
TX189,3.3,44.5,0.826,83.2,99.4,0.327,1.41,149.7,1.6,2.2,2.2,3.2,1.33,278.7,10.2,79.4,58.3,normal,90.3,0
TX190,16.9,34.8,0.66,67.1,78.4,0.029,-1.63,119.7,135.0,374.1,353.2,112.4,4.73,787.9,21.0,48.0,52.8,T1,64.1,2
TX190,16.9,36.8,1.061,84.0,108.1,0.825,0.7,179.0,14.1,1.9,15.6,5.2,0.24,744.9,21.1,28.3,61.0,normal,84.8,1
TX190,16.9,23.8,0.836,62.8,79.3,0.033,-3.36,140.6,12.9,7.2,3.6,6.4,2.65,608.7,20.5,45.3,56.6,normal,83.8,1
TX190,16.9,4.7,1.062,52.0,76.2,0.022,0.12,192.6,16.0,8.1,1.4,1.1,0.27,836.2,15.5,32.2,,normal,86.8,0
TX191,16.7,24.4,0.998,69.3,91.3,0.134,-0.45,166.8,9.5,14.2,7.9,5.4,0.48,609.7,18.2,88.1,52.3,normal,83.6,1
TX191,16.7,8.5,0.904,50.0,68.7,0.009,3.61,166.1,6.7,9.5,7.4,3.9,0.97,669.4,7.4,60.6,52.8,normal,87.7,0
TX191,16.7,20.9,0.467,45.3,51.8,0.001,1.69,83.7,22.9,12.5,8.2,4.6,2.47,764.2,22.8,35.2,56.8,normal,83.2,1
TX192,18.2,17.3,0.727,52.1,65.4,0.006,-2.76,126.6,16.7,10.9,5.2,9.9,0.96,741.7,26.1,42.3,51.6,normal,81.4,1
TX192,18.2,21.5,0.76,57.6,71.8,0.013,3.15,128.4,310.0,381.0,482.7,254.2,1.49,1130.8,19.8,19.9,42.0,T1,52.6,2
TX193,7.3,10.5,0.885,51.3,69.4,0.01,3.24,160.6,0.1,1.8,2.6,4.4,2.19,509.1,12.4,59.2,46.6,normal,87.1,0
TX193,7.3,13.3,0.675,46.2,57.9,0.002,-2.52,125.4,16.9,0.6,0.9,4.8,0.5,303.5,19.1,34.4,61.0,normal,87.3,0
TX193,7.3,19.3,0.677,52.3,64.1,0.005,-1.76,116.8,742.1,239.8,15.9,237.1,431.01,316.8,20.2,529.9,42.8,D1,51.7,3
TX193,7.3,25.6,0.577,54.6,63.7,0.005,-2.72,103.1,15.3,6.7,9.5,2.2,0.68,568.1,10.7,74.5,57.8,normal,89.1,0
TX194,27.0,23.0,0.607,53.2,63.1,0.004,-4.12,108.8,36.1,3.4,2.9,7.7,3.03,937.9,27.8,31.7,39.9,normal,73.4,1
TX194,27.0,12.5,0.883,53.2,71.3,0.012,0.69,149.1,27.8,10.7,12.4,7.6,0.04,822.3,26.1,84.1,52.9,normal,78.1,1
TX194,27.0,24.0,0.683,57.2,69.1,0.009,2.97,124.4,17.0,7.9,13.9,0.9,1.23,891.2,30.3,14.3,55.1,normal,80.1,1
TX195,10.2,34.1,1.098,82.6,108.2,0.828,1.9,195.1,5.9,12.2,2.0,2.1,0.45,587.8,19.8,17.5,62.2,normal,87.8,0
TX195,10.2,5.4,0.988,49.9,71.5,0.013,-0.65,174.7,9.2,1.5,4.4,3.9,0.07,344.4,22.1,35.6,62.5,normal,85.6,0
TX195,10.2,23.4,0.546,51.1,59.5,0.003,0.46,96.7,129.7,743.7,244.1,640.0,1.91,825.5,24.3,10.0,46.5,T2,55.7,2
TX196,36.9,-0.5,0.69,33.0,45.2,0.0,0.22,116.7,2021.2,503.1,208.7,462.3,954.28,1309.6,34.4,261.4,38.9,D2,41.6,3
TX196,36.9,48.6,0.877,89.1,106.9,0.725,-0.89,153.8,18.6,1.5,2.9,13.6,1.22,1146.9,31.9,39.1,52.8,normal,75.1,1
TX196,36.9,25.7,1.206,78.0,107.7,0.786,3.14,218.6,1532.3,593.4,84.3,628.8,911.69,1215.9,37.7,3630.0,37.3,D1,32.6,3
TX196,36.9,36.3,0.582,65.5,74.8,0.019,0.92,99.6,424.6,934.1,417.8,1812.6,80.71,1537.6,35.5,498.6,39.2,T3,35.3,3
TX197,9.4,28.2,0.87,68.5,86.1,0.074,-1.46,156.5,7.5,12.6,2.5,2.6,1.19,543.7,19.3,93.9,59.9,normal,84.8,1
TX197,9.4,37.6,0.446,61.2,67.3,0.007,-1.08,76.5,5.4,8.6,3.4,4.1,1.85,411.5,12.4,31.2,52.4,normal,89.7,0
TX197,9.4,40.9,0.701,74.7,87.2,0.084,-1.21,117.7,834.9,93.2,19.2,4.6,0.38,354.8,19.2,153.1,56.6,PD,61.8,2
TX198,17.5,17.2,0.812,55.2,71.0,0.012,-0.67,146.0,89.1,325.6,167.8,191.9,9.69,816.2,23.8,62.9,53.7,T2,66.1,2
TX198,17.5,27.7,0.766,64.1,78.4,0.03,1.31,137.9,180.2,425.0,45.2,1101.2,54.89,869.7,26.0,44.0,42.7,T3,52.8,2
TX198,17.5,16.7,0.688,50.1,62.2,0.004,-3.94,121.8,18.1,4.1,6.4,3.1,0.12,584.4,11.2,88.4,56.7,normal,86.3,0
TX198,17.5,29.4,0.697,63.1,75.4,0.02,0.24,128.1,8.3,8.8,8.0,4.5,0.0,577.8,20.3,51.8,56.5,normal,83.8,1
TX199,14.3,34.0,1.027,79.9,102.9,0.476,0.45,176.9,10.7,14.0,7.8,1.3,0.34,693.2,20.5,40.8,50.3,normal,84.8,1
TX199,14.3,34.7,0.707,68.8,81.4,0.043,-0.59,127.0,1651.5,82.8,34.3,38.6,12.81,521.7,19.1,449.3,49.7,PD,55.5,2
TX199,14.3,6.3,0.52,33.0,40.7,0.0,-0.68,95.9,12.4,0.0,5.1,0.1,2.84,786.1,12.6,23.0,56.9,normal,89.1,0
TX200,15.6,23.6,0.648,55.4,66.4,0.007,-0.07,114.1,344.3,561.4,77.2,2546.7,24.11,1077.0,24.9,33.8,42.4,T3,52.0,2
TX200,15.6,13.1,0.617,43.6,53.8,0.001,1.58,107.4,161.8,520.6,347.4,788.4,34.37,812.2,27.2,79.6,43.5,T2,47.9,3
TX200,15.6,7.1,0.935,49.7,69.5,0.01,1.48,159.1,99.5,209.3,169.3,78.9,7.93,1071.4,25.6,69.9,47.5,T1,67.6,2
TX201,9.6,29.2,0.788,66.4,81.4,0.042,-0.43,134.5,256.6,226.7,568.9,67.9,0.71,856.5,17.6,42.7,45.7,T1,60.5,2
TX201,9.6,21.1,1.001,66.2,88.2,0.094,0.35,174.9,8.9,2.5,0.4,2.5,1.79,347.8,16.4,120.9,48.8,normal,84.8,1
TX201,9.6,30.9,0.779,67.7,82.5,0.048,1.26,135.9,6.5,6.6,0.4,1.1,1.56,500.8,14.3,23.6,62.9,normal,89.5,0
TX202,11.8,24.4,0.754,60.3,74.3,0.018,-1.17,129.7,10.2,5.1,1.1,3.5,1.04,434.3,14.5,51.2,60.4,normal,87.4,0
TX202,11.8,2.4,0.939,45.2,65.1,0.006,-1.21,160.4,1.3,1.4,3.8,8.9,2.86,589.8,16.9,50.2,47.4,normal,85.0,1
TX202,11.8,19.8,0.954,63.1,83.5,0.054,-1.04,166.2,1.0,6.9,2.6,2.2,0.7,425.6,16.1,28.3,55.6,normal,88.1,0
TX202,11.8,18.5,1.098,67.0,92.5,0.154,-0.78,188.9,227.7,260.5,117.9,736.5,31.3,793.3,16.4,31.6,49.8,T3,62.1,2
TX203,48.0,9.6,0.932,52.1,71.8,0.013,-1.49,162.2,46.7,13.3,24.0,12.7,0.29,1444.6,36.1,59.4,44.8,normal,67.4,2
TX203,48.0,31.8,0.888,72.7,90.9,0.129,5.89,148.2,302.7,656.4,412.7,982.3,21.93,1560.0,40.0,0.0,35.4,T2,42.8,3
TX204,32.0,23.8,0.611,54.2,64.2,0.005,-2.28,108.2,2346.2,230.7,74.5,20.4,1.29,1032.4,25.0,193.8,48.2,PD,52.4,2
TX204,32.0,10.3,1.188,62.0,91.0,0.129,-2.57,220.5,13.2,12.1,10.0,9.3,1.2,978.6,25.3,76.0,46.4,normal,75.5,1
TX204,32.0,12.3,0.605,42.4,52.3,0.001,-0.22,101.3,136.9,402.2,156.0,720.7,9.62,1132.6,28.3,52.3,47.7,T2,56.4,2
TX204,32.0,28.8,0.608,59.0,68.9,0.009,-0.93,108.3,419.9,562.2,204.1,3362.9,87.42,1630.1,39.4,72.0,42.4,T3,38.8,3
TX205,16.7,26.4,0.805,64.2,79.8,0.035,0.37,145.7,24.2,2.1,13.8,3.6,1.96,586.8,11.6,21.8,57.7,normal,88.9,0
TX205,16.7,21.6,0.519,48.2,55.9,0.002,-2.1,88.3,11.3,19.1,9.8,3.3,0.7,650.7,18.7,65.2,52.4,normal,83.9,1
TX205,16.7,13.5,0.926,55.8,75.2,0.02,-4.45,158.3,13.6,0.5,7.3,0.7,1.38,632.1,25.6,0.0,,normal,83.6,1
TX206,9.8,21.4,0.744,57.0,70.7,0.011,0.22,130.6,9.8,9.8,5.9,0.3,2.74,449.6,,70.2,43.4,normal,84.1,1
TX206,9.8,18.8,0.706,52.9,65.5,0.006,-3.39,119.8,12.1,8.2,4.2,5.3,0.07,430.6,15.2,53.0,50.8,normal,87.5,0
TX207,5.5,22.9,0.909,64.6,83.5,0.054,-3.62,155.1,17.0,5.7,1.7,0.8,0.15,306.1,9.8,92.3,64.5,normal,89.4,0
TX207,5.5,29.4,1.009,74.7,97.0,0.253,-0.4,183.2,18.4,3.1,2.6,3.6,0.91,350.4,10.4,49.1,46.4,normal,88.4,0
TX208,20.2,21.8,0.965,65.5,86.3,0.075,-2.3,163.3,232.8,97.5,18.5,21.5,5.67,803.6,28.5,747.9,47.7,PD,63.4,2
TX208,20.2,10.5,0.895,51.6,70.0,0.01,-0.9,156.2,16.3,14.3,7.6,4.9,1.13,686.2,17.3,0.0,55.3,normal,84.4,1
TX208,20.2,20.0,0.686,53.3,65.3,0.006,3.45,119.4,4.2,9.2,10.5,7.2,0.49,831.9,23.0,89.6,58.5,normal,81.0,1
TX208,20.2,38.1,1.036,84.4,107.7,0.791,-0.21,186.4,487.2,811.1,361.7,449.8,23.6,1051.3,28.1,62.6,42.5,T2,47.7,3
TX209,2.9,40.8,0.926,83.2,102.6,0.464,0.03,160.4,12.1,4.1,3.1,3.0,0.12,225.9,8.6,65.1,55.1,normal,90.8,0
TX209,2.9,19.0,0.667,51.5,63.0,0.004,1.62,119.1,7.9,5.8,0.2,0.9,1.59,172.5,12.8,139.8,68.8,normal,88.1,0
TX209,2.9,3.0,0.687,36.3,48.4,0.001,-1.7,123.7,9.1,2.7,6.2,1.8,0.33,271.6,8.5,54.4,57.9,normal,91.2,0
TX209,2.9,33.9,0.554,62.0,70.5,0.011,-0.37,96.7,0.1,3.7,10.4,4.5,0.73,334.5,13.5,117.4,53.8,normal,88.3,0
TX210,20.4,26.9,0.371,47.3,51.8,0.001,2.1,64.9,13.7,15.0,10.3,7.9,1.31,967.8,17.9,33.1,54.8,normal,84.7,1
TX210,20.4,29.3,0.774,66.0,80.6,0.038,-0.48,138.0,290.4,400.3,154.8,1283.9,34.17,970.5,18.5,19.0,49.5,T3,62.2,2
TX210,20.4,8.0,0.762,44.2,58.5,0.002,2.71,128.2,18.8,9.7,13.4,2.2,2.97,823.8,18.1,40.3,44.0,normal,80.8,1
TX211,48.0,22.8,0.482,47.9,54.7,0.001,1.98,80.2,1683.0,263.9,83.5,859.2,2083.58,1569.4,32.7,75.1,38.3,D2,48.0,3
TX211,48.0,21.7,1.084,69.6,94.7,0.195,-6.78,188.6,2572.8,392.6,38.9,74.7,7.23,1624.4,47.2,946.7,37.4,PD,36.3,3
TX212,34.1,7.1,1.006,52.3,74.5,0.018,-0.27,175.0,373.7,560.7,574.8,205.9,12.37,1248.8,35.2,12.5,31.1,T1,43.2,3
TX212,34.1,25.4,0.827,64.1,80.3,0.037,1.28,144.7,831.4,383.0,109.3,671.7,1457.83,943.5,23.3,295.7,42.3,D2,52.6,2
TX213,26.9,11.9,0.857,51.7,68.9,0.009,-3.73,150.6,4.4,13.5,2.7,4.5,1.84,940.8,17.2,15.7,46.5,normal,83.2,1
TX213,26.9,23.9,0.725,58.7,71.9,0.013,-3.13,125.5,884.7,431.1,88.1,742.1,2131.37,909.7,42.3,683.6,33.8,D2,33.6,3
TX214,16.7,20.1,0.5,46.0,53.2,0.001,1.64,90.9,9.7,6.6,7.1,5.7,0.1,632.2,11.3,27.6,57.2,normal,88.8,0
TX214,16.7,14.8,0.777,51.6,66.2,0.006,0.47,136.5,15.8,6.9,4.7,5.7,1.07,623.8,11.6,26.3,56.8,normal,88.6,0
TX214,16.7,24.7,0.883,65.5,83.5,0.054,-1.07,158.3,17.6,8.7,0.6,7.8,0.93,546.6,15.0,72.4,55.6,normal,85.2,0
TX215,6.6,15.9,1.082,63.8,88.8,0.101,-1.65,189.4,16.8,5.6,2.2,1.9,0.9,250.0,10.3,0.0,66.2,normal,91.9,0
TX215,6.6,18.4,0.795,55.8,71.1,0.012,0.79,138.8,10.7,11.0,3.7,2.3,2.54,341.3,7.3,95.6,60.3,normal,88.9,0
TX215,6.6,12.9,0.731,47.9,61.2,0.003,4.04,135.2,836.4,113.7,35.1,25.2,6.76,302.8,13.0,580.5,49.9,PD,56.8,2
TX215,6.6,15.5,0.894,56.7,75.1,0.02,1.02,157.5,11.8,7.2,3.0,5.4,0.16,402.2,6.5,37.5,62.3,normal,91.0,0
TX216,22.1,10.9,0.894,52.0,70.4,0.011,-0.36,161.3,11.0,3.6,4.0,5.9,0.18,603.5,19.6,32.8,57.9,normal,84.0,1
TX216,22.1,33.2,0.25,48.0,50.4,0.001,-0.19,43.4,28.9,13.1,18.9,2.5,2.51,796.1,20.1,95.5,55.3,normal,81.1,1
TX216,22.1,21.7,0.712,56.0,68.8,0.009,-0.05,120.7,24.0,16.1,13.0,4.5,3.11,782.1,18.1,28.1,51.4,normal,84.3,1
TX216,22.1,35.0,0.586,64.4,73.7,0.017,-1.16,104.7,16.7,14.6,12.2,7.5,0.82,860.6,26.7,12.4,54.2,normal,82.8,1
TX217,14.3,24.8,1.005,69.9,92.1,0.147,-3.72,179.9,11.3,8.1,9.4,0.3,0.2,665.3,17.1,14.9,62.9,normal,88.3,0
TX217,14.3,30.7,0.617,61.3,71.5,0.013,2.75,106.3,54.3,192.9,174.3,35.2,2.52,680.0,20.7,30.7,52.2,T1,76.7,1
TX218,17.2,26.9,0.9,68.2,86.8,0.08,3.39,159.9,17.4,17.4,4.1,0.5,1.39,605.0,14.6,108.2,54.7,normal,84.4,1
TX218,17.2,20.8,0.453,44.7,50.9,0.001,0.04,77.4,20.5,0.5,4.1,5.7,0.12,651.2,13.8,90.9,54.2,normal,85.3,0
TX218,17.2,16.7,0.858,56.5,73.8,0.017,5.19,153.6,16.1,5.0,1.5,5.4,1.15,730.4,15.5,50.1,49.3,normal,85.3,0
TX218,17.2,13.9,0.278,30.1,32.9,0.0,-3.87,50.6,1913.4,286.8,46.3,28.3,0.92,648.6,30.6,403.9,47.5,PD,50.9,3
TX219,19.4,25.9,0.679,58.9,70.7,0.011,-3.78,119.9,318.6,646.9,627.5,184.5,25.74,1041.2,23.4,38.8,37.1,T1,47.2,3
TX219,19.4,25.5,0.51,51.7,59.2,0.003,-1.07,95.2,12.7,11.9,16.9,1.3,0.06,660.2,16.2,80.1,49.7,normal,83.9,1
TX220,24.9,20.7,0.62,51.4,61.6,0.003,1.75,104.7,24.2,2.5,3.0,3.5,1.47,977.7,28.2,42.5,53.5,normal,79.2,1
TX220,24.9,27.9,0.579,57.0,66.2,0.006,-0.43,109.3,17.7,11.5,10.2,8.6,1.71,884.2,20.9,29.6,51.3,normal,82.7,1
TX220,24.9,33.2,0.932,75.7,95.4,0.211,-0.12,154.6,321.0,682.6,629.4,304.1,12.04,1161.3,32.4,27.2,37.1,T1,45.7,3
TX220,24.9,15.3,0.686,48.6,60.6,0.003,-0.45,118.3,257.3,702.4,449.6,225.8,11.24,1161.1,26.3,10.3,46.2,T1,53.9,2
TX221,24.9,23.1,0.994,67.9,89.7,0.111,-0.91,176.3,20.7,4.8,6.9,8.4,1.58,860.5,22.7,297.0,48.9,normal,76.8,1
TX221,24.9,28.7,0.954,72.1,92.5,0.153,-0.54,175.2,13.7,10.6,5.0,1.7,2.04,817.7,13.0,25.7,59.6,normal,86.2,0
TX221,24.9,22.5,0.534,49.8,57.9,0.002,4.34,93.5,5.8,10.1,10.7,6.5,0.42,869.4,15.3,50.4,53.1,normal,84.2,1
TX221,24.9,23.5,0.714,57.9,70.8,0.011,0.59,122.0,21.5,11.1,3.4,0.0,0.79,992.1,23.0,0.0,54.9,normal,79.7,1
TX222,22.3,19.8,0.74,55.2,68.8,0.009,-0.79,136.6,15.9,9.8,13.4,2.4,0.38,792.5,15.8,27.1,55.3,normal,85.7,0
TX222,22.3,22.5,1.18,73.9,102.6,0.46,0.97,202.7,389.9,344.0,89.9,2051.9,56.35,969.2,28.9,65.2,41.7,T3,48.7,3
TX223,27.6,19.2,1.006,64.4,86.7,0.079,-0.91,182.9,17.4,19.3,18.4,3.3,4.37,1031.4,22.8,29.8,45.3,normal,78.4,1
TX223,27.6,35.6,0.879,76.1,94.0,0.182,-2.5,150.1,17.2,9.7,12.5,8.7,2.02,913.9,24.9,34.4,52.5,normal,80.2,1
TX224,17.7,18.6,0.708,52.8,65.5,0.006,-2.21,120.8,19.2,6.3,5.5,0.1,1.06,666.5,16.1,99.0,52.7,normal,84.0,1
TX224,17.7,24.7,0.914,66.6,85.6,0.07,-1.66,159.1,16.8,8.4,5.8,6.7,2.14,778.6,14.0,35.0,60.5,normal,86.7,0
TX224,17.7,28.9,0.729,63.8,77.1,0.025,3.5,122.2,19.5,9.2,4.9,2.2,0.94,673.6,13.3,32.2,58.3,normal,87.3,0
TX224,17.7,19.6,1.134,69.4,96.3,0.234,2.26,208.1,108.2,172.2,43.2,122.9,5.24,743.0,20.2,42.2,39.1,T2,67.0,2
TX225,6.1,25.3,0.536,52.6,60.7,0.003,4.81,95.6,14.8,4.8,3.6,6.0,0.13,413.9,9.3,29.4,52.4,normal,91.5,0
TX225,6.1,15.2,0.962,58.8,79.5,0.034,0.36,172.4,2.3,0.1,2.4,6.8,3.1,337.2,9.6,47.5,51.1,normal,90.6,0
TX225,6.1,22.2,0.891,63.3,81.6,0.043,-0.59,149.2,5.0,6.4,2.5,3.4,0.74,384.0,15.5,21.4,51.4,normal,90.1,0
TX225,6.1,20.6,1.042,67.1,90.6,0.124,-3.78,180.6,8.4,7.9,4.8,1.1,0.36,443.5,17.1,14.2,58.6,normal,90.2,0
TX226,4.2,14.0,0.576,42.9,52.0,0.001,-1.48,98.4,253.5,55.4,14.7,12.4,4.13,329.4,18.0,94.8,52.8,PD,76.2,1
TX226,4.2,15.4,0.688,48.7,60.8,0.003,2.1,120.3,9.2,9.0,1.1,0.8,1.09,398.3,10.5,74.3,56.5,normal,89.9,0
TX226,4.2,26.4,0.733,61.5,74.9,0.019,1.02,138.4,5.9,2.6,5.8,2.6,1.74,449.6,13.1,93.2,57.6,normal,88.5,0
TX227,23.6,26.6,0.884,67.4,85.5,0.069,0.67,154.2,427.2,775.0,296.2,781.6,10.28,1313.4,26.4,54.6,46.3,T2,51.1,3
TX227,23.6,25.0,1.005,70.2,92.4,0.151,-0.38,187.0,608.9,536.8,267.1,2370.4,46.08,1212.6,32.2,35.8,37.0,T3,41.7,3
TX228,6.4,21.5,0.913,63.4,82.4,0.048,-3.45,150.2,11.0,5.4,7.1,5.3,1.43,336.2,14.5,25.4,61.6,normal,89.9,0
TX228,6.4,26.7,0.544,54.3,62.6,0.004,0.22,92.3,12.4,5.3,7.8,3.3,1.5,426.6,15.2,16.4,56.4,normal,90.5,0
TX228,6.4,20.3,1.125,69.8,96.3,0.235,-0.24,199.9,0.9,5.2,8.0,0.4,0.09,349.1,9.8,18.2,60.4,normal,92.7,0
TX229,18.0,12.4,0.59,41.8,51.3,0.001,-1.25,106.3,294.1,677.9,576.0,183.9,5.77,1152.3,24.3,15.2,43.4,T1,51.9,3
TX229,18.0,19.0,0.746,54.6,68.3,0.008,2.81,132.5,2524.2,149.7,66.1,49.5,5.65,654.0,25.9,0.0,36.8,PD,42.8,3
TX230,18.6,19.0,1.087,67.1,92.2,0.149,1.27,186.4,23.1,11.8,4.0,1.4,0.23,708.0,12.1,0.0,56.1,normal,85.1,0
TX230,18.6,28.0,0.9,69.4,88.0,0.092,-0.24,156.4,986.4,142.2,77.9,253.3,628.28,780.4,28.1,824.2,53.1,D1,51.4,3
TX231,6.9,28.6,0.916,70.5,89.6,0.111,3.6,164.9,3.0,2.1,8.6,3.2,0.74,387.0,17.1,16.1,63.6,normal,89.9,0
TX231,6.9,13.3,0.991,57.9,79.6,0.034,3.1,174.7,10.3,0.4,3.5,9.8,0.19,331.5,8.7,81.5,67.8,normal,89.4,0
TX232,36.5,18.4,0.793,55.7,70.9,0.012,1.11,140.0,602.0,44.8,59.6,26.1,6.56,1242.9,37.6,1462.5,43.8,PD,46.1,3
TX232,36.5,12.4,0.971,56.4,77.4,0.026,-2.81,173.6,0.9,11.0,12.4,4.2,0.26,1333.7,33.5,32.4,42.2,normal,70.9,1
TX233,17.6,23.3,0.705,57.4,70.0,0.01,2.75,121.2,1433.0,275.9,107.8,281.5,953.47,547.9,23.2,497.2,38.5,D1,45.4,3
TX233,17.6,37.7,0.774,74.3,89.0,0.103,2.48,133.4,20.4,10.8,7.6,6.5,3.22,621.5,14.9,90.3,49.0,normal,83.8,1
TX233,17.6,17.9,0.89,58.9,77.1,0.025,-2.04,157.4,13.8,9.3,5.1,7.2,0.83,731.7,19.3,62.0,56.7,normal,83.6,1
TX233,17.6,34.4,0.863,74.4,91.8,0.142,-0.29,161.6,8.2,5.0,5.4,4.8,0.09,577.7,14.2,5.1,43.6,normal,87.3,0
TX234,45.6,12.2,0.541,39.7,47.9,0.001,1.43,93.6,27.0,16.4,16.4,11.8,0.02,1409.5,29.7,15.8,34.7,normal,67.3,2
TX234,45.6,38.9,0.664,71.4,82.8,0.05,-1.07,117.5,1896.5,675.3,103.9,633.6,1647.42,1416.7,40.9,960.5,26.7,D1,26.7,3
TX234,45.6,29.8,0.918,71.8,91.0,0.129,1.1,167.5,336.8,331.0,132.7,1647.2,34.28,1392.2,38.2,19.3,37.3,T3,47.8,3
TX235,7.4,20.4,1.148,70.7,98.1,0.285,-2.04,194.7,7.1,5.4,6.5,1.5,0.28,418.5,20.5,34.5,52.5,normal,86.9,0
TX235,7.4,24.2,0.669,56.9,68.4,0.008,-1.22,116.5,6.3,3.3,2.9,0.4,0.23,380.4,10.0,53.2,59.4,normal,90.3,0
TX236,48.0,20.4,0.828,59.1,75.4,0.02,-1.05,140.2,2414.8,529.0,209.8,1275.1,1745.19,1563.3,35.9,320.0,41.3,D2,41.8,3
TX236,48.0,21.9,0.678,54.9,66.7,0.007,-3.26,119.8,383.3,789.5,263.1,731.4,19.56,1772.9,35.5,20.4,31.7,T2,43.0,3
TX237,22.4,45.6,0.765,81.9,96.2,0.232,-1.5,138.7,15.0,3.8,11.4,5.4,1.39,699.4,22.7,49.6,53.0,normal,81.7,1
TX237,22.4,-1.9,0.914,40.0,59.0,0.002,0.95,154.3,293.8,237.5,49.7,547.9,1513.05,634.7,23.8,1460.1,43.5,D2,49.9,3
TX237,22.4,15.7,0.727,50.6,63.8,0.005,0.02,131.3,140.4,312.5,117.8,97.5,11.39,955.3,24.7,212.6,47.0,T1,59.8,2
TX237,22.4,17.0,0.739,52.4,65.9,0.006,-0.82,130.8,1792.2,370.3,161.2,1282.3,1501.88,900.5,28.9,0.0,40.2,D2,42.9,3
TX238,44.7,16.0,0.973,60.0,81.1,0.041,0.36,172.3,455.4,911.4,371.0,698.7,44.18,1666.6,39.5,46.2,33.0,T2,38.2,3
TX238,44.7,24.8,0.431,47.7,53.4,0.001,2.19,75.4,444.5,620.4,327.3,4662.4,29.98,1864.5,38.2,16.7,35.3,T3,40.0,3
TX238,44.7,31.6,0.733,66.7,80.1,0.036,-0.41,123.0,1185.4,376.7,65.9,523.6,777.26,1386.6,36.8,56.6,38.1,D1,45.5,3
TX238,44.7,21.9,0.578,50.9,60.1,0.003,0.12,94.9,1451.6,479.7,46.7,5.3,15.43,1517.2,43.7,1014.7,41.8,PD,39.1,3
TX239,20.5,15.3,0.58,44.4,53.6,0.001,1.19,103.0,403.7,926.2,283.9,777.5,10.48,1103.4,33.2,62.3,36.3,T2,44.7,3
TX239,20.5,42.3,0.733,77.4,90.8,0.127,-1.85,129.5,20.3,9.8,5.3,5.6,1.39,771.5,16.7,32.7,50.5,normal,85.2,0
TX239,20.5,18.8,1.091,67.0,92.3,0.15,1.88,188.3,592.9,232.5,68.7,650.2,1310.87,852.2,23.6,1568.4,43.6,D2,51.7,3
TX239,20.5,19.2,1.062,66.4,90.6,0.124,-0.26,185.9,25.7,5.2,10.3,7.1,4.51,685.2,26.0,18.9,52.9,normal,82.3,1
TX240,10.9,19.1,0.75,54.9,68.8,0.009,3.9,131.8,10.5,7.1,8.9,3.8,1.99,453.9,15.7,111.6,62.7,normal,85.4,0
TX240,10.9,10.9,0.866,51.0,68.5,0.009,2.35,153.1,5.1,6.1,15.1,3.9,1.15,541.2,,196.1,52.3,normal,85.6,0
TX240,10.9,21.2,1.088,69.4,94.6,0.193,-2.71,192.1,12.1,4.8,13.1,3.6,0.75,602.3,,33.5,60.8,normal,87.5,0
TX240,10.9,18.2,0.634,49.4,60.1,0.003,2.55,117.1,16.6,4.7,3.9,2.2,0.11,362.9,12.9,52.6,58.2,normal,88.2,0
TX241,40.7,18.4,0.784,55.4,70.3,0.011,-1.89,134.3,33.0,21.8,17.2,7.6,1.86,1390.6,34.9,25.1,43.5,normal,69.9,2
TX241,40.7,28.7,0.497,54.4,61.6,0.003,-0.53,88.2,21.6,17.8,8.1,9.9,0.02,1212.0,31.6,24.8,45.7,normal,72.8,1
TX241,40.7,20.2,0.516,46.8,54.4,0.001,3.73,88.9,394.4,1590.0,273.8,1155.5,57.78,1624.6,36.1,60.8,33.6,T2,36.9,3
TX241,40.7,11.6,0.801,49.3,64.7,0.005,-0.94,149.4,12.2,12.9,8.0,12.6,0.32,1312.8,24.9,19.4,44.4,normal,75.4,1
TX242,31.7,21.8,0.51,48.1,55.6,0.002,0.12,91.0,505.4,710.8,234.3,3570.4,69.88,1423.1,36.7,26.6,29.8,T3,36.5,3
TX242,31.7,16.1,0.846,55.5,72.3,0.014,-2.53,153.4,172.8,436.4,341.3,190.5,5.66,1154.1,31.7,29.5,27.2,T1,44.8,3
TX242,31.7,18.6,0.699,52.5,64.9,0.005,1.68,126.0,515.5,136.6,42.1,130.9,274.75,1048.7,,465.7,37.6,D1,48.2,3
TX242,31.7,21.3,0.571,50.0,59.0,0.002,4.77,100.8,1298.8,659.2,143.7,39.5,10.12,1014.1,38.5,214.2,30.6,PD,31.8,3
TX243,25.3,24.9,0.326,43.3,47.0,0.0,0.14,56.5,220.1,322.7,123.6,1125.5,29.23,923.9,27.7,17.2,42.8,T3,55.5,2
TX243,25.3,12.9,0.793,50.3,65.4,0.006,-0.49,143.8,858.4,374.9,191.7,1039.6,2431.45,908.6,30.0,532.0,33.4,D2,39.8,3
TX244,15.3,22.8,0.946,65.8,85.9,0.072,3.18,173.9,3.0,1.2,1.9,6.1,1.33,698.3,14.7,41.3,52.3,normal,87.1,0
TX244,15.3,27.0,1.047,73.7,97.3,0.262,-3.58,193.7,11.4,6.2,6.0,1.1,0.02,517.0,21.5,122.4,57.8,normal,82.2,1
TX244,15.3,13.2,0.656,45.3,56.5,0.002,-5.81,110.5,20.5,8.7,5.6,1.7,1.92,719.5,20.6,0.0,61.9,normal,83.6,1
TX244,15.3,20.7,0.668,53.3,64.8,0.005,-3.45,115.8,6.5,11.6,8.1,5.3,0.75,633.4,12.1,7.7,54.5,normal,91.3,0
TX245,48.0,25.8,0.92,67.9,87.2,0.084,-3.61,156.3,267.7,572.4,354.9,672.9,27.88,1494.4,42.4,38.7,35.5,T2,42.0,3
TX245,48.0,16.1,0.774,52.8,67.4,0.007,4.19,131.6,229.4,661.3,270.1,2656.3,54.54,1655.2,41.9,36.8,32.8,T3,38.7,3
TX245,48.0,30.4,0.678,63.3,75.2,0.02,-0.17,116.9,295.7,389.9,454.0,1682.5,21.3,1778.9,35.5,20.2,30.2,T2,36.7,3
TX245,48.0,18.1,0.593,47.7,57.2,0.002,1.11,107.0,15.4,26.9,13.1,0.8,0.45,1550.3,32.4,24.7,47.9,normal,72.8,1
TX246,25.3,20.1,0.808,58.1,73.7,0.017,-2.27,146.0,109.0,375.4,165.9,634.8,15.35,1119.5,25.0,51.1,40.0,T2,53.2,2
TX246,25.3,25.6,0.715,60.0,72.8,0.015,-1.92,120.8,21.9,10.6,1.6,2.0,2.08,885.1,16.2,30.4,52.4,normal,84.4,1
TX247,32.6,29.0,0.611,59.3,69.3,0.01,0.74,105.6,439.9,395.3,578.8,281.5,7.21,1410.2,30.5,12.4,42.4,T1,50.3,3
TX247,32.6,28.6,0.754,64.5,78.5,0.03,-1.6,124.1,229.0,522.8,239.4,118.2,7.19,1328.6,24.6,73.8,47.7,T2,58.0,2
TX247,32.6,42.7,0.607,72.9,82.8,0.05,2.55,106.3,15.3,7.5,17.6,5.8,0.58,1195.8,29.3,19.1,42.7,normal,74.6,1
TX248,7.9,14.0,0.532,41.1,49.1,0.001,0.88,93.9,0.3,1.7,1.7,1.5,2.82,400.2,12.7,38.1,61.0,normal,89.7,0
TX248,7.9,48.9,0.962,92.5,113.2,1.386,1.88,170.3,4.0,6.5,2.1,3.7,1.97,324.6,14.7,64.0,63.5,normal,86.3,0
TX249,22.0,22.9,1.098,71.5,97.0,0.253,-1.31,196.4,287.1,677.5,384.4,798.9,13.77,1153.4,27.5,78.1,51.5,T2,52.5,2
TX249,22.0,35.8,0.675,68.6,80.4,0.038,1.74,115.3,17.9,9.5,8.6,2.2,1.26,830.6,26.3,33.7,52.0,normal,81.1,1
TX249,22.0,33.7,1.031,79.9,103.0,0.482,0.21,174.6,19.3,7.6,8.8,6.2,0.57,913.0,23.4,168.1,47.6,normal,77.7,1
TX249,22.0,37.4,1.145,87.5,114.9,1.634,3.21,199.1,23.7,16.3,13.5,6.7,0.86,841.6,24.1,75.1,48.4,normal,77.1,1
TX250,17.0,34.3,0.69,67.8,79.9,0.035,0.24,121.5,14.0,5.7,11.8,6.6,0.11,557.0,17.0,51.4,57.2,normal,85.2,0
TX250,17.0,23.6,0.87,63.9,81.5,0.043,0.96,144.7,7.8,19.2,5.9,4.8,1.18,626.2,18.4,23.7,54.3,normal,86.0,0
TX250,17.0,31.1,0.908,72.8,91.6,0.139,-2.42,153.1,3.2,4.9,12.2,16.1,2.18,756.5,20.5,90.3,50.1,normal,82.5,1
TX250,17.0,32.8,0.769,69.2,83.7,0.056,1.45,129.3,14.5,8.3,2.6,2.2,0.71,536.7,16.4,67.4,48.9,normal,84.3,1
TX251,17.2,33.8,0.839,72.9,89.6,0.11,-0.5,141.7,275.6,105.6,33.3,125.0,160.69,779.1,24.8,225.1,45.9,D1,59.5,2
TX251,17.2,18.0,0.709,52.1,64.8,0.005,4.26,121.0,5.1,9.1,11.4,6.6,0.08,501.6,21.3,60.6,55.0,normal,83.2,1
TX252,2.5,13.1,0.496,38.7,45.9,0.0,0.4,86.6,4.7,0.2,4.2,0.9,0.85,217.1,11.4,51.8,,normal,90.9,0
TX252,2.5,12.2,0.573,41.0,50.1,0.001,-0.52,102.8,3.4,2.5,8.1,1.1,0.53,294.2,9.2,36.3,66.2,normal,92.2,0
TX252,2.5,36.7,0.753,72.5,86.5,0.077,-4.17,129.4,5.7,3.7,3.3,0.0,1.56,304.0,10.2,47.0,54.5,normal,91.4,0
TX252,2.5,26.6,1.156,77.1,104.9,0.587,0.48,200.8,7.9,7.4,4.5,4.1,2.98,219.5,7.2,44.9,64.2,normal,91.3,0
TX253,14.5,9.8,0.614,40.2,50.3,0.001,-1.44,113.6,669.3,159.9,24.6,18.4,-1.0,806.8,21.1,0.0,52.3,PD,60.3,2
TX253,14.5,26.5,0.538,53.9,62.1,0.004,-1.31,93.4,10.2,4.9,2.7,3.8,3.82,569.0,16.6,129.8,48.7,normal,83.1,1
TX253,14.5,46.3,0.929,88.7,108.2,0.835,-3.4,154.7,105.1,300.9,151.1,98.7,5.19,726.6,20.7,55.2,42.9,T1,67.7,2
TX253,14.5,14.0,0.779,50.8,65.5,0.006,2.13,133.0,13.3,8.2,3.0,6.2,0.11,637.1,12.2,97.0,54.6,normal,86.4,0
TX254,14.9,22.8,0.907,64.4,83.2,0.052,-0.3,158.9,8.2,7.3,5.6,6.7,0.71,556.9,13.8,65.2,49.6,normal,86.2,0
TX254,14.9,29.8,0.825,68.4,84.6,0.062,-1.06,138.7,203.5,401.9,55.0,2021.1,53.78,840.9,21.1,36.1,37.5,T3,51.8,3
TX255,29.5,23.8,0.564,52.3,61.1,0.003,-0.85,99.6,270.9,782.4,690.1,290.5,15.81,1220.4,35.3,268.7,37.6,T1,36.5,3
TX255,29.5,25.7,0.766,62.1,76.5,0.023,-2.67,139.2,12.4,21.1,4.6,7.7,0.36,970.0,19.5,37.0,55.4,normal,81.8,1
TX255,29.5,28.3,0.341,47.3,51.2,0.001,2.36,58.2,2131.9,259.9,50.8,36.9,2.04,1004.4,24.5,643.6,40.2,PD,46.1,3
TX255,29.5,32.5,0.694,66.1,78.4,0.03,0.02,125.1,11.4,4.3,11.7,3.6,2.38,925.9,21.6,27.8,49.9,normal,81.6,1
TX256,21.4,27.5,0.812,65.6,81.4,0.042,3.62,150.7,22.5,12.7,7.3,8.1,0.15,799.3,19.5,34.6,54.7,normal,83.7,1
TX256,21.4,37.9,0.472,62.6,69.2,0.009,0.5,80.5,6.4,8.2,8.3,4.3,2.32,880.7,29.4,96.2,58.8,normal,77.9,1
TX256,21.4,43.0,0.71,77.2,89.9,0.114,2.4,124.6,13.1,15.0,13.1,2.2,0.09,731.9,21.1,25.6,57.9,normal,83.9,1
TX257,48.0,7.8,0.732,42.9,56.3,0.002,-1.72,128.1,1537.9,120.4,54.6,8.5,7.74,1489.9,38.7,348.0,34.0,PD,38.5,3
TX257,48.0,26.4,0.747,62.0,75.8,0.021,-2.17,123.8,3339.5,644.9,194.9,1189.0,1871.44,1529.7,37.8,425.9,29.9,D2,31.5,3
TX257,48.0,31.9,0.819,70.2,86.2,0.075,-1.43,145.9,49.3,24.3,18.9,17.9,0.45,1473.7,35.4,45.1,48.1,normal,69.8,2
TX258,12.7,29.1,0.482,54.2,61.1,0.003,0.74,86.1,12.4,5.1,15.5,3.9,0.71,427.0,21.2,25.9,54.5,normal,85.8,0
TX258,12.7,26.1,0.847,65.5,82.4,0.048,3.34,142.6,1476.1,276.0,44.0,19.7,6.62,618.9,15.4,1489.5,37.5,PD,46.5,3
TX258,12.7,20.4,0.728,55.3,68.5,0.009,0.62,126.9,13.1,2.0,2.0,2.7,0.0,449.7,19.2,33.5,54.2,normal,86.3,0
TX258,12.7,21.2,0.792,58.6,73.7,0.017,0.65,137.7,586.7,195.7,124.5,561.5,774.46,638.0,21.2,934.0,50.4,D2,49.6,3
TX259,3.1,27.3,0.422,49.9,55.4,0.001,6.21,71.2,6.0,0.7,3.7,1.8,1.27,397.6,12.6,35.2,64.9,normal,91.0,0
TX259,3.1,32.1,0.931,74.6,94.2,0.185,1.26,164.4,8.0,5.6,2.2,5.2,0.19,413.7,,30.3,61.9,normal,92.2,0
TX259,3.1,14.5,0.769,50.9,65.4,0.006,0.14,138.3,5.6,5.1,5.6,2.2,1.84,311.2,21.2,5.6,68.8,normal,91.1,0
TX259,3.1,19.9,0.727,54.7,67.9,0.008,4.72,124.5,8.2,0.6,6.1,1.7,1.32,402.7,4.5,30.2,57.8,normal,92.3,0
TX260,4.9,44.5,1.061,91.7,115.9,1.809,1.61,183.6,7.9,1.7,8.0,1.3,0.87,310.4,6.7,38.2,57.5,normal,88.9,0
TX260,4.9,24.7,0.669,57.3,68.9,0.009,-2.88,117.7,385.3,165.8,69.0,134.2,423.84,434.2,15.3,775.6,49.7,D1,56.1,2
TX261,20.5,42.7,1.036,89.0,112.3,1.26,0.89,182.5,77.0,373.4,198.6,118.7,2.85,765.8,22.2,55.1,51.4,T1,65.9,2
TX261,20.5,28.8,0.725,63.6,76.7,0.024,-0.32,123.9,16.3,17.6,8.5,4.9,0.48,733.4,18.5,31.6,53.8,normal,84.6,1
TX261,20.5,5.9,0.898,47.2,65.7,0.006,-1.23,153.7,363.4,349.0,248.3,1046.7,89.88,1114.6,18.5,33.9,42.7,T3,52.3,2
TX262,18.9,21.8,0.634,53.0,63.6,0.005,0.52,108.3,7.6,12.4,2.3,4.9,0.64,663.0,15.0,45.3,50.4,normal,85.8,0
TX262,18.9,23.9,0.59,53.4,62.9,0.004,-0.63,107.9,394.3,212.5,49.1,143.2,793.17,793.1,15.8,769.6,40.0,D1,52.7,2
TX262,18.9,26.7,0.576,55.6,64.7,0.005,-0.95,101.0,18.0,3.2,12.6,5.7,1.02,782.7,28.3,66.2,52.4,normal,79.7,1
TX262,18.9,40.2,0.421,62.7,68.2,0.008,0.26,71.9,873.5,216.3,29.2,19.9,2.62,626.3,15.6,222.0,45.1,PD,59.3,2
TX263,15.5,19.2,0.568,47.9,56.7,0.002,-1.65,98.1,13.5,12.2,7.0,2.2,0.07,439.1,17.0,23.4,53.0,normal,87.1,0
TX263,15.5,33.8,0.594,63.5,73.1,0.015,-1.88,103.3,10.0,5.8,9.5,4.3,0.41,671.9,15.2,44.9,61.8,normal,86.6,0
TX264,36.1,17.1,0.912,58.9,77.9,0.028,1.17,159.7,16.0,19.9,14.1,3.9,0.37,1109.8,30.3,34.7,55.2,normal,76.2,1
TX264,36.1,22.5,0.609,52.8,62.7,0.004,-1.94,107.2,27.6,12.8,7.2,11.3,0.65,1138.6,34.2,109.7,36.6,normal,64.6,2
TX265,14.6,40.7,0.736,75.9,89.4,0.108,-1.44,131.8,14.4,7.7,12.5,2.1,0.85,533.8,7.6,0.0,53.6,normal,86.2,0
TX265,14.6,23.9,0.804,61.7,77.2,0.026,0.29,147.9,2.8,4.6,9.5,3.9,0.83,611.2,25.8,138.4,53.3,normal,80.4,1
TX265,14.6,25.7,0.701,59.5,72.0,0.013,-2.11,127.1,13.3,12.4,7.6,7.1,0.81,525.2,17.1,39.5,55.2,normal,86.1,0
TX266,16.6,29.0,0.615,59.5,69.6,0.01,-2.97,108.4,15.8,16.3,7.8,6.7,1.38,678.8,18.9,76.8,57.3,normal,83.4,1
TX266,16.6,17.4,0.501,43.3,50.6,0.001,-0.6,84.3,254.2,261.1,128.1,218.5,9.01,1014.7,22.8,0.0,38.0,T1,53.5,2
TX266,16.6,25.4,0.857,65.2,82.4,0.048,-0.69,145.1,309.8,535.7,321.7,817.0,0.04,1077.8,26.1,18.3,46.3,T2,53.3,2
TX266,16.6,28.8,0.654,60.9,72.0,0.013,-1.16,113.0,445.3,310.2,100.7,603.0,1246.02,630.3,,550.5,45.4,D2,55.0,2
TX267,27.2,40.1,0.639,71.6,82.3,0.047,0.2,116.0,4.8,15.5,6.1,4.9,2.5,845.4,17.9,34.1,47.6,normal,81.8,1
TX267,27.2,9.4,0.902,50.8,69.5,0.01,-0.14,152.4,20.3,11.1,9.6,6.5,0.74,909.9,28.7,21.9,46.3,normal,77.6,1
TX268,6.9,25.6,0.354,45.2,49.4,0.001,-1.91,61.6,10.2,5.3,2.2,2.9,-1.0,304.6,14.1,38.4,64.9,normal,89.3,0
TX268,6.9,13.0,0.896,54.2,72.6,0.014,-2.93,150.7,5.4,5.7,2.5,1.2,2.54,273.1,14.7,72.7,,normal,87.6,0
TX268,6.9,25.4,0.825,64.0,80.2,0.037,-0.09,140.5,2.9,2.2,1.8,2.1,3.25,315.9,8.9,70.2,53.2,normal,89.6,0
TX268,6.9,48.2,0.89,89.2,107.4,0.767,0.65,155.0,621.8,182.2,39.3,600.2,1181.74,358.0,24.4,1390.8,48.8,D2,50.1,3
TX269,11.7,19.4,0.868,59.6,77.1,0.025,4.69,148.8,5.4,9.4,6.5,0.2,0.13,607.7,10.4,42.9,51.4,normal,89.5,0
TX269,11.7,26.3,0.662,58.7,70.1,0.01,-0.13,113.7,11.8,4.9,4.3,1.0,0.18,604.8,15.7,67.6,62.2,normal,86.5,0
TX269,11.7,10.8,0.727,45.6,58.8,0.002,-0.4,129.9,11.7,12.9,7.2,1.0,2.05,505.3,18.7,65.8,55.6,normal,85.1,0
TX270,7.6,21.6,0.757,57.6,71.6,0.013,0.94,130.3,7.6,6.0,5.7,5.1,2.37,447.2,20.0,95.7,59.0,normal,84.8,1
TX270,7.6,27.7,0.953,71.0,91.4,0.135,-1.5,169.4,60.3,1.6,176.3,45.2,0.6,454.4,14.6,26.9,51.6,T1,82.6,1
TX270,7.6,31.4,1.005,76.5,98.7,0.304,-0.65,168.2,7.0,5.5,5.6,1.0,0.49,494.2,17.5,19.5,58.9,normal,89.2,0
TX270,7.6,26.3,0.726,61.1,74.3,0.018,1.93,126.3,9.7,6.6,5.1,0.2,0.22,454.2,19.5,66.2,57.2,normal,85.9,0
TX271,34.8,28.1,1.252,82.0,113.5,1.427,-4.71,217.9,17.9,27.4,16.0,12.3,0.06,1201.9,33.9,40.1,40.9,normal,67.9,2
TX271,34.8,22.0,1.35,79.3,114.8,1.626,0.38,237.0,39.8,5.2,14.9,10.2,0.09,1141.9,29.3,21.9,39.6,normal,69.7,2
TX271,34.8,20.9,0.957,64.3,84.8,0.064,3.77,168.0,393.8,1559.5,568.1,358.8,14.32,1556.9,32.6,13.8,44.6,T1,45.9,3
TX271,34.8,17.4,0.9,58.8,77.4,0.026,-0.58,152.4,3724.1,249.9,133.6,58.1,10.25,1045.5,32.9,503.3,28.2,PD,33.5,3
TX272,29.1,17.7,0.805,55.5,71.1,0.012,-0.55,147.2,204.8,293.6,214.8,711.1,18.58,1135.0,31.3,23.2,38.6,T2,51.5,3
TX272,29.1,21.5,1.089,69.7,94.9,0.2,1.02,187.9,18.1,24.8,7.7,2.6,0.14,954.5,21.8,0.0,61.9,normal,80.1,1
TX272,29.1,22.2,0.664,54.7,66.1,0.006,-3.49,118.8,29.1,2.9,4.6,5.3,2.62,943.2,26.7,111.5,49.0,normal,76.2,1
TX273,18.1,24.2,0.759,60.3,74.5,0.018,1.55,132.6,8.1,3.1,5.0,4.7,0.92,662.0,11.4,92.1,52.0,normal,86.1,0
TX273,18.1,16.5,1.105,65.3,91.1,0.131,-1.89,188.1,27.6,9.4,17.4,2.3,1.71,627.9,18.1,37.0,65.4,normal,84.8,1
TX273,18.1,7.1,0.554,35.2,43.7,0.0,-3.27,92.7,1070.5,130.8,23.2,27.3,9.17,688.5,21.3,258.5,47.3,PD,60.5,2
TX274,7.8,20.7,0.467,45.2,51.7,0.001,-1.28,83.4,14.5,9.8,1.7,1.8,1.24,411.6,13.7,12.6,56.7,normal,91.3,0
TX274,7.8,21.1,0.594,50.7,60.3,0.003,-1.15,105.0,6.1,9.9,1.0,4.3,0.25,444.5,10.4,44.8,56.7,normal,90.3,0
TX274,7.8,43.6,0.836,82.5,99.0,0.315,1.49,151.1,0.3,9.1,3.8,7.4,2.47,377.0,16.2,45.1,55.5,normal,87.8,0
TX274,7.8,24.7,1.277,79.4,111.9,1.214,1.04,222.8,7.2,0.0,0.2,6.1,0.06,436.8,11.1,25.9,56.2,normal,90.3,0
TX275,25.1,10.9,0.471,35.5,42.1,0.0,1.85,80.0,41.3,18.6,15.3,3.2,0.38,799.3,17.6,113.9,,normal,79.8,1
TX275,25.1,30.7,0.666,63.2,74.7,0.019,1.8,111.7,18.9,13.1,10.9,6.3,0.69,823.1,18.3,41.5,42.9,normal,79.1,1
TX275,25.1,31.1,0.413,53.2,58.6,0.002,-1.18,72.2,16.2,19.5,11.7,0.7,1.43,805.4,25.6,43.4,47.3,normal,78.5,1
TX275,25.1,28.4,0.815,66.6,82.5,0.048,0.27,144.8,1108.5,500.3,75.3,56.7,17.94,902.2,35.3,1899.2,37.6,PD,32.8,3
TX276,24.7,17.2,0.57,45.8,54.8,0.001,4.16,104.3,66.9,289.2,737.8,156.0,19.28,1187.8,28.2,45.1,,T1,49.8,3
TX276,24.7,13.7,0.589,43.1,52.5,0.001,-1.9,101.0,11.7,17.4,16.4,6.1,0.13,1002.2,18.7,62.2,51.1,normal,82.3,1
TX276,24.7,36.8,1.163,87.5,115.5,1.746,-0.41,201.6,220.1,481.7,309.7,176.6,6.38,1104.1,29.3,39.4,41.3,T1,48.4,3
TX277,15.9,38.2,0.807,76.1,91.7,0.14,-5.21,139.6,16.8,10.9,4.0,1.4,1.37,610.3,20.5,68.9,51.9,normal,83.3,1
TX277,15.9,22.5,0.614,52.9,63.0,0.004,1.36,103.3,9.3,4.6,2.9,7.0,0.66,590.7,8.4,103.5,46.7,normal,85.0,0
TX277,15.9,6.0,0.748,41.6,55.5,0.002,-6.64,135.5,1104.3,173.5,41.2,7.6,5.33,608.3,21.3,303.0,48.0,PD,58.0,2
TX277,15.9,20.0,0.696,53.7,66.0,0.006,-1.03,123.0,161.6,590.4,182.2,394.9,23.22,925.4,23.3,28.2,49.1,T2,57.7,2
TX278,7.9,28.9,0.863,68.9,86.3,0.075,-2.0,146.1,1.7,5.0,0.9,2.6,3.43,286.7,18.1,35.1,60.3,normal,87.5,0
TX278,7.9,22.6,0.82,60.9,77.0,0.025,0.72,150.0,7.3,10.4,3.9,2.8,1.99,392.9,14.1,32.0,56.6,normal,89.3,0
TX278,7.9,34.3,0.904,75.8,94.5,0.193,1.95,163.1,13.7,3.3,3.8,2.2,1.03,496.7,13.8,30.3,62.8,normal,89.6,0
TX278,7.9,25.2,0.923,67.4,86.7,0.08,0.18,161.8,4.9,6.0,5.3,0.5,0.92,313.0,11.6,27.0,58.6,normal,90.8,0
TX279,12.7,44.6,0.758,80.6,94.8,0.198,0.6,142.2,5.2,3.2,9.7,2.4,1.92,627.1,14.3,86.6,59.6,normal,86.3,0
TX279,12.7,16.6,0.729,51.6,64.8,0.005,-0.25,130.5,23.5,13.7,10.1,1.3,0.84,475.7,12.9,37.9,63.7,normal,88.2,0
TX280,7.2,18.7,0.652,50.7,61.8,0.004,-0.53,120.6,9.5,5.8,3.6,3.4,1.18,469.3,12.2,25.8,56.3,normal,90.7,0
TX280,7.2,13.7,0.964,57.4,78.1,0.029,0.37,180.2,6.4,6.0,2.5,5.5,0.75,533.8,8.8,119.9,57.3,normal,88.6,0
TX280,7.2,26.3,1.161,77.0,105.0,0.593,0.8,211.5,147.7,47.9,24.8,289.8,207.97,461.7,17.9,755.2,64.6,D2,62.7,2
TX280,7.2,19.9,0.551,47.8,56.3,0.002,-2.0,91.2,6.0,5.0,4.7,2.5,0.17,410.6,15.2,51.2,66.9,normal,88.3,0
TX281,28.3,29.0,1.039,75.4,98.7,0.305,0.33,182.5,2354.7,190.8,145.3,753.3,3095.26,993.0,21.5,1609.0,36.1,D2,37.1,3
TX281,28.3,24.5,0.903,65.9,84.6,0.062,3.94,161.4,865.7,264.8,113.4,460.0,543.79,998.8,27.8,146.7,47.6,D2,56.1,2
TX282,17.3,39.5,0.743,75.0,88.7,0.099,-1.55,132.3,209.2,152.3,76.7,967.7,32.0,912.6,19.4,107.8,50.3,T3,63.6,2
TX282,17.3,16.9,0.728,51.8,65.0,0.005,0.25,128.8,1141.9,163.4,57.7,33.9,7.07,600.7,19.6,264.4,57.5,PD,58.8,2
TX283,17.1,19.1,0.638,50.5,61.2,0.003,-0.02,111.5,22.0,8.3,4.9,4.5,1.34,632.6,22.0,102.2,48.0,normal,80.4,1
TX283,17.1,17.1,0.898,58.4,76.9,0.025,-3.57,153.0,379.4,84.4,37.7,194.8,445.71,652.0,26.6,2033.8,54.5,D1,52.6,2
TX284,28.5,38.2,0.989,82.8,104.4,0.559,-1.39,163.5,28.9,9.8,9.6,5.0,2.06,1092.3,27.6,112.2,47.5,normal,75.0,1
TX284,28.5,25.9,0.857,65.6,82.8,0.05,-2.9,146.7,231.7,536.9,390.5,109.1,8.66,1008.0,34.6,0.0,36.7,T1,48.2,3
TX284,28.5,26.0,0.687,59.4,71.5,0.013,-1.96,125.0,377.5,835.8,291.1,1377.8,56.28,1324.3,32.5,76.0,34.3,T3,40.5,3
TX285,26.3,22.2,0.551,50.1,58.6,0.002,-0.63,94.9,179.9,604.1,209.9,1979.8,69.9,1139.2,30.0,102.4,54.1,T3,51.4,3
TX285,26.3,33.6,0.937,76.3,96.2,0.231,1.82,153.7,14.7,3.8,4.1,7.2,0.23,965.3,23.8,58.3,55.0,normal,80.2,1
TX286,9.8,18.5,0.389,39.6,44.5,0.0,-0.5,69.8,351.5,80.6,67.5,152.6,-1.0,541.1,12.3,473.6,55.7,D2,66.9,2
TX286,9.8,29.4,0.777,66.1,80.8,0.04,4.25,136.8,4.2,5.7,5.5,1.7,0.46,465.1,9.2,36.2,55.9,normal,90.5,0
TX287,33.2,21.0,0.569,49.7,58.6,0.002,-1.52,98.2,419.8,1270.6,615.2,1792.0,48.71,1237.3,29.2,70.0,27.9,T2,36.6,3
TX287,33.2,27.4,0.483,52.6,59.4,0.003,-3.77,80.9,11.3,13.7,17.7,6.7,0.85,888.9,31.1,20.2,43.4,normal,74.0,1
TX288,11.6,8.7,0.812,46.8,62.5,0.004,2.01,144.5,1254.8,119.5,40.9,34.3,6.94,647.3,13.0,2127.2,43.0,PD,50.5,3
TX288,11.6,6.8,0.939,49.5,69.4,0.01,-1.32,171.8,16.4,4.1,14.2,3.8,3.23,557.0,12.5,66.0,62.6,normal,87.4,0
TX289,31.8,21.0,0.787,58.2,73.2,0.015,-0.57,132.3,136.6,78.9,130.6,403.5,25.41,1032.2,22.8,38.5,45.5,T3,60.5,2
TX289,31.8,31.4,0.973,75.4,96.5,0.239,-0.01,163.6,350.6,332.4,326.4,1059.2,19.12,1278.4,33.3,32.0,50.0,T2,49.7,3
TX290,36.3,20.2,0.72,54.7,67.7,0.008,0.46,127.3,41.0,18.7,0.1,9.1,0.48,1244.7,30.6,54.3,37.0,normal,67.4,2
TX290,36.3,37.5,0.863,77.5,94.8,0.199,-1.65,156.2,24.7,22.0,24.7,11.0,0.83,1202.7,30.0,204.9,45.8,normal,70.1,1
TX290,36.3,19.1,0.896,60.3,78.7,0.031,0.29,155.9,307.2,447.5,509.7,1162.3,34.91,1405.1,33.2,30.0,42.6,T2,49.2,3
TX290,36.3,21.8,0.853,61.4,78.5,0.03,-2.33,155.0,281.1,209.6,97.4,820.3,25.34,1224.8,,56.3,45.2,T3,54.8,2
TX291,31.8,26.9,0.749,62.6,76.5,0.023,1.06,129.7,25.2,13.1,13.8,7.3,0.12,865.5,28.6,77.6,45.8,normal,73.8,1
TX291,31.8,22.8,1.117,71.9,98.2,0.287,-4.94,198.1,235.9,415.7,100.9,2173.7,46.11,1229.2,28.9,18.7,41.3,T3,51.9,3
TX291,31.8,31.7,1.092,80.0,105.3,0.613,-1.13,192.9,20.6,20.9,10.9,12.5,0.31,834.9,26.2,65.4,56.2,normal,77.3,1
TX292,32.2,17.7,0.695,51.3,63.6,0.005,-1.3,120.8,1368.7,342.6,114.1,183.2,1120.54,1083.6,31.1,429.0,42.3,D1,44.9,3
TX292,32.2,43.6,0.962,87.3,108.0,0.81,0.81,168.0,13.6,25.4,8.9,6.8,1.92,880.4,25.8,51.9,44.6,normal,74.8,1
TX293,18.9,40.5,0.815,78.7,94.6,0.193,1.35,148.4,168.6,108.6,57.9,970.1,36.78,877.7,25.1,23.7,44.2,T3,57.8,2
TX293,18.9,26.2,0.399,47.8,52.8,0.001,-0.58,70.1,5.4,6.3,12.0,2.1,1.01,714.4,19.5,180.7,49.6,normal,81.1,1
TX293,18.9,28.0,1.027,73.9,96.9,0.249,3.44,180.8,25.6,5.5,11.8,6.1,1.86,702.9,18.6,87.8,58.2,normal,82.7,1
TX293,18.9,1.9,0.458,25.9,32.2,0.0,0.43,82.3,12.3,4.0,10.7,0.6,0.5,669.6,24.2,61.8,50.5,normal,81.6,1
TX294,30.5,17.4,1.008,62.7,84.9,0.064,0.41,175.5,210.3,216.3,99.1,1937.5,48.94,1254.8,24.6,27.9,40.4,T3,55.9,2
TX294,30.5,22.4,1.003,67.5,89.6,0.11,-4.11,174.7,1240.8,435.7,124.1,52.1,10.68,1096.5,28.8,397.2,37.8,PD,39.2,3
TX294,30.5,23.9,1.003,69.0,91.1,0.131,1.18,170.4,37.2,13.3,15.8,7.8,0.2,840.1,32.3,118.5,43.0,normal,70.0,1
TX294,30.5,19.4,0.638,50.8,61.5,0.003,2.64,114.9,1502.1,439.2,205.3,725.8,567.69,1054.6,32.3,1022.3,37.6,D1,35.2,3
TX295,13.3,23.5,0.69,56.9,69.1,0.009,-3.03,125.6,2.7,6.7,12.3,1.0,0.2,559.6,17.4,16.6,51.2,normal,88.3,0
TX295,13.3,19.5,1.201,71.6,101.1,0.393,-1.09,212.8,7.8,8.4,9.6,6.3,1.87,500.5,17.5,26.4,65.7,normal,87.0,0
TX296,27.4,25.9,1.032,72.1,95.3,0.209,-4.73,187.5,17.7,11.6,4.9,12.3,0.64,1030.0,24.2,15.7,50.1,normal,82.1,1
TX296,27.4,25.9,0.53,52.9,60.9,0.003,2.73,93.8,12.3,17.5,18.1,3.7,1.49,950.1,23.6,32.8,58.9,normal,80.9,1
TX296,27.4,23.1,1.056,70.1,94.1,0.184,-0.59,193.1,356.7,528.1,47.5,1616.5,50.61,1129.7,30.5,72.3,45.0,T3,52.6,2
TX297,29.5,34.4,0.984,78.9,100.3,0.362,-1.53,182.0,19.8,18.0,11.2,13.1,2.21,931.6,34.6,70.3,38.2,normal,67.6,2
TX297,29.5,17.6,0.719,52.1,65.1,0.006,1.21,131.7,217.3,273.9,150.4,1555.7,29.13,1020.6,30.1,75.0,45.9,T3,53.5,2
TX297,29.5,48.1,1.35,105.3,140.9,18.595,-0.44,242.2,5.9,0.0,10.3,8.0,-1.0,1051.2,24.2,30.8,45.2,normal,66.1,2
TX297,29.5,21.4,0.894,62.5,80.9,0.04,-1.38,163.4,19.1,18.8,5.8,2.2,0.91,1024.2,21.8,173.1,55.4,normal,77.8,1
TX298,4.0,15.3,0.766,51.7,66.1,0.006,-1.18,140.3,3.7,3.4,8.2,1.8,3.39,290.4,17.2,36.8,52.1,normal,88.6,0
TX298,4.0,14.9,0.967,58.7,79.5,0.034,0.22,171.7,160.0,257.0,116.1,444.2,3.88,717.7,19.7,59.4,48.3,T2,58.4,2
TX298,4.0,29.5,0.985,74.0,95.5,0.214,-0.85,170.1,7.9,5.7,3.1,4.0,0.24,221.8,14.5,54.9,52.0,normal,89.1,0
TX298,4.0,17.6,0.882,58.3,76.3,0.023,-3.15,155.4,6.9,2.3,6.9,2.5,1.11,452.6,16.8,36.4,63.1,normal,89.0,0
TX299,34.0,21.3,0.978,65.5,86.7,0.079,2.75,174.8,1145.4,266.7,159.1,408.0,1392.42,1090.7,27.7,1044.7,43.2,D2,47.4,3
TX299,34.0,12.0,0.813,50.1,65.9,0.006,-1.33,138.3,22.9,10.9,21.8,7.4,1.36,1193.7,27.9,23.3,59.6,normal,78.3,1
TX300,41.5,36.5,0.852,76.1,93.1,0.164,2.18,152.1,42.3,16.0,16.8,9.5,0.5,1286.2,27.1,76.7,45.8,normal,71.9,1
TX300,41.5,36.5,1.07,84.0,108.5,0.86,0.33,186.8,338.2,912.3,509.0,620.9,14.06,1417.4,36.1,16.5,34.6,T2,42.9,3
TX300,41.5,17.7,0.909,59.4,78.3,0.029,0.93,157.7,2563.4,365.3,59.4,47.3,13.09,1371.5,39.2,1039.9,44.4,PD,37.6,3
TX300,41.5,1.0,0.578,30.0,39.1,0.0,-0.91,105.1,1355.9,363.8,89.5,750.2,458.78,1324.6,39.4,94.5,39.0,D2,45.1,3
TX301,23.0,12.7,0.731,47.8,61.1,0.003,0.53,129.1,9.7,5.2,6.6,7.2,2.43,783.6,17.6,64.2,54.0,normal,83.0,1
TX301,23.0,24.9,0.744,60.4,74.1,0.017,1.98,130.2,24.9,21.3,9.4,5.1,0.76,759.2,24.7,33.5,53.8,normal,81.2,1
TX302,11.6,31.5,0.758,67.5,81.7,0.044,1.68,128.2,8.4,6.5,6.6,4.5,0.69,512.9,19.4,255.3,53.4,normal,82.3,1
TX302,11.6,31.0,0.71,65.2,77.9,0.028,-3.24,126.1,3.2,2.7,7.2,1.3,2.06,569.4,14.5,31.8,53.3,normal,88.5,0
TX302,11.6,19.2,0.849,58.7,75.6,0.021,0.22,155.9,9.6,3.9,1.2,4.2,0.34,474.5,11.2,63.0,56.9,normal,88.4,0
TX302,11.6,23.0,0.928,65.4,84.9,0.064,-4.99,172.5,11.1,6.7,9.7,0.9,0.25,628.1,16.6,13.6,54.9,normal,89.3,0
TX303,23.6,15.5,0.714,49.8,62.7,0.004,-0.66,125.4,10.6,3.4,0.6,0.1,2.0,744.6,24.1,45.5,56.2,normal,81.1,1
TX303,23.6,37.0,0.35,56.5,60.6,0.003,0.86,59.7,200.1,352.9,153.3,558.1,15.84,1162.5,24.0,20.8,37.6,T3,54.0,2
TX304,22.8,19.3,1.073,66.9,91.5,0.138,-2.91,191.0,179.8,518.1,219.8,126.7,7.66,943.9,24.8,59.5,43.4,T1,56.7,2
TX304,22.8,20.7,0.646,52.4,63.4,0.004,-2.05,115.6,877.8,139.0,19.8,12.3,3.6,763.6,29.8,294.7,,PD,57.7,2
TX304,22.8,18.1,0.935,60.8,80.5,0.038,0.62,147.7,19.8,2.1,7.8,5.5,0.21,827.8,14.3,22.7,37.6,normal,79.6,1
TX305,12.5,41.6,0.737,76.9,90.3,0.12,2.02,127.6,10.8,10.0,5.8,2.8,1.69,588.1,,35.3,55.7,normal,86.8,0
TX305,12.5,28.2,0.586,57.6,67.0,0.007,0.6,103.7,167.0,166.0,80.9,669.0,25.27,824.6,21.8,21.3,44.9,T3,62.0,2
TX305,12.5,38.3,0.943,81.2,101.3,0.401,0.13,167.0,8.1,4.1,4.9,2.5,2.21,634.2,16.0,80.1,59.8,normal,85.7,0
TX305,12.5,17.9,0.722,52.6,65.7,0.006,-2.98,128.4,593.4,59.4,32.8,19.8,0.38,523.9,18.9,219.7,51.6,PD,65.1,2
TX306,7.9,9.6,0.955,53.0,73.4,0.016,-1.84,171.1,21.9,580.2,89.3,242.1,5.14,938.0,25.6,35.0,44.4,T1,52.4,2
TX306,7.9,16.6,0.887,57.5,75.7,0.021,1.0,150.5,4.9,4.2,4.8,1.1,0.59,564.6,12.6,0.0,56.6,normal,89.7,0
TX307,25.0,40.1,1.072,87.7,112.3,1.266,2.79,185.8,12.2,5.2,10.2,0.7,2.58,828.1,29.2,41.6,46.6,normal,75.9,1
TX307,25.0,12.6,0.488,38.0,45.0,0.0,0.61,81.8,543.1,164.7,63.0,164.6,211.55,658.5,36.5,330.6,50.0,D1,54.1,2
TX307,25.0,39.7,0.912,81.5,100.5,0.368,-2.82,161.5,12.5,4.6,6.8,4.4,3.69,853.3,18.0,54.1,50.5,normal,82.7,1
TX308,35.8,26.8,0.601,56.7,66.5,0.007,-0.46,101.2,2765.1,679.8,64.8,272.0,1013.09,1291.5,39.6,879.3,43.0,D1,34.1,3
TX308,35.8,22.2,0.733,57.3,70.7,0.011,1.8,131.6,39.6,13.7,19.4,1.0,4.95,1116.3,31.5,31.8,50.2,normal,75.3,1
TX309,13.5,17.8,1.059,64.8,88.9,0.103,1.91,182.5,321.5,380.1,176.4,461.0,37.77,957.5,28.1,124.9,46.1,T3,49.7,3
TX309,13.5,27.7,0.69,61.1,73.3,0.016,-2.35,125.0,20.4,2.9,7.1,5.6,0.26,523.8,,31.7,60.0,normal,87.2,0
TX309,13.5,33.1,0.932,75.6,95.3,0.208,-0.15,157.7,23.9,11.5,3.4,4.9,0.64,531.4,10.8,65.9,54.5,normal,87.7,0
TX309,13.5,43.0,0.845,82.3,99.1,0.319,-1.63,149.1,7.4,9.0,13.6,5.3,4.16,811.0,9.1,0.0,54.9,normal,90.3,0
TX310,5.3,11.5,0.752,47.3,61.3,0.003,0.39,137.4,6.1,2.7,0.5,3.4,-1.0,261.2,8.2,22.9,60.3,normal,92.3,0
TX310,5.3,13.1,0.858,52.9,70.1,0.011,0.29,145.7,6.7,4.0,5.0,3.8,0.2,351.7,20.2,80.7,65.6,normal,85.8,0
TX310,5.3,25.3,0.665,57.8,69.2,0.009,-1.63,113.2,6.4,1.6,6.6,3.8,0.43,353.3,9.2,16.7,49.0,normal,92.4,0
TX310,5.3,31.3,0.754,67.2,81.2,0.042,2.41,123.8,13.0,2.1,3.3,2.1,1.84,366.6,12.4,24.0,,normal,91.1,0
TX311,37.9,36.7,0.756,72.7,86.7,0.08,0.28,129.3,2589.3,301.5,86.5,41.7,13.29,1367.7,35.1,261.1,31.3,PD,34.9,3
TX311,37.9,14.5,0.789,51.7,66.8,0.007,1.99,140.3,133.5,596.3,292.9,210.4,8.31,1446.4,31.3,105.6,43.3,T1,51.9,3
TX311,37.9,22.6,1.008,67.8,90.1,0.117,3.44,168.6,38.7,11.3,8.4,4.0,1.89,1121.1,33.1,30.7,47.7,normal,73.3,1
TX312,43.2,32.7,0.694,66.4,78.6,0.03,1.02,120.1,17.7,5.7,29.1,4.5,1.57,1366.8,26.2,90.3,37.7,normal,67.5,2
TX312,43.2,17.1,0.664,49.6,61.0,0.003,-0.35,116.5,141.8,309.5,277.7,644.7,7.42,1336.1,34.1,21.9,50.3,T2,57.0,2
TX312,43.2,19.9,1.011,65.3,87.7,0.088,1.86,180.7,33.2,23.0,17.8,12.3,3.24,1462.5,42.0,28.2,48.7,normal,69.7,2
TX312,43.2,19.7,0.587,49.1,58.5,0.002,4.29,101.5,34.3,12.1,17.3,7.5,-1.0,1215.7,35.9,50.1,,normal,67.7,2
TX313,24.0,44.0,0.793,81.4,96.5,0.24,2.6,141.4,13.5,20.0,7.5,0.1,0.84,731.6,15.0,42.8,49.4,normal,84.3,1
TX313,24.0,16.0,0.957,59.4,79.9,0.035,-0.92,165.7,28.0,12.6,10.7,1.2,2.06,1004.0,23.5,40.2,48.2,normal,80.1,1
TX313,24.0,27.3,0.607,57.5,67.4,0.007,-1.74,111.5,290.7,648.8,374.7,1600.3,44.21,1294.0,30.2,52.5,33.1,T2,40.3,3
TX314,7.5,30.0,0.984,74.4,95.9,0.223,-2.4,167.4,8.4,7.6,2.4,3.2,1.73,445.9,11.0,91.6,57.2,normal,88.5,0
TX314,7.5,20.0,0.489,45.5,52.5,0.001,-1.34,91.1,14.6,1.6,3.7,1.1,0.29,336.4,16.0,89.6,59.2,normal,86.7,0
TX314,7.5,9.7,1.131,59.4,86.2,0.074,3.88,199.8,10.7,6.3,5.6,3.9,0.64,329.1,16.4,0.0,61.9,normal,85.8,0
TX314,7.5,40.0,0.576,68.9,78.0,0.028,-0.44,100.5,10.1,4.4,3.1,4.4,0.55,462.2,9.9,26.3,57.7,normal,91.5,0
TX315,46.5,22.8,0.693,56.4,68.6,0.009,-2.02,126.7,1435.4,1108.8,213.7,350.7,2096.53,1537.4,42.6,438.9,25.5,D1,23.4,3
TX315,46.5,25.3,0.69,58.7,70.9,0.012,2.56,125.9,502.8,156.3,105.8,331.3,798.41,1450.9,38.2,266.3,35.2,D1,41.0,3
TX316,9.8,40.0,0.621,70.8,81.0,0.041,-3.46,110.9,16.0,6.2,8.2,4.9,1.78,525.3,18.4,37.9,57.5,normal,86.7,0
TX316,9.8,25.4,0.668,58.0,69.5,0.01,1.9,120.0,65.5,59.7,110.5,188.0,1.31,360.6,20.7,52.2,57.2,T2,76.5,1
TX316,9.8,27.8,1.059,74.9,99.0,0.316,-0.18,184.1,307.4,154.3,36.4,144.1,520.05,624.6,24.2,1827.1,48.9,D1,56.7,2
TX317,4.9,27.7,0.548,55.5,63.9,0.005,-1.14,93.2,14.2,5.9,9.8,0.1,2.54,185.2,12.5,0.0,56.6,normal,90.4,0
TX317,4.9,20.0,0.803,57.8,73.3,0.016,-1.17,137.3,11.7,5.2,6.7,1.1,0.53,411.5,13.1,86.5,55.5,normal,88.5,0
TX317,4.9,24.1,0.675,56.9,68.7,0.009,-2.04,115.8,5.0,1.2,2.5,4.6,0.52,433.7,13.8,14.2,56.7,normal,91.9,0
TX318,13.3,17.1,1.099,65.7,91.3,0.134,-1.56,186.2,20.4,6.2,7.5,6.9,0.14,552.6,13.8,47.3,44.2,normal,84.1,1
TX318,13.3,10.9,0.941,53.8,73.8,0.017,-3.34,169.4,14.4,5.5,5.7,0.3,1.42,581.8,17.3,28.7,58.5,normal,87.0,0
TX318,13.3,19.2,0.862,59.1,76.5,0.023,-1.36,148.4,18.6,11.5,3.9,0.5,1.84,536.8,22.1,29.6,52.4,normal,84.8,1
TX319,20.0,13.4,1.098,61.9,87.5,0.087,-0.57,192.5,2189.4,199.9,42.7,21.6,4.42,741.2,25.6,3327.4,36.7,PD,40.9,3
TX319,20.0,21.6,0.708,55.8,68.4,0.008,0.71,123.4,15.5,9.2,11.1,5.4,1.44,740.4,21.0,0.0,51.8,normal,81.6,1
TX320,18.3,19.0,0.933,61.5,81.2,0.042,-1.37,159.6,19.8,16.6,4.9,6.3,2.76,769.2,13.2,56.8,48.9,normal,85.1,0
TX320,18.3,23.5,0.704,57.5,70.1,0.01,0.28,121.5,150.6,345.1,49.3,453.4,5.76,851.9,18.0,268.4,51.6,T2,62.5,2
TX321,17.8,14.9,0.783,51.9,66.7,0.007,2.1,137.9,942.9,67.1,34.5,15.3,1.36,641.2,28.4,203.4,43.1,PD,55.4,2
TX321,17.8,32.7,0.982,77.1,98.4,0.295,2.61,182.0,16.4,5.9,5.4,5.1,1.81,802.8,25.6,57.7,52.8,normal,81.2,1
TX322,41.4,40.0,1.106,88.8,114.7,1.601,-2.26,189.7,308.6,1006.1,584.1,331.3,16.06,1725.5,35.1,14.6,20.0,T1,31.8,3
TX322,41.4,28.4,0.564,56.8,65.6,0.006,1.78,98.3,14.4,9.9,6.9,5.8,0.46,1358.7,27.8,30.7,41.6,normal,71.7,1
TX323,33.4,23.4,1.127,72.9,99.5,0.332,-1.38,200.1,157.5,485.5,140.7,323.4,10.51,1216.9,29.1,14.2,40.8,T2,54.0,2
TX323,33.4,17.0,0.848,56.4,73.3,0.016,-1.53,147.9,81.5,552.3,350.3,144.4,11.43,1206.8,27.9,163.2,49.4,T1,56.1,2
TX323,33.4,23.3,0.899,64.6,83.2,0.052,1.65,159.4,30.0,10.3,13.7,6.8,1.55,998.8,24.7,88.2,51.6,normal,76.9,1
TX323,33.4,26.5,0.862,66.4,83.8,0.056,2.23,153.1,977.5,141.4,60.9,220.1,1040.62,1236.7,22.3,483.5,49.3,D1,54.0,2
TX324,39.5,29.9,0.767,66.3,80.7,0.039,-2.61,137.0,920.4,267.3,116.0,921.2,595.11,1175.7,26.3,0.0,35.7,D2,42.0,3
TX324,39.5,37.1,0.807,75.0,90.6,0.123,-0.29,140.9,35.0,6.5,3.9,8.0,1.19,1344.4,28.4,50.3,45.2,normal,72.6,1
TX325,12.4,20.0,0.913,61.9,80.9,0.04,2.54,164.8,16.8,9.4,2.1,3.7,1.21,552.1,12.2,77.9,62.8,normal,87.1,0
TX325,12.4,20.2,1.128,69.7,96.4,0.237,-1.29,192.2,10.5,1.7,9.1,3.8,2.6,565.3,15.8,15.3,64.0,normal,89.0,0
TX325,12.4,31.9,0.669,64.5,76.0,0.022,-2.64,117.7,16.1,8.3,7.7,2.2,0.98,551.5,19.5,27.5,56.2,normal,86.4,0
TX325,12.4,23.4,0.732,58.4,71.8,0.013,1.89,130.8,9.0,7.9,7.6,8.6,1.42,686.8,12.6,44.5,48.4,normal,87.3,0
TX326,35.8,10.1,0.925,52.4,71.8,0.013,-2.73,158.6,25.8,16.9,17.6,8.9,1.96,1138.0,22.2,119.7,49.1,normal,76.2,1
TX326,35.8,19.9,0.862,59.9,77.3,0.026,-1.65,146.5,20.0,18.7,18.0,11.6,1.37,1275.6,34.6,40.3,53.7,normal,74.0,1
TX326,35.8,35.8,0.683,68.9,80.9,0.04,-1.84,122.7,207.2,303.8,92.1,1471.7,44.67,1290.1,32.7,68.7,,T3,53.2,2
TX327,23.0,27.1,0.996,72.0,93.8,0.178,-3.56,169.4,9.6,16.8,8.7,3.5,0.52,727.3,14.7,180.1,55.0,normal,82.2,1
TX327,23.0,23.6,0.947,66.7,86.8,0.08,-4.96,162.5,16.4,7.4,7.6,2.5,1.5,902.8,26.4,61.3,58.7,normal,79.6,1
TX327,23.0,38.6,1.053,85.5,109.4,0.937,1.38,180.2,15.4,3.8,8.4,5.2,2.87,837.9,21.7,59.5,52.0,normal,81.5,1
TX328,11.0,6.8,0.663,39.2,50.6,0.001,5.36,115.2,15.4,6.3,1.0,4.2,0.32,485.3,12.5,29.9,56.9,normal,89.4,0
TX328,11.0,9.2,0.852,48.8,65.9,0.006,-1.86,147.8,711.6,61.1,17.5,19.5,1.76,528.1,26.0,182.9,51.8,PD,60.3,2
TX328,11.0,25.4,0.842,64.6,81.3,0.042,-4.52,149.9,19.2,6.3,1.5,6.1,2.19,525.7,14.0,38.8,60.2,normal,88.0,0
TX328,11.0,37.0,0.634,68.2,78.8,0.031,-0.38,109.5,11.7,7.2,5.5,3.5,0.27,523.8,18.0,26.5,63.2,normal,87.5,0
TX329,14.8,23.9,0.864,63.9,81.3,0.042,0.9,153.9,560.1,103.8,21.4,147.1,558.8,499.7,22.6,70.1,56.8,D1,63.8,2
TX329,14.8,18.2,0.662,50.5,61.9,0.004,-0.85,115.4,10.8,6.4,4.5,2.8,2.14,494.9,10.1,0.0,61.4,normal,88.9,0
TX330,22.5,21.3,0.337,40.1,44.0,0.0,-0.22,57.8,25.2,9.3,11.3,6.6,1.22,803.1,22.9,19.8,47.1,normal,81.6,1
TX330,22.5,21.6,0.807,59.4,75.0,0.02,-0.1,146.9,1348.9,234.6,47.2,14.4,1.06,770.1,28.2,1344.7,43.1,PD,46.5,3
TX331,34.9,26.5,0.891,67.5,85.8,0.071,-3.14,156.0,1688.7,805.4,76.0,20.4,14.91,907.0,31.7,712.3,47.3,PD,39.3,3
TX331,34.9,31.8,0.602,61.8,71.5,0.013,3.69,103.6,26.2,7.1,26.0,9.1,0.23,1100.9,26.0,25.9,42.5,normal,74.5,1
TX332,5.0,22.8,1.014,68.3,90.8,0.126,-1.04,186.0,4.2,6.2,1.8,3.5,0.46,328.9,15.0,40.1,63.5,normal,89.3,0
TX332,5.0,20.5,0.649,52.3,63.4,0.004,3.02,113.7,11.3,4.7,3.2,2.4,0.67,345.6,16.6,65.3,66.0,normal,87.6,0
TX332,5.0,33.0,0.984,77.5,98.9,0.31,-2.26,173.0,10.9,6.2,8.9,1.0,0.1,331.4,10.3,117.8,49.8,normal,88.9,0
TX333,8.6,13.8,0.819,52.1,68.1,0.008,-2.36,141.9,6.0,3.6,5.1,4.7,1.09,354.2,13.8,125.3,60.8,normal,86.7,0
TX333,8.6,41.8,0.581,70.9,80.2,0.037,0.76,106.6,5.8,6.8,2.9,0.9,0.57,582.9,8.5,30.1,65.6,normal,91.1,0
TX333,8.6,21.3,0.924,63.6,82.9,0.051,-1.52,156.3,8.4,7.3,4.0,4.9,1.99,352.2,8.1,15.4,57.9,normal,92.2,0
TX334,40.1,23.7,1.038,70.0,93.4,0.169,-4.24,175.1,323.9,428.1,112.3,1617.8,23.53,1345.9,39.6,61.1,46.3,T3,49.8,3
TX334,40.1,21.8,1.133,71.5,98.4,0.295,0.33,207.1,468.7,1108.0,498.8,153.7,8.32,1453.3,38.2,22.9,,T1,38.0,3
TX334,40.1,30.6,1.05,77.4,101.2,0.4,0.48,185.9,681.1,482.7,55.6,36.9,9.59,1291.6,31.0,775.2,36.0,PD,39.1,3
TX334,40.1,33.0,0.866,73.1,90.5,0.123,-1.54,156.9,2026.5,638.2,295.9,869.3,1346.97,1180.8,36.1,1040.5,33.2,D1,31.4,3
TX335,8.8,18.3,0.628,49.3,59.7,0.003,1.06,111.1,149.7,295.0,223.6,124.1,9.84,933.0,21.5,39.6,48.6,T1,61.4,2
TX335,8.8,7.0,0.733,42.1,55.5,0.002,-0.25,124.8,10.9,5.5,1.8,0.4,1.45,380.3,6.8,62.1,62.3,normal,89.5,0
TX335,8.8,34.9,0.457,59.0,65.3,0.006,0.02,76.9,2.1,3.5,4.6,1.6,1.19,546.5,14.9,54.4,60.8,normal,87.9,0
TX336,11.2,11.0,0.795,48.4,63.6,0.005,4.12,132.3,6.2,2.5,3.3,0.3,1.17,495.1,18.4,33.9,54.8,normal,86.9,0
TX336,11.2,38.9,0.933,81.5,101.2,0.397,-0.07,156.2,9.0,11.6,4.3,1.4,0.4,458.9,11.4,26.2,62.5,normal,90.1,0
TX336,11.2,13.6,0.544,41.2,49.5,0.001,2.72,92.8,10.1,10.2,6.8,4.5,0.01,480.0,18.3,80.7,54.2,normal,85.1,0
TX336,11.2,19.1,0.487,44.4,51.3,0.001,-1.51,88.6,8.3,11.1,1.9,6.6,0.47,700.5,12.4,23.8,56.3,normal,89.8,0
TX337,25.6,12.0,0.828,50.6,66.9,0.007,-3.67,138.8,337.4,728.6,444.6,1156.6,35.53,1093.7,35.4,34.8,50.4,T2,50.6,3
TX337,25.6,42.1,0.783,79.1,94.0,0.182,-2.4,133.5,13.8,7.6,3.2,8.5,0.22,1074.3,25.6,38.0,54.6,normal,80.4,1
TX338,8.9,25.2,0.721,59.9,72.9,0.015,1.26,133.4,4.0,6.7,4.0,5.0,0.93,507.1,20.5,78.0,59.4,normal,84.9,1
TX338,8.9,30.3,0.773,66.9,81.5,0.043,0.83,134.0,5.8,1.6,8.6,0.4,1.35,489.1,17.6,25.9,55.4,normal,88.3,0
TX339,9.8,15.1,0.732,50.1,63.4,0.004,-0.66,128.4,15.9,1.6,8.6,0.7,0.61,413.5,22.3,27.4,58.2,normal,86.0,0
TX339,9.8,27.9,0.78,64.8,79.6,0.034,-1.49,141.5,3.3,4.7,6.8,1.3,1.25,477.2,13.5,13.3,63.6,normal,91.0,0
TX340,46.2,26.8,0.965,70.6,91.4,0.135,0.23,171.7,753.3,1150.1,253.4,3267.7,100.26,1675.9,35.0,37.4,28.3,T3,32.2,3
TX340,46.2,31.9,0.76,68.0,82.2,0.047,2.67,140.7,336.6,924.0,545.1,269.6,12.5,1681.2,42.8,132.9,34.7,T1,34.5,3
TX340,46.2,31.4,0.649,63.3,74.3,0.018,0.02,121.1,939.3,1023.9,123.9,1588.3,1955.9,1523.4,44.8,1535.8,35.9,D2,31.1,3
TX341,29.1,9.1,0.857,48.9,66.1,0.006,0.85,156.3,772.0,69.0,126.8,429.3,921.61,697.1,29.0,566.5,36.9,D1,37.1,3
TX341,29.1,14.8,0.868,55.0,72.5,0.014,2.27,147.7,3468.2,345.4,62.7,68.9,5.1,878.4,29.8,1034.8,39.9,PD,37.2,3
TX342,11.5,37.9,0.574,66.7,75.8,0.021,-1.07,97.8,1109.5,297.0,37.0,433.6,843.03,491.5,23.7,292.7,56.0,D2,53.4,2
TX342,11.5,24.9,0.78,61.8,76.6,0.024,1.24,138.5,1.6,6.6,1.4,3.3,2.21,561.7,16.1,47.2,54.2,normal,87.0,0
TX343,19.1,17.4,0.922,59.5,78.8,0.031,4.77,155.0,20.5,9.4,13.4,6.0,0.07,607.9,25.3,158.5,57.2,normal,79.0,1
TX343,19.1,-1.8,0.964,41.9,62.7,0.004,2.6,171.8,19.3,9.5,2.6,4.2,0.6,788.1,20.6,41.3,56.7,normal,83.6,1
TX344,10.1,9.3,1.028,55.3,78.3,0.029,1.41,189.4,835.9,212.8,34.7,11.1,3.87,573.8,19.4,443.4,45.8,PD,54.2,2
TX344,10.1,49.2,0.821,87.6,103.7,0.518,-0.82,139.5,12.9,4.5,5.0,3.5,1.44,409.3,19.3,61.3,49.7,normal,85.3,0
TX345,48.0,24.1,0.811,62.1,77.9,0.028,2.7,147.4,231.4,469.4,186.5,744.6,14.57,1536.4,43.6,96.6,36.4,T2,43.2,3
TX345,48.0,21.8,0.347,41.1,45.1,0.0,-1.7,59.0,2390.2,667.4,247.0,740.7,2119.98,1344.0,37.3,0.0,18.2,D1,25.0,3
TX346,23.9,23.7,0.563,52.1,60.9,0.003,2.63,102.5,12.7,9.7,8.0,9.5,0.22,1008.4,20.4,92.0,53.4,normal,81.0,1
TX346,23.9,24.0,0.284,40.4,43.3,0.0,1.37,50.2,16.2,16.1,12.8,5.0,3.1,806.9,19.3,20.5,48.9,normal,83.5,1
TX347,27.3,4.4,0.855,44.1,61.2,0.003,0.61,148.7,20.3,5.8,9.3,5.0,3.27,834.2,25.3,30.5,44.3,normal,77.0,1
TX347,27.3,27.0,0.681,60.1,72.0,0.013,-2.35,114.1,26.6,10.1,9.3,7.1,0.76,987.7,25.3,35.8,52.1,normal,80.0,1
TX348,7.2,16.6,1.017,62.2,84.8,0.064,-0.16,179.5,1.1,4.3,8.5,4.2,0.36,232.1,7.7,35.3,65.7,normal,91.2,0
TX348,7.2,27.7,0.696,61.3,73.7,0.016,0.12,120.1,9.7,3.2,0.3,1.5,1.17,442.5,13.1,39.0,63.3,normal,89.6,0
TX349,32.0,10.6,1.001,55.6,77.7,0.027,4.45,173.7,15.5,13.7,23.3,9.6,3.1,1003.9,30.9,58.1,47.7,normal,74.3,1
TX349,32.0,15.9,0.958,59.3,79.9,0.035,-1.87,171.8,17.1,19.3,2.5,8.7,0.62,1118.1,26.6,34.3,44.9,normal,75.7,1
TX350,11.0,26.5,0.365,46.6,51.0,0.001,1.13,63.4,423.6,95.9,16.9,4.9,6.35,529.8,19.3,486.3,48.0,PD,64.4,2
TX350,11.0,34.3,1.026,80.2,103.2,0.491,2.89,175.9,230.2,433.5,293.1,111.4,0.09,713.5,20.9,120.9,46.7,T1,56.6,2
TX350,11.0,19.7,0.917,61.7,80.8,0.04,-0.86,166.9,14.6,10.8,3.7,5.8,2.73,623.1,15.0,10.8,57.0,normal,90.1,0
TX350,11.0,30.4,0.787,67.6,82.6,0.049,1.8,139.0,15.9,7.0,2.2,3.3,2.73,551.2,14.6,101.3,68.3,normal,85.9,0
TX351,28.9,19.5,0.741,54.9,68.5,0.009,2.31,124.4,71.2,149.5,398.3,147.6,2.37,1068.8,31.4,107.6,43.1,T1,60.0,2
TX351,28.9,20.0,0.502,45.9,53.2,0.001,-0.33,86.7,8.3,7.7,7.1,7.1,2.12,1017.0,27.9,68.6,47.7,normal,76.2,1
TX351,28.9,12.9,0.857,52.6,69.8,0.01,-3.16,155.7,1086.3,225.5,88.6,617.1,2321.07,1079.9,36.4,233.2,33.6,D2,39.2,3
TX352,24.9,13.9,0.883,54.6,72.6,0.015,0.71,156.1,16.8,4.7,11.7,4.0,0.73,855.8,26.3,24.2,51.9,normal,81.2,1
TX352,24.9,33.3,0.657,65.5,76.7,0.024,-1.86,123.5,23.2,2.1,8.6,4.5,2.71,853.0,25.1,35.2,42.0,normal,76.2,1
TX352,24.9,24.7,0.805,62.5,78.1,0.028,-2.17,146.3,6.2,8.2,10.9,5.7,3.37,816.0,26.8,105.6,53.7,normal,77.9,1
TX353,19.7,5.6,0.95,48.8,69.0,0.009,-0.16,165.9,12.4,7.5,1.8,9.5,0.53,874.0,18.1,113.3,48.5,normal,81.7,1
TX353,19.7,19.9,0.866,60.0,77.4,0.026,-0.42,149.9,6.7,6.7,6.0,4.8,2.68,705.3,17.1,33.2,66.9,normal,85.3,0
TX354,17.4,33.7,0.989,78.3,99.9,0.346,2.14,184.8,15.4,10.1,11.3,1.0,4.26,626.0,17.2,19.7,48.1,normal,85.5,0
TX354,17.4,27.1,0.824,65.7,81.8,0.045,2.53,149.6,20.3,18.0,12.9,3.5,1.12,728.7,18.5,25.7,48.7,normal,84.8,1
TX354,17.4,26.3,1.019,72.0,94.7,0.197,-0.82,169.6,3.5,6.5,14.8,5.1,1.52,682.7,22.7,50.9,41.4,normal,78.1,1
TX354,17.4,22.8,0.775,59.5,74.1,0.017,1.62,137.7,11.9,4.0,1.4,2.2,1.65,693.1,18.3,34.6,49.0,normal,84.8,1
TX355,15.5,19.7,0.599,49.5,59.2,0.002,2.82,106.0,10.6,11.2,6.4,6.7,2.13,596.8,9.8,21.6,52.9,normal,89.8,0
TX355,15.5,20.1,0.576,49.1,58.2,0.002,0.57,101.1,6.9,8.9,13.2,5.1,0.33,607.2,17.4,106.7,65.1,normal,84.0,1
TX355,15.5,16.4,0.986,60.9,82.4,0.048,3.41,165.9,593.8,249.7,93.8,277.5,594.47,912.2,23.0,461.1,42.7,D1,52.1,2
TX356,13.2,33.7,0.637,65.0,75.7,0.021,-1.46,107.4,3.8,1.7,7.9,4.2,0.86,459.8,15.2,25.1,61.6,normal,88.4,0
TX356,13.2,27.0,1.203,79.2,108.8,0.883,0.76,220.2,13.0,6.9,8.9,5.4,0.68,771.3,16.2,66.2,57.2,normal,85.8,0
TX356,13.2,31.1,0.813,69.2,85.0,0.065,-1.03,143.8,17.1,6.2,4.7,5.5,0.8,490.3,21.7,42.7,59.7,normal,84.4,1
TX357,28.0,25.8,0.919,67.8,87.0,0.082,1.77,153.6,268.5,427.5,111.9,822.4,14.12,1218.0,,27.1,50.1,T3,58.3,2
TX357,28.0,25.1,0.913,67.0,86.0,0.073,-0.0,163.1,33.5,10.6,5.8,2.8,0.73,1146.7,27.4,38.1,55.0,normal,78.8,1
TX357,28.0,21.4,0.645,53.1,64.0,0.005,0.1,116.6,16.2,12.2,6.0,7.0,0.86,930.6,,31.6,49.9,normal,81.9,1
TX358,9.6,17.2,1.008,62.5,84.8,0.064,-1.01,178.9,9.2,4.5,3.1,2.3,0.85,486.2,14.1,26.3,54.1,normal,89.4,0
TX358,9.6,31.2,0.78,68.1,82.8,0.05,-1.56,142.8,11.6,5.3,0.6,2.4,0.39,377.1,,20.4,58.3,normal,90.7,0
TX358,9.6,22.4,0.547,50.1,58.5,0.002,1.03,98.2,6.2,5.2,1.8,4.4,2.31,546.4,18.4,38.0,50.8,normal,86.8,0
TX358,9.6,33.6,0.959,77.2,97.7,0.274,2.09,173.5,22.4,6.2,4.0,3.4,1.24,476.7,7.4,41.5,55.0,normal,89.9,0
TX359,11.6,26.2,0.456,50.2,56.5,0.002,-0.28,83.6,7.7,10.4,6.0,3.5,0.58,392.4,15.0,96.3,63.8,normal,86.0,0
TX359,11.6,15.3,1.153,65.7,93.3,0.168,-1.16,195.8,13.9,5.5,5.3,1.2,0.65,540.0,15.5,54.2,51.0,normal,86.9,0
TX359,11.6,43.5,1.169,94.5,122.7,3.523,-1.86,203.0,14.2,5.6,5.2,4.3,0.44,641.0,7.3,78.8,55.3,normal,82.9,1
TX360,27.1,15.5,0.472,40.2,46.8,0.0,3.79,83.6,7.7,6.4,15.5,4.7,0.44,838.3,26.4,24.2,59.2,normal,80.8,1
TX360,27.1,27.6,0.858,67.4,84.6,0.062,0.51,151.4,34.2,14.4,12.3,4.4,1.76,838.1,24.3,7.8,64.2,normal,83.2,1
TX360,27.1,21.7,0.824,60.3,76.4,0.023,-1.66,151.6,283.3,1300.8,354.7,1153.8,17.82,1336.5,33.4,21.9,42.1,T2,47.0,3
TX361,13.1,33.1,0.643,64.7,75.5,0.021,1.82,112.4,6.5,4.3,4.0,4.6,0.34,463.3,16.1,70.6,50.4,normal,85.9,0
TX361,13.1,15.5,0.896,56.7,75.2,0.02,-0.57,145.7,429.2,235.7,63.7,396.6,951.35,642.8,25.7,775.6,53.1,D2,53.7,2
TX362,24.3,37.8,0.872,78.2,95.8,0.223,-0.72,153.9,1899.0,473.3,107.4,54.7,7.37,802.1,23.4,388.0,40.7,PD,44.7,3
TX362,24.3,12.6,0.679,45.6,57.5,0.002,0.92,121.2,17.5,8.2,7.7,3.0,1.99,803.5,21.5,48.7,49.5,normal,81.4,1
TX363,14.2,26.5,0.994,71.3,93.0,0.163,-2.06,167.3,1382.2,303.8,120.0,207.1,778.18,559.1,25.7,1065.7,52.3,D1,47.6,3
TX363,14.2,20.9,0.834,59.8,76.2,0.023,0.0,153.6,550.6,145.1,14.9,15.6,2.63,296.1,19.1,395.3,45.6,PD,60.4,2
TX363,14.2,27.0,0.879,67.6,85.5,0.069,2.66,150.6,17.2,9.2,7.2,5.6,3.59,777.3,23.2,16.7,56.7,normal,85.2,0
TX364,26.3,23.6,0.695,57.3,69.6,0.01,0.59,124.0,502.8,712.1,574.5,682.2,23.09,1243.0,32.7,74.6,41.1,T2,43.1,3
TX364,26.3,8.9,0.878,49.4,67.3,0.007,0.99,149.4,299.3,906.9,555.2,209.7,12.24,1115.1,27.5,127.4,35.2,T1,44.3,3
TX364,26.3,34.4,0.979,78.7,99.9,0.347,3.85,178.3,11.7,5.2,11.3,2.7,1.39,990.0,27.9,0.0,,normal,77.3,1
TX364,26.3,46.3,0.793,83.7,98.9,0.31,1.45,143.8,359.5,310.0,190.1,260.4,40.46,1105.8,29.5,20.9,49.2,T3,57.7,2
TX365,48.0,30.6,0.776,67.4,82.0,0.046,-1.02,139.8,271.4,614.3,406.2,3743.4,36.28,1840.3,35.4,52.1,37.7,T3,38.6,3
TX365,48.0,35.9,0.796,73.4,88.7,0.1,0.81,138.9,32.5,16.3,17.2,17.1,0.24,1526.3,31.9,52.0,30.1,normal,61.2,2
TX365,48.0,16.0,0.509,42.2,49.7,0.001,-2.8,92.2,276.1,552.4,194.0,1198.2,59.39,1693.7,33.6,114.9,36.3,T3,44.0,3
TX365,48.0,33.3,0.743,68.8,82.4,0.048,2.72,129.2,255.6,371.8,139.7,600.5,762.89,1443.7,43.2,164.9,34.3,D1,37.6,3
TX366,34.0,2.5,1.085,50.5,75.6,0.021,-3.3,180.7,1565.4,314.1,64.5,39.4,6.69,1147.6,36.8,1612.5,42.0,PD,42.1,3
TX366,34.0,16.6,1.189,68.3,97.3,0.261,-0.17,210.8,35.5,23.7,16.3,3.4,2.28,1238.1,21.7,71.9,54.6,normal,78.1,1
TX367,25.5,25.4,0.66,57.7,69.0,0.009,-2.39,118.5,340.1,172.4,309.8,840.3,10.94,1201.2,27.5,88.3,40.9,T2,50.3,3
TX367,25.5,19.1,0.858,59.0,76.2,0.022,2.45,150.6,279.6,889.4,390.6,945.7,22.96,1128.1,27.6,39.9,43.1,T2,50.8,3
TX367,25.5,11.4,0.969,55.2,76.2,0.022,2.49,169.2,14.1,5.7,16.8,7.9,1.96,923.2,22.6,77.6,49.1,normal,79.6,1
TX368,48.0,8.8,0.697,42.5,54.9,0.001,0.66,121.4,28.2,23.8,15.3,13.1,0.69,1469.2,33.1,15.4,47.5,normal,72.9,1
TX368,48.0,23.8,0.782,60.8,75.6,0.021,0.32,136.8,27.8,29.2,15.5,18.3,1.08,1470.0,34.8,29.8,43.2,normal,68.3,2
TX369,23.8,24.9,1.094,73.2,98.6,0.301,0.99,190.1,20.7,23.6,9.0,8.4,0.82,964.6,19.3,37.4,53.6,normal,83.0,1
TX369,23.8,21.6,1.088,69.7,94.9,0.2,1.34,197.7,21.0,4.1,13.6,2.4,1.55,888.3,24.5,25.2,60.6,normal,81.9,1
TX369,23.8,17.3,0.723,52.0,65.1,0.005,-1.76,127.4,20.0,3.5,11.2,0.7,2.44,884.8,29.7,36.4,54.6,normal,79.1,1
TX369,23.8,42.2,1.035,88.4,111.7,1.187,2.91,186.3,1058.6,584.0,82.8,485.8,585.45,1004.7,22.3,520.3,33.9,D1,40.1,3
TX370,21.5,38.9,0.731,73.9,87.2,0.084,3.55,129.3,11.0,12.0,11.3,5.2,1.94,760.4,21.3,55.0,54.2,normal,82.1,1
TX370,21.5,31.0,0.924,73.2,92.6,0.155,-1.95,158.0,466.9,20.9,46.4,24.5,5.14,841.0,31.6,766.8,54.8,PD,58.9,2
TX370,21.5,34.7,0.915,76.6,95.7,0.219,0.65,160.1,194.1,415.0,271.0,161.2,-1.0,1206.9,21.0,11.6,43.2,T1,59.1,2
TX371,16.6,19.1,0.753,54.9,68.9,0.009,-1.82,120.8,25.5,8.9,8.8,2.8,0.98,650.5,28.2,58.0,53.1,normal,80.3,1
TX371,16.6,45.4,0.899,86.8,105.3,0.615,-1.1,158.8,23.6,6.7,2.1,0.9,0.9,674.0,18.1,86.9,51.9,normal,83.6,1
TX371,16.6,20.7,0.604,50.7,60.5,0.003,-0.82,101.0,11.1,16.1,11.0,7.0,0.98,523.2,22.5,49.5,59.0,normal,82.9,1
TX372,30.8,40.0,0.758,76.1,90.2,0.118,-0.94,138.5,212.2,566.7,242.6,961.4,23.92,1321.6,30.7,44.7,39.8,T2,49.7,3
TX372,30.8,23.2,0.595,52.9,62.4,0.004,-1.68,102.3,34.7,13.6,10.0,12.1,0.41,990.8,25.0,56.1,41.6,normal,73.5,1
TX372,30.8,22.6,0.639,54.1,64.8,0.005,-0.14,112.8,16.3,8.0,12.0,5.9,0.51,1231.4,25.3,74.4,51.2,normal,78.0,1
TX372,30.8,19.6,0.783,56.6,71.5,0.012,5.04,136.3,61.4,424.6,185.0,1117.0,44.04,1244.9,23.2,33.4,49.0,T3,61.6,2
TX373,31.3,19.4,1.013,64.9,87.3,0.085,2.64,181.5,27.2,15.4,12.0,4.1,3.82,1131.1,24.3,57.6,53.8,normal,78.2,1
TX373,31.3,34.5,0.898,75.8,94.3,0.188,1.17,157.0,514.6,888.6,338.8,1045.2,9.52,1354.5,27.8,48.8,29.5,T2,37.8,3
TX373,31.3,15.5,0.717,49.9,62.8,0.004,-4.55,123.5,14.5,12.7,3.1,9.1,0.5,1068.3,29.8,78.7,49.5,normal,75.6,1
TX373,31.3,28.6,1.15,78.9,106.4,0.689,3.73,206.8,36.6,14.8,9.6,3.0,0.35,997.7,23.9,59.6,,normal,74.8,1
TX374,17.0,27.1,0.772,63.7,78.2,0.029,-2.49,140.1,13.2,7.4,9.4,4.6,0.88,591.0,19.6,36.1,56.5,normal,84.8,1
TX374,17.0,22.1,0.818,60.4,76.4,0.023,-0.59,140.8,328.7,553.9,179.4,1440.9,22.0,756.1,27.4,25.4,52.8,T3,57.9,2
TX375,14.6,21.9,1.312,77.8,111.8,1.2,-2.38,233.9,4.4,9.7,2.5,3.3,0.49,676.2,16.0,37.0,53.6,normal,86.1,0
TX375,14.6,27.9,0.766,64.3,78.6,0.03,1.86,132.9,11.4,12.2,9.9,7.7,0.84,721.9,15.4,103.9,54.4,normal,84.8,1
TX375,14.6,22.2,0.643,53.8,64.6,0.005,5.04,109.3,22.3,10.6,3.5,0.9,0.98,549.9,16.4,22.9,61.0,normal,87.4,0
TX375,14.6,22.4,0.856,62.1,79.3,0.033,0.61,151.8,203.5,467.2,184.0,22.0,4.08,1074.2,30.7,23.0,44.8,T1,55.8,2
TX376,27.2,34.2,0.74,69.6,83.2,0.052,0.64,135.0,13.7,17.0,12.1,6.2,1.14,916.5,25.6,57.2,53.4,normal,79.0,1
TX376,27.2,17.4,0.701,51.3,63.7,0.005,-2.62,121.0,1195.2,290.7,35.3,537.2,1276.69,930.2,29.7,399.9,46.9,D2,51.7,3
TX377,14.3,27.6,0.945,70.6,90.7,0.126,0.18,164.7,10.2,13.4,8.6,4.0,1.2,530.8,8.4,75.9,52.5,normal,87.7,0
TX377,14.3,6.4,1.065,53.7,78.1,0.028,-0.65,182.0,11.2,5.7,3.8,7.1,1.64,504.6,21.5,29.3,54.8,normal,85.0,1
TX378,9.2,26.6,0.89,67.6,85.8,0.071,-4.07,159.7,0.0,2.8,6.5,0.3,0.77,334.3,14.1,77.4,65.9,normal,87.6,0
TX378,9.2,49.2,0.875,89.6,107.4,0.764,-0.01,151.5,3.2,7.2,9.7,2.4,1.82,383.9,15.6,23.1,45.4,normal,86.6,0
TX379,9.3,23.2,0.792,60.6,75.7,0.021,1.32,143.2,13.1,4.6,9.0,0.5,3.21,562.9,12.7,52.0,56.4,normal,88.4,0
TX379,9.3,22.4,1.071,69.9,94.5,0.191,0.3,188.5,65.1,133.6,156.6,534.4,10.57,532.6,12.2,19.7,51.1,T2,69.2,2
TX379,9.3,40.3,0.898,81.6,100.1,0.356,0.47,156.1,15.3,8.9,4.4,2.4,0.27,524.0,11.5,26.7,66.4,normal,90.4,0
TX379,9.3,21.3,0.647,53.0,64.0,0.005,-1.11,110.1,123.8,269.4,85.8,298.7,11.4,785.1,18.8,35.0,51.2,T2,66.4,2
TX380,7.8,35.2,0.594,64.9,74.4,0.018,-3.75,106.0,433.5,123.9,40.6,171.9,363.67,494.5,17.8,577.8,60.3,D1,59.6,2
TX380,7.8,24.3,0.728,59.2,72.4,0.014,1.18,127.4,0.6,1.1,9.3,1.2,1.68,278.9,9.1,41.9,61.9,normal,90.7,0
TX380,7.8,17.9,0.541,45.4,53.7,0.001,-0.25,101.6,15.0,10.4,1.3,0.0,0.37,453.8,12.6,43.5,61.0,normal,89.3,0
TX380,7.8,38.8,1.069,86.2,110.7,1.078,-0.84,181.2,11.0,1.0,4.5,1.4,0.21,327.5,16.3,0.0,63.4,normal,86.0,0
TX381,24.1,28.1,0.733,63.2,76.6,0.024,-0.09,128.2,14.0,14.0,8.4,6.6,1.18,877.9,24.5,23.7,46.9,normal,80.2,1
TX381,24.1,26.2,0.962,69.8,90.4,0.122,1.06,161.6,26.6,17.8,3.0,1.5,0.11,853.9,21.3,36.4,48.4,normal,81.4,1
TX381,24.1,24.2,0.99,68.8,90.5,0.122,-2.24,183.4,13.5,13.6,9.3,8.1,0.03,986.3,16.3,48.9,55.9,normal,83.9,1
TX381,24.1,30.4,0.868,70.5,88.1,0.093,-0.9,150.9,1673.5,512.1,121.2,784.7,1312.79,815.0,26.6,450.5,47.5,D1,47.4,3
TX382,24.1,26.7,1.033,72.9,96.1,0.229,1.11,181.1,462.3,824.4,256.1,2312.8,99.16,1425.9,28.3,44.8,44.5,T3,48.6,3
TX382,24.1,22.2,0.98,66.5,87.8,0.09,-3.62,169.5,12.1,15.3,9.7,4.7,1.82,909.2,24.0,51.9,56.2,normal,80.6,1
TX382,24.1,32.5,0.878,73.0,90.9,0.128,-2.19,154.5,152.0,132.7,201.1,48.0,3.64,1117.2,29.1,39.6,50.7,T1,69.2,2
TX383,34.3,31.2,0.641,62.8,73.6,0.016,2.79,113.2,151.7,826.0,564.7,233.1,21.98,1404.0,30.0,36.8,42.1,T1,49.6,3
TX383,34.3,23.5,0.575,52.4,61.5,0.003,-0.99,100.9,322.0,997.1,637.1,151.4,12.77,1395.2,35.1,33.7,37.2,T1,41.2,3
TX383,34.3,34.2,1.079,82.0,106.9,0.726,4.06,181.0,311.0,486.5,71.7,1452.1,57.77,1370.7,27.4,47.4,45.9,T3,56.4,2
TX383,34.3,7.7,0.809,45.7,61.4,0.003,1.63,145.5,44.4,13.7,12.2,9.1,0.27,1144.0,29.4,42.1,42.4,normal,71.9,1
TX384,37.2,18.6,0.653,50.6,61.8,0.004,-2.2,109.9,23.7,6.7,14.8,11.7,0.68,1225.5,26.9,189.7,40.2,normal,68.4,2
TX384,37.2,42.0,0.625,72.9,83.3,0.053,0.23,114.7,1462.8,435.7,80.8,52.2,7.21,1287.7,36.7,332.0,40.2,PD,42.2,3
TX384,37.2,16.8,0.654,48.9,60.0,0.003,-1.82,113.0,20.9,14.9,17.9,9.3,0.6,1211.3,31.9,95.3,36.9,normal,65.8,2
TX385,24.0,25.3,0.722,60.0,73.0,0.015,-0.71,124.7,29.0,14.2,10.2,7.6,0.79,1038.9,17.8,36.8,51.8,normal,83.5,1
TX385,24.0,32.9,0.91,74.6,93.5,0.171,-0.42,157.6,429.9,186.6,46.5,123.2,280.84,902.2,27.2,257.9,48.5,D1,57.0,2
TX386,6.8,28.7,0.794,66.1,81.3,0.042,-0.26,135.5,15.7,1.8,2.2,2.8,0.54,225.6,15.1,10.2,60.2,normal,91.5,0
TX386,6.8,39.9,0.833,78.7,95.2,0.206,-1.46,145.1,32.0,344.4,215.1,64.6,6.38,810.4,16.8,11.0,40.7,T1,64.8,2
TX387,15.2,28.2,0.82,66.6,82.6,0.049,1.16,144.1,17.6,5.0,2.4,2.4,0.68,430.7,15.2,78.8,60.7,normal,85.4,0
TX387,15.2,14.5,0.587,43.8,53.2,0.001,3.34,101.8,19.4,7.8,4.0,5.4,0.44,540.0,13.9,52.0,56.8,normal,86.7,0
TX387,15.2,37.0,0.977,81.1,102.3,0.449,0.54,173.7,13.7,1.4,3.5,0.9,-1.0,569.6,23.8,20.0,47.3,normal,83.4,1
TX387,15.2,8.4,0.727,43.3,56.5,0.002,-1.84,127.3,20.7,15.4,4.9,3.4,1.07,672.3,23.5,44.1,61.4,normal,83.0,1
TX388,38.5,26.1,0.881,66.8,84.7,0.063,-1.23,160.2,415.2,321.5,362.9,963.3,22.11,1303.8,29.4,47.9,40.0,T2,49.7,3
TX388,38.5,28.3,0.848,67.8,84.7,0.063,1.45,151.5,390.0,1314.8,402.1,250.2,24.44,1340.1,35.9,105.3,41.9,T1,41.6,3
TX389,11.1,13.7,0.858,53.5,70.7,0.011,0.14,151.9,8.1,7.1,6.7,7.7,0.89,452.1,17.8,85.3,52.9,normal,85.2,0
TX389,11.1,3.7,0.48,28.7,35.5,0.0,2.85,82.4,19.4,2.2,7.7,1.5,0.17,503.8,21.7,58.9,59.9,normal,84.4,1
TX389,11.1,32.1,0.958,75.6,96.1,0.23,-2.33,162.2,9.8,4.8,2.5,1.1,1.23,540.8,14.2,63.3,59.2,normal,87.3,0
TX390,17.9,10.2,1.185,61.7,90.6,0.123,-1.45,219.0,16.1,12.9,10.5,6.1,2.94,586.8,18.2,13.7,49.7,normal,86.6,0
TX390,17.9,51.0,1.161,101.7,129.6,6.735,0.8,199.0,374.4,575.8,410.0,190.5,8.65,1014.3,28.2,17.2,42.1,T1,43.9,3
TX391,14.6,34.0,0.747,69.6,83.4,0.054,-3.34,128.6,19.1,8.3,5.9,4.2,1.79,629.4,20.4,17.5,60.4,normal,86.3,0
TX391,14.6,10.9,0.643,42.5,53.4,0.001,0.36,106.8,1262.7,345.5,76.7,22.8,12.85,657.5,20.3,1197.1,,PD,44.7,3
TX392,21.6,26.6,0.799,64.2,79.6,0.034,0.34,144.3,980.5,161.4,92.9,244.3,698.53,934.8,20.4,254.5,43.2,D1,52.2,2
TX392,21.6,22.9,1.046,69.6,93.2,0.166,4.16,175.3,18.7,13.7,11.2,4.1,0.2,684.1,17.6,34.6,59.7,normal,84.6,1
TX392,21.6,26.8,0.758,62.8,76.9,0.025,1.52,125.0,132.7,286.1,169.3,484.9,17.75,908.2,22.2,125.9,45.3,T2,58.6,2
TX392,21.6,23.7,0.883,64.4,82.5,0.048,-3.77,153.3,282.8,663.1,213.8,1734.9,79.61,932.1,26.5,68.6,44.0,T3,51.0,3
TX393,24.7,30.1,0.74,65.4,79.0,0.032,-1.01,131.4,665.9,295.5,72.9,533.9,1258.37,925.9,30.3,583.7,58.4,D2,54.5,2
TX393,24.7,29.5,1.079,77.3,102.2,0.443,1.59,192.4,5.4,18.6,17.4,7.3,1.32,840.1,22.6,70.1,54.4,normal,80.4,1
TX393,24.7,31.5,1.152,81.9,109.5,0.946,3.63,201.4,1902.2,450.0,43.0,42.2,7.42,985.9,35.3,1677.7,41.1,PD,38.5,3
TX393,24.7,25.0,1.209,77.4,107.1,0.745,-0.64,204.9,723.7,358.6,102.9,328.5,840.55,1019.5,29.7,1837.1,47.1,D1,46.4,3
TX394,45.1,24.6,0.65,56.5,67.5,0.008,1.59,113.4,1024.9,202.4,7.9,18.0,11.33,1424.2,32.1,180.7,40.6,PD,46.8,3
TX394,45.1,17.2,0.825,55.8,71.9,0.013,-0.2,137.9,571.9,459.8,116.9,2035.6,107.52,1609.4,,25.6,38.8,T3,42.5,3
TX394,45.1,13.7,0.742,49.1,62.8,0.004,-3.18,131.0,541.7,277.9,143.7,337.9,462.33,1331.7,30.5,633.8,30.5,D1,38.2,3
TX395,20.4,15.6,0.948,58.7,78.9,0.031,-0.24,164.2,11.0,7.6,5.8,6.8,1.19,515.5,21.3,35.4,44.1,normal,80.1,1
TX395,20.4,30.5,0.625,61.4,71.8,0.013,-1.18,107.9,10.3,9.3,1.5,3.3,2.48,615.8,18.9,183.2,49.8,normal,80.9,1
TX396,11.1,32.9,0.834,71.8,88.3,0.095,0.52,149.6,14.9,5.2,6.1,2.6,2.5,520.2,15.2,31.4,54.7,normal,88.1,0
TX396,11.1,25.1,0.817,63.4,79.3,0.033,-2.47,146.2,12.4,0.2,2.3,0.3,0.26,428.6,13.1,33.9,51.0,normal,89.1,0
TX396,11.1,25.4,0.72,59.9,72.9,0.015,2.28,126.6,0.4,4.7,2.8,3.8,1.19,538.9,20.2,29.4,54.1,normal,86.5,0
TX396,11.1,40.6,0.896,81.8,100.3,0.36,0.99,159.3,9.7,3.9,9.7,3.7,-1.0,570.6,18.6,83.6,59.7,normal,85.0,1
TX397,13.4,26.8,0.513,53.2,60.7,0.003,1.89,89.9,11.3,4.9,6.4,4.5,1.27,565.8,21.9,24.7,49.4,normal,85.1,0
TX397,13.4,19.3,0.651,51.3,62.3,0.004,-0.58,117.0,211.7,796.0,116.3,411.2,-1.0,1078.9,21.6,14.5,42.8,T2,53.7,2
TX398,22.9,25.3,0.582,54.5,63.7,0.005,2.87,98.8,21.8,14.6,6.3,7.5,0.17,919.9,29.8,77.1,46.2,normal,75.6,1
TX398,22.9,18.7,0.753,54.6,68.6,0.009,2.92,131.7,14.6,9.3,12.2,1.0,1.23,877.0,23.8,66.6,46.4,normal,78.5,1
TX399,11.3,16.0,0.788,53.2,68.2,0.008,0.73,140.3,16.2,6.9,0.4,4.4,1.32,399.6,8.3,25.1,62.9,normal,90.6,0
TX399,11.3,26.7,0.856,66.4,83.6,0.055,-4.8,146.4,11.4,3.7,2.6,2.9,0.02,552.6,19.6,25.5,58.6,normal,86.9,0
TX132,8.6,24.4,0.606,54.6,64.5,0.005,-2.94,107.7,41.6,197.8,34.0,249.2,4.07,547.7,9.2,69.1,54.0,T2,77.3,1
TX332,5.0,33.0,0.984,77.5,98.9,0.31,-2.26,173.0,10.9,6.2,8.9,1.0,0.1,331.4,10.3,117.8,49.8,normal,88.9,0
TX334,40.1,33.0,0.866,73.1,90.5,0.123,-1.54,156.9,2026.5,638.2,295.9,869.3,1346.97,1180.8,36.1,1040.5,33.2,D1,31.4,3
TX219,19.4,25.9,0.679,58.9,70.7,0.011,-3.78,119.9,318.6,646.9,627.5,184.5,25.74,1041.2,23.4,38.8,37.1,T1,47.2,3
TX200,15.6,23.6,0.648,55.4,66.4,0.007,-0.07,114.1,344.3,561.4,77.2,2546.7,24.11,1077.0,24.9,33.8,42.4,T3,52.0,2
TX330,22.5,21.3,0.337,40.1,44.0,0.0,-0.22,57.8,25.2,9.3,11.3,6.6,1.22,803.1,22.9,19.8,47.1,normal,81.6,1
TX369,23.8,21.6,1.088,69.7,94.9,0.2,1.34,197.7,21.0,4.1,13.6,2.4,1.55,888.3,24.5,25.2,60.6,normal,81.9,1
TX383,34.3,23.5,0.575,52.4,61.5,0.003,-0.99,100.9,322.0,997.1,637.1,151.4,12.77,1395.2,35.1,33.7,37.2,T1,41.2,3
TX069,8.6,13.4,0.757,49.4,63.5,0.004,0.94,131.1,14.1,1.2,4.0,5.3,0.47,391.8,18.4,97.5,56.6,normal,85.3,0
TX024,31.0,39.7,0.684,72.8,84.8,0.064,1.31,125.1,293.8,566.2,509.9,154.8,8.91,1229.7,27.0,0.0,44.9,T1,52.7,2
TX094,22.5,34.4,0.743,69.9,83.6,0.055,-2.11,135.6,100.0,256.8,229.3,818.8,14.88,955.9,28.2,34.5,45.1,T2,56.8,2
TX264,36.1,17.1,0.912,58.9,77.9,0.028,1.17,159.7,16.0,19.9,14.1,3.9,0.37,1109.8,30.3,34.7,55.2,normal,76.2,1
TX177,32.3,28.0,0.907,69.6,88.4,0.097,-0.44,156.0,241.7,300.7,89.4,1639.9,45.17,1111.6,28.9,46.1,34.5,T3,49.6,3
TX037,29.1,25.4,0.738,60.7,74.2,0.018,1.61,136.2,26.2,10.2,11.4,9.2,0.51,921.3,20.2,12.5,43.6,normal,80.1,1
TX175,23.8,14.2,0.907,55.8,74.7,0.019,1.36,170.5,27.8,18.8,11.9,0.8,0.67,1032.1,18.6,121.0,51.0,normal,81.0,1
TX340,46.2,31.9,0.76,68.0,82.2,0.047,2.67,140.7,336.6,924.0,545.1,269.6,12.5,1681.2,42.8,132.9,34.7,T1,34.5,3
TX314,7.5,40.0,0.576,68.9,78.0,0.028,-0.44,100.5,10.1,4.4,3.1,4.4,0.55,462.2,9.9,26.3,57.7,normal,91.5,0
TX307,25.0,12.6,0.488,38.0,45.0,0.0,0.61,81.8,543.1,164.7,63.0,164.6,211.55,658.5,36.5,330.6,50.0,D1,54.1,2
TX161,22.5,34.6,0.608,64.8,74.7,0.019,-5.14,102.8,13.9,12.7,3.6,4.7,2.09,824.2,26.4,45.2,57.5,normal,80.2,1
TX379,9.3,22.4,1.071,69.9,94.5,0.191,0.3,188.5,65.1,133.6,156.6,534.4,10.57,532.6,12.2,19.7,51.1,T2,69.2,2
TX384,37.2,18.6,0.653,50.6,61.8,0.004,-2.2,109.9,23.7,6.7,14.8,11.7,0.68,1225.5,26.9,189.7,40.2,normal,68.4,2
TX225,6.1,20.6,1.042,67.1,90.6,0.124,-3.78,180.6,8.4,7.9,4.8,1.1,0.36,443.5,17.1,14.2,58.6,normal,90.2,0
TX068,24.8,18.0,0.79,55.3,70.4,0.011,-0.5,139.4,13.4,8.2,4.0,9.6,2.09,914.1,30.5,375.7,49.9,normal,73.8,1
TX335,8.8,34.9,0.457,59.0,65.3,0.006,0.02,76.9,2.1,3.5,4.6,1.6,1.19,546.5,14.9,54.4,60.8,normal,87.9,0
TX266,16.6,25.4,0.857,65.2,82.4,0.048,-0.69,145.1,309.8,535.7,321.7,817.0,0.04,1077.8,26.1,18.3,46.3,T2,53.3,2
TX136,14.0,21.9,0.746,57.4,71.2,0.012,-1.88,128.6,4.9,3.2,4.2,6.7,0.19,539.6,21.6,108.4,63.5,normal,82.7,1
TX314,7.5,9.7,1.131,59.4,86.2,0.074,3.88,199.8,10.7,6.3,5.6,3.9,0.64,329.1,16.4,0.0,61.9,normal,85.8,0
TX163,21.9,31.1,0.746,66.7,80.5,0.038,0.93,132.8,19.6,2.7,3.0,6.2,1.02,831.7,18.9,32.6,59.6,normal,84.1,1
TX320,18.3,19.0,0.933,61.5,81.2,0.042,-1.37,159.6,19.8,16.6,4.9,6.3,2.76,769.2,13.2,56.8,48.9,normal,85.1,0
TX068,24.8,23.0,1.135,72.8,99.7,0.34,-3.21,194.5,306.8,773.9,361.3,270.1,11.1,1154.5,26.4,37.4,53.9,T1,53.0,2
TX051,10.3,18.2,0.898,59.5,78.0,0.028,-1.18,152.9,8.0,9.5,6.0,1.3,1.15,338.3,15.8,8.6,55.6,normal,90.8,0
TX110,13.6,41.1,0.492,66.6,73.7,0.017,0.94,88.9,14.3,8.7,6.9,2.3,1.55,432.0,16.2,28.0,53.1,normal,87.4,0
TX221,24.9,23.5,0.714,57.9,70.8,0.011,0.59,122.0,21.5,11.1,3.4,0.0,0.79,992.1,23.0,0.0,54.9,normal,79.7,1
TX250,17.0,34.3,0.69,67.8,79.9,0.035,0.24,121.5,14.0,5.7,11.8,6.6,0.11,557.0,17.0,51.4,57.2,normal,85.2,0
TX302,11.6,19.2,0.849,58.7,75.6,0.021,0.22,155.9,9.6,3.9,1.2,4.2,0.34,474.5,11.2,63.0,56.9,normal,88.4,0
